Mesh Interior_Black

0.511000 0.845900 -0.792400 0.000000 0.000000 -0.320800 0.907200 -0.272100
0.484700 0.906900 -0.498700 0.000000 0.000000 -0.877900 0.438000 -0.193800
0.527000 0.911700 -0.593800 0.000000 0.000000 -0.572700 0.786400 -0.231400
0.568900 0.844100 -0.853000 0.000000 0.000000 -0.268100 0.920800 -0.283500
0.478000 0.900500 -0.374100 0.000000 0.000000 -0.557600 -0.805800 0.199500
0.490600 0.830600 -0.591100 0.000000 0.000000 -0.928900 -0.367100 0.048600
0.494900 0.830600 -0.586400 0.000000 0.000000 -0.354100 -0.895900 0.268300
0.482500 0.899500 -0.373700 0.000000 0.000000 -0.369100 -0.899500 0.233700
0.405300 0.970700 0.353800 0.000000 0.000000 -0.566900 -0.815600 -0.116400
0.407000 0.977200 0.293800 0.000000 0.000000 -0.580300 -0.810300 -0.081600
0.410000 0.976100 0.293700 0.000000 0.000000 -0.616300 -0.783600 -0.079000
0.408200 0.969500 0.355400 0.000000 0.000000 -0.670300 -0.733400 -0.113300
0.409500 0.986200 0.139800 0.000000 0.000000 -0.578900 -0.813400 -0.057100
0.412700 0.985100 0.139800 0.000000 0.000000 -0.582100 -0.811200 -0.056100
0.412200 0.993600 0.003000 0.000000 0.000000 -0.527800 -0.847200 0.061300
0.415300 0.992500 0.003200 0.000000 0.000000 -0.589100 -0.807800 -0.020100
0.428300 0.980900 -0.068500 0.000000 0.000000 -0.448000 -0.894000 -0.013000
0.431200 0.979900 -0.068100 0.000000 0.000000 -0.633100 -0.773900 0.012000
0.454400 0.954900 -0.171200 0.000000 0.000000 -0.644800 -0.762400 0.055700
0.457400 0.953900 -0.170800 0.000000 0.000000 -0.650800 -0.755100 0.079600
0.445200 0.966600 -0.123900 0.000000 0.000000 -0.638700 -0.768800 0.033400
0.442300 0.967600 -0.124300 0.000000 0.000000 -0.624200 -0.780300 0.039300
0.249000 1.028000 0.424000 0.000000 0.000000 -0.109700 -0.980100 -0.165500
0.366400 1.006200 0.424000 0.000000 0.000000 -0.492600 -0.852900 -0.172900
0.371200 0.984600 0.503800 0.000000 0.000000 -0.453900 -0.867000 -0.205500
0.252700 1.003500 0.538200 0.000000 0.000000 -0.128100 -0.946700 -0.295600
0.368600 1.014600 0.353800 0.000000 0.000000 -0.495400 -0.861200 -0.113400
0.242200 1.037000 0.353800 0.000000 0.000000 -0.099600 -0.988700 -0.112100
0.371100 1.021100 0.293800 0.000000 0.000000 -0.502300 -0.860100 -0.089200
0.235400 1.044100 0.293800 0.000000 0.000000 -0.091200 -0.992700 -0.079500
0.374000 1.032000 0.139800 0.000000 0.000000 -0.500500 -0.864700 -0.042100
0.213900 1.052500 0.139800 0.000000 0.000000 -0.074100 -0.996600 -0.037200
0.302400 1.044700 0.003000 0.000000 0.000000 -0.209700 -0.976800 -0.043000
0.374800 1.034500 0.003000 0.000000 0.000000 -0.472000 -0.879600 0.059900
0.277200 1.047400 0.003000 0.000000 0.000000 -0.048300 -0.994700 -0.090200
0.230500 1.057200 0.003000 0.000000 0.000000 -0.114500 -0.991000 0.069800
0.389600 1.011600 0.139800 0.000000 0.000000 -0.787100 -0.615200 -0.045300
0.388100 1.019000 0.003000 0.000000 0.000000 -0.764800 -0.638200 0.088600
0.387000 1.001700 0.293800 0.000000 0.000000 -0.771600 -0.631800 -0.073800
0.385100 0.995200 0.353800 0.000000 0.000000 -0.764500 -0.637000 -0.098800
0.403300 0.962100 0.414800 0.000000 0.000000 -0.574400 -0.808900 -0.125300
0.382900 0.986600 0.424000 0.000000 0.000000 -0.763100 -0.630200 -0.143500
0.433100 0.934800 0.533200 0.000000 0.000000 -0.576200 -0.690600 0.437000
0.414900 0.936900 0.482800 0.000000 0.000000 -0.674300 -0.732300 -0.095100
0.421400 0.929900 0.490300 0.000000 0.000000 -0.743200 -0.669000 0.009300
0.436300 0.929800 0.538600 0.000000 0.000000 -0.713800 0.132900 0.687600
0.414900 0.937000 0.478300 0.000000 0.000000 -0.914000 -0.308300 0.263700
0.414400 0.937700 0.450000 0.000000 0.000000 -0.567800 -0.758200 -0.320600
0.421200 0.930600 0.457400 0.000000 0.000000 -0.452100 -0.814100 -0.364500
0.421300 0.930000 0.485700 0.000000 0.000000 -0.821200 -0.523900 0.226100
0.617700 0.682500 0.707200 0.000000 0.000000 -0.838300 0.494400 0.229800
0.618300 0.683100 0.679000 0.000000 0.000000 -0.454300 -0.567700 -0.686500
0.590900 0.674800 0.687100 0.000000 0.000000 -0.308400 0.937200 -0.163100
0.585100 0.674100 0.723200 0.000000 0.000000 -0.236000 0.971300 0.029100
0.632500 0.682300 0.760100 0.000000 0.000000 -0.357900 0.738200 0.571800
0.617500 0.682400 0.711800 0.000000 0.000000 -0.893900 0.448300 0.000800
0.584200 0.674000 0.728900 0.000000 0.000000 -0.262500 0.964100 0.038900
0.620300 0.673900 0.775600 0.000000 0.000000 -0.186800 0.904500 0.383200
0.523500 0.819100 0.603200 0.000000 0.000000 -0.826400 -0.552800 0.107000
0.527500 0.819800 0.574900 0.000000 0.000000 -0.441800 -0.781500 -0.440600
0.537800 0.818900 0.656100 0.000000 0.000000 -0.707300 0.113300 0.697800
0.522800 0.819000 0.607800 0.000000 0.000000 -0.756100 -0.652500 -0.050100
0.393700 0.936700 0.621300 0.000000 0.000000 0.362500 -0.900900 0.238800
0.232700 0.968300 0.627300 0.000000 0.000000 -0.110800 -0.919700 -0.376600
0.399400 0.953800 0.503800 0.000000 0.000000 -0.733500 -0.676100 0.070400
0.425500 0.936800 0.553500 0.000000 0.000000 0.038800 -0.997300 0.062700
0.411200 0.936700 0.586900 0.000000 0.000000 0.026900 -0.998100 0.055000
0.385300 0.971800 0.503800 0.000000 0.000000 -0.695100 -0.718500 -0.023200
0.330900 0.936900 0.660900 0.000000 0.000000 0.093400 -0.970100 0.223900
0.226900 0.936800 0.704100 0.000000 0.000000 0.065300 -0.961000 0.268800
0.120700 0.973500 0.631500 0.000000 0.000000 0.007600 -0.934600 -0.355700
0.115200 0.936700 0.719200 0.000000 0.000000 0.035200 -0.963100 0.266800
0.125700 1.007600 0.538200 0.000000 0.000000 0.046600 -0.959700 -0.277100
0.122700 1.031700 0.424000 0.000000 0.000000 0.057300 -0.984400 -0.166200
0.118800 1.040300 0.353800 0.000000 0.000000 0.062900 -0.990800 -0.119500
0.115300 1.047100 0.293800 0.000000 0.000000 0.067900 -0.994000 -0.085200
0.105400 1.055200 0.139800 0.000000 0.000000 0.077800 -0.996000 -0.043400
0.093700 1.058800 0.003000 0.000000 0.000000 0.114500 -0.989900 0.084200
0.057600 0.968900 0.633900 0.000000 0.000000 -0.042000 -0.941200 -0.335100
0.000000 0.936600 0.726300 0.000000 0.000000 -0.008100 -0.959200 0.282600
0.000000 0.977300 0.636100 0.000000 0.000000 -0.135200 -0.930800 -0.339600
0.056300 0.997900 0.538200 0.000000 0.000000 0.018800 -0.968600 -0.247800
0.055000 1.021700 0.424000 0.000000 0.000000 0.079400 -0.984600 -0.156000
0.053700 1.030100 0.353800 0.000000 0.000000 0.094200 -0.988800 -0.115700
0.052600 1.036700 0.293800 0.000000 0.000000 0.100700 -0.991400 -0.083600
0.049800 1.044800 0.139800 0.000000 0.000000 0.067000 -0.996500 -0.049400
0.046900 1.048100 0.003000 0.000000 0.000000 0.062800 -0.997100 0.043600
0.000000 1.001900 0.538200 0.000000 0.000000 -0.055500 -0.974700 -0.216700
0.000000 1.020200 0.424000 0.000000 0.000000 0.028300 -0.990100 -0.137800
0.000000 1.028300 0.353800 0.000000 0.000000 0.033900 -0.993200 -0.111700
0.000000 1.034800 0.293800 0.000000 0.000000 0.025800 -0.996200 -0.083800
0.000000 1.048100 0.139800 0.000000 0.000000 -0.064900 -0.996400 -0.053800
0.000000 1.050700 0.003000 0.000000 0.000000 -0.055300 -0.998100 0.028800
0.422200 0.999000 -0.129900 0.000000 0.000000 -0.791700 -0.535400 -0.294200
0.448500 0.974200 -0.209100 0.000000 0.000000 -0.959800 -0.234000 -0.155200
0.473500 0.905200 -0.381400 0.000000 0.000000 -0.937100 -0.348300 0.021100
0.449700 0.977000 -0.214500 0.000000 0.000000 -0.973200 -0.044000 -0.225800
0.408100 0.992400 -0.023500 0.000000 0.000000 0.122500 -0.831800 0.541500
0.390400 1.009300 -0.019000 0.000000 0.000000 -0.718300 -0.093700 0.689400
0.387200 1.008900 -0.052100 0.000000 0.000000 -0.877300 -0.091400 -0.471200
0.408600 0.991500 -0.057300 0.000000 0.000000 0.080700 -0.792900 -0.604000
0.341400 1.023200 -0.100100 0.000000 0.000000 -0.330200 -0.740500 -0.585400
0.295300 1.029900 -0.094000 0.000000 0.000000 -0.600400 -0.612100 -0.514600
0.120000 1.043500 -0.087500 0.000000 0.000000 0.015000 -0.752300 -0.658600
0.238000 1.038200 -0.086500 0.000000 0.000000 -0.128300 -0.768500 -0.626800
0.000000 1.043700 -0.087900 0.000000 0.000000 -0.010700 -0.726000 -0.687600
0.378400 1.017300 -0.081300 0.000000 0.000000 -0.415200 -0.907400 0.065000
0.341400 1.054900 -0.100100 0.000000 0.000000 -0.263400 -0.000300 -0.964700
0.341400 1.027600 -0.100100 0.000000 0.000000 -0.268200 -0.012600 -0.963300
0.295300 1.034400 -0.094000 0.000000 0.000000 -0.668500 0.000000 -0.743700
0.295300 1.052300 -0.094000 0.000000 0.000000 -0.434400 -0.215300 -0.874600
0.120000 1.048000 -0.087500 0.000000 0.000000 0.005900 0.000000 -1.000000
0.120000 1.075200 -0.087500 0.000000 0.000000 0.005900 0.000000 -1.000000
0.238000 1.069900 -0.086500 0.000000 0.000000 -0.056500 -0.000300 -0.998400
0.238000 1.042700 -0.086500 0.000000 0.000000 -0.060600 0.000000 -0.998200
0.000000 1.048200 -0.087900 0.000000 0.000000 0.003300 0.000000 -1.000000
0.000000 1.075400 -0.087900 0.000000 0.000000 0.003300 0.000000 -1.000000
0.421300 1.003500 -0.130700 0.000000 0.000000 -0.739800 -0.253800 -0.623100
0.415900 1.031400 -0.135700 0.000000 0.000000 -0.693500 -0.225100 -0.684400
0.456800 0.994000 -0.248000 0.000000 0.000000 -0.979100 0.069000 -0.191400
0.493200 0.846400 -0.750400 0.000000 0.000000 -0.580200 0.786500 -0.211400
0.490800 0.831800 -0.602800 0.000000 0.000000 -0.989400 -0.141800 -0.030300
0.265600 1.034200 -0.090100 0.000000 0.000000 0.388700 -0.684700 -0.616500
0.265600 1.038700 -0.090100 0.000000 0.000000 0.493500 0.000000 -0.869800
0.265600 1.056600 -0.090100 0.000000 0.000000 0.126400 -0.234600 -0.963800
0.434200 0.937700 0.447200 0.000000 0.000000 0.312900 -0.801900 -0.509000
0.441000 0.930600 0.454700 0.000000 0.000000 0.445300 -0.413600 -0.794100
0.638100 0.683100 0.676200 0.000000 0.000000 0.455900 -0.433000 -0.777600
0.636200 0.674800 0.684400 0.000000 0.000000 0.226400 -0.698700 -0.678700
0.547300 0.819800 0.572200 0.000000 0.000000 0.451700 -0.346900 -0.821900
0.566000 0.839600 -0.490200 0.000000 0.000000 0.428000 -0.834000 0.348200
0.545300 0.887900 -0.366500 0.000000 0.000000 0.961900 -0.116400 0.247300
0.544100 0.880500 -0.365300 0.000000 0.000000 0.524900 -0.765300 0.372500
0.553700 0.830600 -0.497600 0.000000 0.000000 -0.158000 -0.935500 0.316000
0.441800 0.953000 0.387800 0.000000 0.000000 0.968400 -0.245900 0.041800
0.438900 0.941900 0.453300 0.000000 0.000000 0.840900 -0.228400 -0.490700
0.440100 0.945600 0.387100 0.000000 0.000000 0.412200 -0.908000 -0.075800
0.445400 0.955800 0.292500 0.000000 0.000000 0.420400 -0.905900 -0.050300
0.447000 0.963200 0.293000 0.000000 0.000000 0.976700 -0.212900 0.026200
0.450800 0.964800 0.138800 0.000000 0.000000 0.432000 -0.900800 -0.042900
0.452400 0.972300 0.139100 0.000000 0.000000 0.977900 -0.209000 0.009500
0.452100 0.972600 0.005500 0.000000 0.000000 0.400100 -0.911800 0.092000
0.453700 0.980000 0.005400 0.000000 0.000000 0.972000 -0.208700 0.107600
0.466700 0.967800 -0.062200 0.000000 0.000000 0.950400 -0.185800 0.249400
0.465100 0.960400 -0.061600 0.000000 0.000000 0.375400 -0.886200 0.271600
0.492700 0.942300 -0.163600 0.000000 0.000000 0.946000 -0.149300 0.287900
0.480600 0.954900 -0.117000 0.000000 0.000000 0.941700 -0.176700 0.286300
0.479000 0.947500 -0.116300 0.000000 0.000000 0.377100 -0.869800 0.318200
0.491300 0.934900 -0.162800 0.000000 0.000000 0.391900 -0.848500 0.355700
0.445700 0.930600 0.460800 0.000000 0.000000 0.785700 0.103400 -0.609900
0.552000 0.819800 0.578300 0.000000 0.000000 0.790100 0.072100 -0.608700
0.642800 0.683100 0.682300 0.000000 0.000000 0.738400 -0.362000 -0.568900
0.643100 0.674800 0.690500 0.000000 0.000000 0.565700 -0.611800 -0.552900
0.406000 0.960900 0.416400 0.000000 0.000000 -0.735700 -0.668600 -0.108500
0.401700 0.958600 0.452100 0.000000 0.000000 -0.649000 -0.747300 -0.142600
0.403900 0.957300 0.451300 0.000000 0.000000 -0.852800 -0.519100 -0.056500
0.231000 0.943900 0.709200 0.000000 0.000000 0.265000 0.263500 0.927500
0.117000 0.943800 0.724700 0.000000 0.000000 0.094800 0.311000 0.945700
0.337600 0.943700 0.664800 0.000000 0.000000 0.471000 0.210300 0.856700
0.394800 0.942800 0.624500 0.000000 0.000000 0.700900 0.239400 0.671800
0.442900 0.937800 0.532900 0.000000 0.000000 0.666600 0.645300 0.373200
0.433000 0.941200 0.550700 0.000000 0.000000 0.915400 -0.088600 0.392700
0.000000 0.943700 0.731900 0.000000 0.000000 0.057700 0.334700 0.940600
0.421100 0.942000 0.584600 0.000000 0.000000 0.892400 -0.084800 0.443300
0.641900 0.681500 0.763500 0.000000 0.000000 0.532100 0.778900 0.331900
0.648900 0.673100 0.771700 0.000000 0.000000 0.605400 0.753800 0.255400
0.546500 0.819100 0.658700 0.000000 0.000000 0.380600 0.745100 0.547700
0.449100 0.930700 0.540400 0.000000 0.000000 0.413100 0.807000 0.422100
0.229500 0.946100 0.702200 0.000000 0.000000 0.077800 0.955400 0.284800
0.116400 0.945700 0.717400 0.000000 0.000000 0.023900 0.967700 0.250900
0.335000 0.946300 0.658500 0.000000 0.000000 0.183000 0.931300 0.315100
0.391300 0.946200 0.620500 0.000000 0.000000 0.397600 0.837100 0.375700
0.429900 0.945700 0.548000 0.000000 0.000000 0.709200 0.658900 0.250600
0.441900 0.939500 0.527500 0.000000 0.000000 0.757700 0.649400 0.064100
-0.000400 0.945600 0.724500 0.000000 0.000000 0.014400 0.968600 0.248000
0.417400 0.946300 0.582500 0.000000 0.000000 0.640400 0.700300 0.315500
0.648100 0.667900 0.757400 0.000000 0.000000 0.874100 0.463600 -0.145100
0.642500 0.677600 0.748300 0.000000 0.000000 0.867500 0.489400 -0.089300
0.548200 0.815700 0.643200 0.000000 0.000000 0.801800 0.595900 -0.043800
0.450600 0.926500 0.525300 0.000000 0.000000 0.800400 0.595200 -0.071600
0.266900 1.056800 -0.087100 0.000000 0.000000 0.527300 -0.831800 -0.173000
0.266900 1.040800 -0.087100 0.000000 0.000000 0.917600 0.000000 -0.397600
0.266900 1.036700 -0.087100 0.000000 0.000000 0.948300 -0.226200 -0.222500
0.277700 1.049000 -0.000300 0.000000 0.000000 0.627800 -0.733800 -0.259500
0.294500 1.036800 -0.090700 0.000000 0.000000 -0.971800 0.000000 -0.235600
0.294500 1.052700 -0.090700 0.000000 0.000000 -0.653600 -0.754000 -0.065600
0.294500 1.032700 -0.090700 0.000000 0.000000 -0.973200 -0.225400 -0.044800
0.301100 1.046400 -0.000300 0.000000 0.000000 -0.642600 -0.754200 -0.135400
0.387000 1.013700 -0.010000 0.000000 0.000000 -0.862800 -0.503400 0.045700
0.413000 0.988700 -0.016500 0.000000 0.000000 -0.315500 -0.946800 0.062900
0.382200 1.013100 -0.058700 0.000000 0.000000 -0.750600 -0.636100 0.178500
0.413700 0.987500 -0.066400 0.000000 0.000000 -0.567700 -0.810700 -0.143100
0.394200 1.014600 -0.019300 0.000000 0.000000 -0.608300 -0.786700 0.105000
0.411800 0.997700 -0.023700 0.000000 0.000000 -0.609600 -0.773300 0.174300
0.390900 1.014200 -0.052400 0.000000 0.000000 -0.620500 -0.784000 -0.017600
0.412300 0.996800 -0.057600 0.000000 0.000000 -0.650700 -0.758500 -0.034300
0.392400 0.967400 0.454000 0.000000 0.000000 -0.373300 -0.841700 -0.390100
0.391800 0.965400 0.484500 0.000000 0.000000 -0.385300 -0.888600 0.248700
0.375100 0.983300 0.485400 0.000000 0.000000 -0.874800 -0.382200 0.297600
0.373800 0.987400 0.456000 0.000000 0.000000 -0.882300 -0.322700 -0.342700
0.395000 0.965400 0.449900 0.000000 0.000000 -0.878200 -0.444600 0.176200
0.394300 0.962900 0.488400 0.000000 0.000000 -0.896100 -0.308500 -0.319000
0.373400 0.985400 0.489500 0.000000 0.000000 -0.412700 -0.770700 -0.485400
0.371700 0.990500 0.452500 0.000000 0.000000 -0.632400 -0.735300 0.243700
0.397000 0.965900 0.488600 0.000000 0.000000 -0.855500 -0.174100 -0.487700
0.397700 0.968500 0.450200 0.000000 0.000000 -0.861600 -0.248700 0.442500
0.376000 0.988400 0.489700 0.000000 0.000000 -0.194100 -0.831000 -0.521400
0.374300 0.993600 0.452800 0.000000 0.000000 -0.146500 -0.923300 0.355000
0.484200 0.898600 -0.373300 0.000000 0.000000 -0.414800 -0.882700 0.221100
0.496500 0.830600 -0.582300 0.000000 0.000000 -0.533900 -0.813000 0.232500
0.457900 0.953000 -0.170400 0.000000 0.000000 -0.702800 -0.709400 0.052500
0.445700 0.965700 -0.123600 0.000000 0.000000 -0.703500 -0.710700 -0.000000
0.431700 0.979000 -0.067800 0.000000 0.000000 -0.702500 -0.711500 -0.016000
0.415900 0.991600 0.003300 0.000000 0.000000 -0.683300 -0.729100 -0.039400
0.413400 0.984200 0.139700 0.000000 0.000000 -0.642100 -0.764600 -0.056300
0.410600 0.975200 0.293700 0.000000 0.000000 -0.679200 -0.729800 -0.077600
0.408600 0.968300 0.356900 0.000000 0.000000 -0.737500 -0.666100 -0.110900
0.406200 0.959800 0.417800 0.000000 0.000000 -0.789800 -0.592600 -0.158100
0.618700 0.682500 0.709400 0.000000 0.000000 -0.960500 0.261200 -0.096200
0.585800 0.674100 0.725900 0.000000 0.000000 -0.278300 0.958300 -0.065000
0.524300 0.819100 0.605400 0.000000 0.000000 -0.767800 -0.639600 -0.036800
0.422500 0.929900 0.487900 0.000000 0.000000 -0.785400 -0.610000 0.105300
0.416000 0.937000 0.480400 0.000000 0.000000 -0.804000 -0.590800 0.067400
0.403700 0.956100 0.450700 0.000000 0.000000 -0.984700 -0.165200 0.056300
0.634400 0.692400 0.778900 0.000000 0.000000 0.572600 0.819800 0.000600
0.647000 0.685400 0.816200 0.000000 0.000000 0.363600 0.930100 0.051700
0.669300 0.673200 0.716400 0.000000 0.000000 0.663200 0.734400 0.144700
0.656200 0.692400 0.689400 0.000000 0.000000 0.688500 0.705600 0.167700
0.607100 0.692400 0.888100 0.000000 0.000000 0.379800 0.916500 0.125600
0.619000 0.687900 0.925400 0.000000 0.000000 0.233500 0.971300 0.045600
0.478500 0.693000 1.159100 0.000000 0.000000 -0.015100 0.999800 -0.013900
0.571100 0.693900 1.046800 0.000000 0.000000 -0.030700 0.999300 -0.022800
0.560100 0.692400 1.009500 0.000000 0.000000 0.123800 0.987800 0.094600
0.469500 0.692400 1.121800 0.000000 0.000000 0.076900 0.991700 0.102600
0.351700 0.692400 1.194800 0.000000 0.000000 0.042400 0.993000 0.110000
0.358000 0.692500 1.232100 0.000000 0.000000 -0.001900 1.000000 -0.002800
0.198600 0.692200 1.271800 0.000000 0.000000 -0.000000 1.000000 0.005500
0.195700 0.692400 1.234500 0.000000 0.000000 0.018800 0.992600 0.119700
0.000000 0.692400 1.251300 0.000000 0.000000 0.000000 0.992700 0.121000
0.000000 0.692100 1.288600 0.000000 0.000000 0.000000 1.000000 0.008000
0.195700 0.717700 1.134500 0.000000 0.000000 -0.078800 0.876300 -0.475300
0.000000 0.717700 1.151300 0.000000 0.000000 0.000000 0.875600 -0.483100
0.351700 0.717700 1.094800 0.000000 0.000000 -0.162900 0.897900 -0.409000
0.469500 0.717700 1.021800 0.000000 0.000000 -0.232700 0.925700 -0.298300
0.560100 0.717700 0.909500 0.000000 0.000000 -0.170200 0.974100 -0.148800
0.607100 0.717700 0.788100 0.000000 0.000000 -0.051700 0.983300 -0.174500
0.617500 0.692400 0.721800 0.000000 0.000000 -0.415200 0.826300 -0.380500
0.424500 0.611000 0.650700 0.000000 0.000000 0.000000 0.058100 -0.998300
0.424500 0.587400 0.650700 0.000000 0.000000 0.000000 -0.490500 -0.871400
0.407700 0.587400 0.650700 0.000000 0.000000 0.000000 -0.490500 -0.871400
0.407700 0.611000 0.650700 0.000000 0.000000 0.000000 0.058100 -0.998300
0.390000 0.611000 0.650700 0.000000 0.000000 -0.552400 -0.174100 -0.815200
0.398900 0.587400 0.650700 0.000000 0.000000 -0.436300 -0.455500 -0.776000
0.427100 0.587400 0.650700 0.000000 0.000000 0.000000 -0.490500 -0.871400
0.427100 0.611000 0.650700 0.000000 0.000000 0.000000 0.058100 -0.998300
0.439800 0.611000 0.650700 0.000000 0.000000 0.000000 0.058100 -0.998300
0.439800 0.587400 0.650700 0.000000 0.000000 -0.013600 -0.480400 -0.876900
0.446400 0.555900 0.702600 0.000000 0.000000 0.000000 -0.963000 -0.269400
0.417300 0.555900 0.702600 0.000000 0.000000 0.000000 -0.963000 -0.269400
0.491600 0.548900 0.702600 0.000000 0.000000 -0.168400 -0.950700 -0.260500
0.449600 0.555900 0.702600 0.000000 0.000000 -0.084500 -0.960300 -0.265700
0.260600 0.560700 0.694600 0.000000 0.000000 0.684200 -0.372800 -0.626800
0.265200 0.555900 0.702600 0.000000 0.000000 0.701100 -0.580800 -0.413600
0.258300 0.555900 0.702600 0.000000 0.000000 0.014200 -0.963200 -0.268300
0.257200 0.721000 1.016100 0.000000 0.000000 0.000000 1.000000 -0.000000
0.186100 0.721000 0.887700 0.000000 0.000000 0.000000 1.000000 -0.000000
0.184200 0.721000 0.887600 0.000000 0.000000 0.000000 1.000000 -0.000000
0.146900 0.721000 0.887300 0.000000 0.000000 0.000000 1.000000 -0.000000
0.195700 0.721000 1.121400 0.000000 0.000000 0.133800 0.594500 0.792900
0.140400 0.721000 1.126200 0.000000 0.000000 0.000000 -1.000000 -0.000000
0.267000 0.721000 1.000700 0.000000 0.000000 0.273300 0.840800 -0.467200
0.375700 0.721000 1.017300 0.000000 0.000000 0.000000 1.000000 -0.000000
0.374400 0.721000 1.000400 0.000000 0.000000 -0.275000 0.840000 -0.467800
0.351700 0.721000 1.081700 0.000000 0.000000 0.321200 0.574400 0.753000
0.469500 0.721000 1.008700 0.000000 0.000000 0.548900 0.554900 0.625200
0.459400 0.721000 0.881500 0.000000 0.000000 0.000000 1.000000 -0.000000
0.491600 0.548900 0.710300 0.000000 0.000000 -0.174600 -0.984600 -0.000000
0.449600 0.555900 0.710300 0.000000 0.000000 -0.082500 -0.996600 -0.000000
0.446400 0.555900 0.710300 0.000000 0.000000 0.000000 -1.000000 -0.000000
0.417300 0.555900 0.710300 0.000000 0.000000 0.000000 -1.000000 -0.000000
0.267900 0.555900 0.710300 0.000000 0.000000 0.784100 0.343900 -0.516700
0.258300 0.555900 0.710300 0.000000 0.000000 0.015500 -0.999900 -0.000000
0.519800 0.543600 0.702600 0.000000 0.000000 -0.155800 -0.964500 -0.213000
0.449400 0.587400 0.650700 0.000000 0.000000 -0.069100 -0.468500 -0.880800
0.528500 0.587400 0.637500 0.000000 0.000000 -0.247200 -0.429400 -0.868600
0.539800 0.543600 0.681500 0.000000 0.000000 -0.299400 -0.911100 -0.283400
0.543100 0.543600 0.720300 0.000000 0.000000 0.000000 -1.000000 -0.000000
0.519800 0.543600 0.710300 0.000000 0.000000 -0.067500 -0.997700 -0.000000
0.449400 0.611000 0.650700 0.000000 0.000000 -0.091400 0.056900 -0.994200
0.533900 0.630000 0.635500 0.000000 0.000000 -0.128500 0.089300 -0.987700
0.544200 0.543600 0.768200 0.000000 0.000000 0.000000 -1.000000 -0.000000
0.380200 0.634100 0.653400 0.000000 0.000000 -0.560400 0.439200 -0.702200
0.407700 0.634100 0.653400 0.000000 0.000000 0.000000 0.668200 -0.743900
0.424500 0.634100 0.653400 0.000000 0.000000 0.000000 0.668200 -0.743900
0.427100 0.634100 0.653400 0.000000 0.000000 0.010400 0.672400 -0.740100
0.439800 0.634100 0.653400 0.000000 0.000000 0.003100 0.748200 -0.663500
0.449400 0.634100 0.653400 0.000000 0.000000 -0.102300 0.765900 -0.634800
0.535800 0.643500 0.638400 0.000000 0.000000 -0.278300 0.768200 -0.576600
0.194300 0.721000 0.870600 0.000000 0.000000 0.401400 0.609000 -0.684100
0.093300 0.304100 0.509300 0.000000 0.000000 0.743200 -0.241100 0.624100
0.093300 0.185500 0.509300 0.000000 0.000000 0.577400 0.577400 0.577400
0.093300 0.185500 0.500100 0.000000 0.000000 0.997900 0.000000 -0.064900
0.093300 0.304100 0.500100 0.000000 0.000000 0.996400 -0.059900 -0.059300
0.083600 0.266300 0.425800 0.000000 0.000000 0.997600 -0.034600 -0.060500
0.083600 0.185500 0.425800 0.000000 0.000000 0.998100 0.000000 -0.061500
0.078000 0.326100 0.216500 0.000000 0.000000 0.947500 0.297900 -0.116300
0.086500 0.349800 0.332400 0.000000 0.000000 0.993000 -0.019500 -0.116200
0.086400 0.347400 0.335000 0.000000 0.000000 0.996600 -0.068800 -0.044800
0.078200 0.324200 0.216400 0.000000 0.000000 0.992200 0.107900 -0.061800
0.000000 0.705500 1.134300 0.000000 0.000000 -0.000000 0.528300 0.849100
0.000000 0.702200 1.147400 0.000000 0.000000 0.000000 0.841400 -0.540400
0.195200 0.702200 1.130600 0.000000 0.000000 -0.091400 0.845100 -0.526700
0.195200 0.705600 1.117500 0.000000 0.000000 0.144100 0.523400 0.839800
0.350400 0.702300 1.090900 0.000000 0.000000 -0.221600 0.836300 -0.501500
0.350400 0.705600 1.077800 0.000000 0.000000 0.342900 0.529000 0.776300
0.466700 0.702600 1.018000 0.000000 0.000000 -0.356200 0.855500 -0.376000
0.466700 0.705900 1.004900 0.000000 0.000000 0.598700 0.476400 0.643900
0.554700 0.706800 0.892900 0.000000 0.000000 0.847800 0.303600 0.434800
0.554700 0.703500 0.906000 0.000000 0.000000 -0.374500 0.909400 -0.181100
0.599900 0.704300 0.784700 0.000000 0.000000 -0.186100 0.976800 -0.106400
0.599900 0.707600 0.771600 0.000000 0.000000 0.964600 -0.091700 0.247300
0.612700 0.688200 0.726300 0.000000 0.000000 -0.164200 0.938800 -0.302800
0.000000 0.721000 1.138300 0.000000 0.000000 0.000000 0.592200 0.805800
0.560100 0.721000 0.896500 0.000000 0.000000 0.747800 0.508000 0.427500
0.607100 0.721000 0.775000 0.000000 0.000000 0.823200 0.533600 0.194000
0.556100 0.721000 0.793400 0.000000 0.000000 -0.031400 0.997100 -0.069500
0.516900 0.721000 0.880700 0.000000 0.000000 0.000000 1.000000 -0.000000
0.554300 0.705400 0.680000 0.000000 0.000000 -0.116400 0.932400 -0.342200
0.554600 0.709000 0.705100 0.000000 0.000000 -0.066500 0.988600 -0.135400
0.604800 0.711400 0.702000 0.000000 0.000000 0.228100 0.961100 -0.155600
0.603400 0.706700 0.679200 0.000000 0.000000 0.180800 0.848600 -0.497200
0.615400 0.695800 0.711400 0.000000 0.000000 0.956200 0.292700 0.008800
0.609700 0.693500 0.724400 0.000000 0.000000 0.967000 -0.111100 0.229300
0.000000 0.748900 0.720200 0.000000 0.000000 0.000000 1.000000 -0.000000
0.000000 0.748900 0.796000 0.000000 0.000000 -0.005200 0.993400 0.114400
0.026400 0.748900 0.797800 0.000000 0.000000 0.400600 0.904800 0.144500
0.026400 0.748900 0.720200 0.000000 0.000000 0.402000 0.915600 -0.000000
0.220200 0.611000 0.650700 0.000000 0.000000 0.441800 0.089700 -0.892600
0.183200 0.611000 0.599600 0.000000 0.000000 0.743400 0.302500 -0.596500
0.176800 0.634100 0.609000 0.000000 0.000000 0.487300 0.758100 -0.433400
0.220200 0.634100 0.653400 0.000000 0.000000 0.282400 0.731400 -0.620700
0.026400 0.748900 0.635800 0.000000 0.000000 0.412800 0.909600 -0.047000
0.000000 0.748900 0.635800 0.000000 0.000000 0.000000 0.999200 -0.040100
0.000000 0.614800 0.454200 0.000000 0.000000 0.395700 0.565200 -0.723800
0.000000 0.641200 0.476600 0.000000 0.000000 0.388200 0.590400 -0.707600
0.062500 0.641200 0.510800 0.000000 0.000000 0.410400 0.806200 -0.426300
0.062500 0.614800 0.488400 0.000000 0.000000 0.419300 0.546100 -0.725200
0.021900 0.721000 0.554700 0.000000 0.000000 0.567000 0.573400 -0.591400
0.021600 0.696400 0.534400 0.000000 0.000000 0.558200 0.536300 -0.633000
0.012800 0.696400 0.529200 0.000000 0.000000 0.410200 0.579100 -0.704600
0.000000 0.721000 0.542000 0.000000 0.000000 0.381000 0.630600 -0.676200
0.000000 0.711000 0.533800 0.000000 0.000000 0.398600 0.581900 -0.708900
0.000800 0.568800 0.429000 0.000000 0.000000 0.411300 0.597300 -0.688600
0.039700 0.567500 0.451100 0.000000 0.000000 0.412000 0.597100 -0.688300
0.049200 0.534900 0.428600 0.000000 0.000000 0.250800 0.878500 -0.406600
0.010300 0.536200 0.406500 0.000000 0.000000 0.282500 0.844200 -0.455500
0.109800 0.613500 0.515800 0.000000 0.000000 0.419500 0.648600 -0.635000
0.109800 0.636200 0.546000 0.000000 0.000000 0.328200 0.890100 -0.316100
0.077400 0.566200 0.472600 0.000000 0.000000 0.407700 0.597900 -0.690100
0.086900 0.533700 0.450000 0.000000 0.000000 0.228500 0.896000 -0.380800
0.574000 0.702100 0.660600 0.000000 0.000000 0.170400 0.643000 -0.746700
0.616300 0.700500 0.680200 0.000000 0.000000 0.421100 0.027800 -0.906600
0.030200 0.600000 0.473700 0.000000 0.000000 0.489700 0.199900 -0.848700
-0.008700 0.601300 0.451600 0.000000 0.000000 0.486400 0.221300 -0.845200
0.000000 0.721000 0.913800 0.000000 0.000000 0.023800 0.995700 0.089100
0.000000 0.734500 0.556300 0.000000 0.000000 0.358600 0.673500 -0.646400
0.025100 0.734300 0.569800 0.000000 0.000000 0.692600 0.467300 -0.549500
0.564900 0.543600 0.653100 0.000000 0.000000 0.321000 -0.712200 -0.624300
0.547400 0.587400 0.631100 0.000000 0.000000 0.216400 -0.192600 -0.957100
0.547400 0.659100 0.631100 0.000000 0.000000 -0.217200 0.321300 -0.921700
0.548100 0.661000 0.633900 0.000000 0.000000 -0.915200 0.177200 -0.362000
0.548800 0.662800 0.632200 0.000000 0.000000 -0.014800 0.057300 -0.998200
0.551700 0.670300 0.634500 0.000000 0.000000 0.234200 0.364000 -0.901400
0.573100 0.543600 0.674900 0.000000 0.000000 0.677400 -0.705600 -0.208100
0.607500 0.649000 0.686800 0.000000 0.000000 0.337800 -0.236400 -0.911000
0.581000 0.543600 0.706800 0.000000 0.000000 0.471400 -0.857800 -0.205000
0.548500 0.543600 0.757700 0.000000 0.000000 0.000000 -1.000000 -0.000000
0.547100 0.543600 0.714400 0.000000 0.000000 0.000000 -1.000000 -0.000000
0.543200 0.543600 0.677900 0.000000 0.000000 -0.301800 -0.909300 -0.286600
0.535400 0.587400 0.635200 0.000000 0.000000 -0.336000 -0.333400 -0.880900
0.543900 0.645100 0.635800 0.000000 0.000000 -0.864600 0.353800 -0.356700
0.546100 0.670300 0.638700 0.000000 0.000000 -0.825300 0.409900 -0.388500
0.548700 0.705100 0.680200 0.000000 0.000000 -0.662500 0.691300 -0.288500
0.502700 0.721000 0.880900 0.000000 0.000000 0.000000 1.000000 -0.000000
0.472700 0.721000 0.881300 0.000000 0.000000 0.000000 1.000000 -0.000000
0.462300 0.721000 0.881400 0.000000 0.000000 0.000000 1.000000 -0.000000
0.043500 0.730300 0.720500 0.000000 0.000000 0.485100 0.874500 0.000100
0.043500 0.730300 0.653200 0.000000 0.000000 0.481800 0.876200 -0.006700
0.147500 0.721000 0.870500 0.000000 0.000000 0.001800 0.706500 -0.707700
0.141300 0.721000 0.870500 0.000000 0.000000 0.264800 0.831700 -0.488000
0.105600 0.721000 0.887000 0.000000 0.000000 0.018500 0.999700 0.015200
0.194300 0.719800 0.870600 0.000000 0.000000 0.506100 0.000000 -0.862500
0.267000 0.719800 1.000700 0.000000 0.000000 0.504900 0.000000 -0.863200
0.374400 0.719800 1.000400 0.000000 0.000000 -0.506800 0.000000 -0.862100
0.447400 0.719800 0.870100 0.000000 0.000000 -0.505600 0.000000 -0.862800
0.447400 0.721000 0.870100 0.000000 0.000000 -0.401000 0.609100 -0.684300
0.449300 0.719800 0.870100 0.000000 0.000000 0.003300 0.000000 -1.000000
0.449300 0.721000 0.870100 0.000000 0.000000 0.002300 0.706400 -0.707800
0.548700 0.707300 0.706400 0.000000 0.000000 -0.999800 0.021600 0.001500
0.548700 0.708600 0.705700 0.000000 0.000000 -0.735100 0.671900 -0.090700
0.548700 0.703900 0.681900 0.000000 0.000000 -0.999500 0.031900 0.007700
0.549000 0.719800 0.797000 0.000000 0.000000 -0.958600 0.000000 -0.284900
0.500800 0.719800 0.870400 0.000000 0.000000 -0.474900 0.000000 -0.880000
0.500800 0.721000 0.870400 0.000000 0.000000 -0.264100 0.831100 -0.489400
0.549000 0.721000 0.797000 0.000000 0.000000 -0.591400 0.778400 -0.210500
0.192100 0.719800 0.870600 0.000000 0.000000 0.000000 0.000000 -1.000000
0.192100 0.721000 0.870600 0.000000 0.000000 0.000000 0.707100 -0.707100
0.093400 0.719800 0.673100 0.000000 0.000000 0.830100 -0.512500 -0.219700
0.093400 0.721000 0.670900 0.000000 0.000000 0.857200 0.392000 -0.333900
0.093400 0.721000 0.684800 0.000000 0.000000 0.769100 0.639200 0.000800
0.093400 0.719800 0.686500 0.000000 0.000000 1.000000 0.003500 0.002600
0.093800 0.697700 0.642300 0.000000 0.000000 0.999700 0.021800 0.011000
0.093800 0.702000 0.634000 0.000000 0.000000 0.875700 0.373500 -0.306100
0.093300 0.716200 0.648300 0.000000 0.000000 0.796000 0.547400 -0.258400
0.093300 0.714800 0.650700 0.000000 0.000000 1.000000 0.008500 0.004900
0.093400 0.719800 0.670500 0.000000 0.000000 0.703200 0.668300 0.242900
0.093400 0.721000 0.668300 0.000000 0.000000 0.594700 0.767400 0.239900
0.546200 0.669600 0.641300 0.000000 0.000000 -0.997600 0.055800 0.040100
0.464600 0.721000 0.870200 0.000000 0.000000 0.005700 0.706800 -0.707400
0.464600 0.719800 0.870200 0.000000 0.000000 0.008100 0.000000 -1.000000
0.475000 0.721000 0.870300 0.000000 0.000000 0.005200 0.707600 -0.706600
0.475000 0.719800 0.870300 0.000000 0.000000 0.007300 0.000000 -1.000000
0.494900 0.719800 0.870400 0.000000 0.000000 0.002500 0.000000 -1.000000
0.494900 0.721000 0.870400 0.000000 0.000000 0.001800 0.707700 -0.706500
0.092800 0.719800 0.795900 0.000000 0.000000 0.959600 0.000000 -0.281500
0.092800 0.721000 0.795900 0.000000 0.000000 0.679500 0.713000 -0.172900
0.141300 0.719800 0.870500 0.000000 0.000000 0.476900 0.000000 -0.878900
0.147500 0.719800 0.870500 0.000000 0.000000 0.002500 0.000000 -1.000000
0.177400 0.719800 0.870600 0.000000 0.000000 0.000000 0.000000 -1.000000
0.177400 0.721000 0.870600 0.000000 0.000000 0.000000 0.707100 -0.707100
0.167600 0.721000 0.870600 0.000000 0.000000 0.001800 0.707700 -0.706500
0.167600 0.719800 0.870600 0.000000 0.000000 0.002500 0.000000 -1.000000
0.407700 0.634600 0.655600 0.000000 0.000000 0.000000 0.977000 -0.213100
0.379400 0.634600 0.655600 0.000000 0.000000 -0.710500 0.592300 -0.379900
0.424600 0.634600 0.655600 0.000000 0.000000 -0.000200 0.976900 -0.213600
0.427200 0.634600 0.655600 0.000000 0.000000 0.017700 0.976000 -0.216900
0.439700 0.634100 0.655600 0.000000 0.000000 0.049200 0.995700 -0.078200
0.449200 0.634000 0.655600 0.000000 0.000000 -0.044100 0.998700 0.025700
0.535700 0.643500 0.641100 0.000000 0.000000 -0.148500 0.988900 0.002900
0.176300 0.634700 0.611800 0.000000 0.000000 0.092800 0.992900 -0.074800
0.220200 0.634600 0.655600 0.000000 0.000000 -0.005100 0.986100 -0.165900
0.026400 0.744100 0.587000 0.000000 0.000000 0.628200 0.621400 -0.468200
0.000000 0.744000 0.574800 0.000000 0.000000 0.234600 0.795200 -0.559100
0.102300 0.645700 0.602800 0.000000 0.000000 0.769100 0.638900 -0.018300
0.101900 0.645800 0.575300 0.000000 0.000000 0.395200 0.855800 -0.333900
0.100000 0.663700 0.595700 0.000000 0.000000 0.837000 0.453200 -0.306500
0.100000 0.661800 0.608200 0.000000 0.000000 0.982400 0.182000 0.042600
0.238900 0.555300 0.710300 0.000000 0.000000 0.090500 -0.995900 0.001000
0.238900 0.555300 0.702600 0.000000 0.000000 0.087100 -0.957700 -0.274400
0.249100 0.572700 0.674400 0.000000 0.000000 0.703700 -0.350800 -0.617800
0.544000 0.645100 0.638600 0.000000 0.000000 -0.745100 0.666600 0.018800
0.093300 0.697800 0.676200 0.000000 0.000000 -0.015100 0.831100 0.555900
0.093800 0.686300 0.664700 0.000000 0.000000 0.999600 0.025700 0.014100
0.093300 0.680700 0.701700 0.000000 0.000000 0.999900 0.010400 0.005400
0.093400 0.683400 0.734100 0.000000 0.000000 0.391700 0.865800 0.311400
0.093400 0.683400 0.740000 0.000000 0.000000 0.999800 0.016200 0.011000
0.093400 0.683400 0.736800 0.000000 0.000000 0.983400 0.036700 -0.177600
0.141300 0.683400 0.870500 0.000000 0.000000 0.476900 0.000000 -0.878900
0.092800 0.683400 0.795900 0.000000 0.000000 0.959700 0.001200 -0.280900
0.147500 0.683400 0.870500 0.000000 0.000000 0.002500 0.000000 -1.000000
0.167600 0.683400 0.870600 0.000000 0.000000 0.002500 0.000000 -1.000000
0.177400 0.683400 0.870600 0.000000 0.000000 0.000000 0.000000 -1.000000
0.192100 0.683400 0.870600 0.000000 0.000000 0.000000 0.000000 -1.000000
0.194300 0.683400 0.870600 0.000000 0.000000 0.506100 0.000000 -0.862500
0.267000 0.683400 1.000700 0.000000 0.000000 0.504900 0.000000 -0.863200
0.374400 0.683400 1.000400 0.000000 0.000000 -0.506800 0.000000 -0.862100
0.447400 0.683400 0.870100 0.000000 0.000000 -0.505600 0.000000 -0.862800
0.449300 0.683400 0.870100 0.000000 0.000000 0.003300 0.000000 -1.000000
0.464600 0.683400 0.870200 0.000000 0.000000 0.008100 0.000000 -1.000000
0.475000 0.683400 0.870300 0.000000 0.000000 0.007300 0.000000 -1.000000
0.494900 0.683400 0.870400 0.000000 0.000000 0.002500 0.000000 -1.000000
0.500800 0.683400 0.870400 0.000000 0.000000 -0.474900 0.000000 -0.880000
0.549000 0.683400 0.797000 0.000000 0.000000 -0.965000 0.009200 -0.262200
0.546800 0.667500 0.731700 0.000000 0.000000 -0.999100 0.040000 0.011700
0.547000 0.650400 0.718500 0.000000 0.000000 -0.988600 0.146900 0.032900
0.544800 0.644500 0.718200 0.000000 0.000000 -0.649600 0.759300 0.037400
0.533700 0.642600 0.718300 0.000000 0.000000 -0.147600 0.988800 0.021700
0.469600 0.632400 0.718700 0.000000 0.000000 -0.013700 0.999500 0.029800
0.462200 0.633900 0.718700 0.000000 0.000000 0.432200 0.891600 -0.134900
0.449800 0.647900 0.718700 0.000000 0.000000 0.410300 0.875900 -0.253700
0.446900 0.647900 0.718700 0.000000 0.000000 0.000000 0.978500 -0.206200
0.411300 0.642900 0.695300 0.000000 0.000000 -0.003100 0.978400 -0.206900
0.417300 0.647900 0.718700 0.000000 0.000000 -0.000900 0.978200 -0.207500
0.366100 0.642900 0.695300 0.000000 0.000000 -0.469900 0.659400 -0.586900
0.175200 0.634200 0.716300 0.000000 0.000000 -0.193300 0.968400 -0.157600
0.192100 0.647900 0.718700 0.000000 0.000000 -0.336100 0.880200 -0.335200
0.174500 0.633300 0.650500 0.000000 0.000000 0.019900 0.999800 0.005700
0.168400 0.634400 0.716300 0.000000 0.000000 0.082300 0.996400 -0.019200
0.146200 0.635500 0.632100 0.000000 0.000000 0.140000 0.989900 -0.022900
0.102500 0.645300 0.634000 0.000000 0.000000 0.667200 0.742100 0.064000
0.096900 0.656900 0.641400 0.000000 0.000000 0.965200 0.239400 0.105700
0.094200 0.685000 0.628800 0.000000 0.000000 0.995300 0.086900 0.041800
0.094200 0.675300 0.654600 0.000000 0.000000 0.997800 0.057400 0.033200
0.220200 0.587400 0.650700 0.000000 0.000000 0.446300 -0.517400 -0.730200
0.186100 0.586600 0.597300 0.000000 0.000000 0.773100 -0.315000 -0.550600
0.067900 0.598800 0.495200 0.000000 0.000000 0.482300 0.210800 -0.850200
-0.634400 0.692400 0.778900 0.000000 0.000000 -0.572600 0.819800 0.002100
-0.656200 0.692400 0.689400 0.000000 0.000000 -0.688500 0.705600 0.167700
-0.669300 0.673200 0.716400 0.000000 0.000000 -0.663200 0.734400 0.144700
-0.647000 0.685400 0.816200 0.000000 0.000000 -0.334700 0.940500 0.058400
-0.607100 0.692400 0.888100 0.000000 0.000000 -0.396000 0.910100 0.121900
-0.619000 0.687900 0.925400 0.000000 0.000000 -0.233600 0.971400 0.042700
-0.478500 0.693000 1.159100 0.000000 0.000000 0.012400 0.999800 -0.013300
-0.469500 0.692400 1.121800 0.000000 0.000000 -0.077200 0.991800 0.102000
-0.560100 0.692400 1.009500 0.000000 0.000000 -0.123800 0.987800 0.094600
-0.571100 0.693900 1.046800 0.000000 0.000000 0.030700 0.999300 -0.022800
-0.358000 0.692500 1.232100 0.000000 0.000000 0.002600 1.000000 -0.001600
-0.351700 0.692400 1.194800 0.000000 0.000000 -0.041100 0.993100 0.109700
-0.198600 0.692200 1.271800 0.000000 0.000000 0.000000 1.000000 0.005500
-0.195700 0.692400 1.234500 0.000000 0.000000 -0.018800 0.992600 0.119700
-0.195700 0.717700 1.134500 0.000000 0.000000 0.078800 0.876300 -0.475300
-0.351700 0.717700 1.094800 0.000000 0.000000 0.164100 0.898300 -0.407600
-0.469500 0.717700 1.021800 0.000000 0.000000 0.230800 0.926000 -0.298700
-0.560100 0.717700 0.909500 0.000000 0.000000 0.170200 0.974100 -0.148800
-0.607100 0.717700 0.788100 0.000000 0.000000 0.051700 0.983300 -0.174500
-0.617500 0.692400 0.721800 0.000000 0.000000 0.415200 0.826300 -0.380500
-0.351700 0.721000 0.720200 0.000000 0.000000 0.000000 0.940800 -0.339000
-0.351700 0.683900 0.675400 0.000000 0.000000 0.000000 0.092100 -0.995800
-0.406500 0.683900 0.675400 0.000000 0.000000 0.008800 0.082000 -0.996600
-0.406500 0.721000 0.720200 0.000000 0.000000 0.014400 0.943800 -0.330300
-0.215900 0.721000 0.720200 0.000000 0.000000 0.000000 0.940800 -0.339000
-0.215900 0.683900 0.675400 0.000000 0.000000 0.000000 0.092100 -0.995800
-0.406500 0.659100 0.650700 0.000000 0.000000 0.000000 0.516400 -0.856400
-0.351700 0.659100 0.650700 0.000000 0.000000 0.000000 0.516400 -0.856400
-0.351700 0.651300 0.650700 0.000000 0.000000 0.000000 -0.707100 -0.707100
-0.406500 0.651300 0.650700 0.000000 0.000000 0.000000 -0.707100 -0.707100
-0.459900 0.651300 0.650700 0.000000 0.000000 0.000000 -0.707100 -0.707100
-0.459900 0.659100 0.650700 0.000000 0.000000 0.000000 0.516400 -0.856400
-0.195700 0.659100 0.650700 0.000000 0.000000 0.000000 0.516400 -0.856400
-0.195700 0.651300 0.650700 0.000000 0.000000 0.000000 -0.707100 -0.707100
-0.216700 0.651300 0.650700 0.000000 0.000000 0.000000 -0.707100 -0.707100
-0.216700 0.659100 0.650700 0.000000 0.000000 0.000000 0.516400 -0.856400
-0.351700 0.721000 1.081700 0.000000 0.000000 -0.319100 0.574900 0.753400
-0.195700 0.721000 1.121400 0.000000 0.000000 -0.133800 0.594400 0.793000
-0.195700 0.721000 0.906000 0.000000 0.000000 0.000000 1.000000 -0.000000
-0.214800 0.721000 0.903700 0.000000 0.000000 0.000000 1.000000 -0.000000
-0.351700 0.721000 0.887600 0.000000 0.000000 0.000000 1.000000 -0.000000
-0.469500 0.721000 1.008700 0.000000 0.000000 -0.550200 0.555500 0.623400
-0.435700 0.721000 0.853800 0.000000 0.000000 0.000000 1.000000 -0.000000
-0.470400 0.721000 0.825200 0.000000 0.000000 0.000000 1.000000 -0.000000
-0.560100 0.721000 0.896500 0.000000 0.000000 -0.747800 0.508000 0.427500
-0.499000 0.721000 0.801800 0.000000 0.000000 0.000000 1.000000 -0.000000
-0.216700 0.670300 0.658900 0.000000 0.000000 0.000000 0.686500 -0.727200
-0.195700 0.670300 0.658900 0.000000 0.000000 -0.000100 0.686300 -0.727300
-0.195700 0.662800 0.653400 0.000000 0.000000 0.000000 0.084500 -0.996400
-0.216700 0.662800 0.653400 0.000000 0.000000 0.000000 0.084500 -0.996400
-0.406500 0.662800 0.653400 0.000000 0.000000 0.000000 0.084500 -0.996400
-0.406500 0.670300 0.658900 0.000000 0.000000 0.000000 0.686500 -0.727200
-0.351700 0.670300 0.658900 0.000000 0.000000 0.000000 0.686500 -0.727200
-0.351700 0.662800 0.653400 0.000000 0.000000 0.000000 0.084500 -0.996400
-0.459900 0.662800 0.653400 0.000000 0.000000 0.000000 0.084500 -0.996400
-0.459900 0.670300 0.658900 0.000000 0.000000 0.003900 0.671700 -0.740800
-0.465800 0.684400 0.674400 0.000000 0.000000 0.045000 0.997400 0.056400
-0.406500 0.683100 0.674400 0.000000 0.000000 0.006800 0.995900 0.090400
-0.539000 0.543600 0.679000 0.000000 0.000000 0.699700 -0.698300 -0.151000
-0.564900 0.543600 0.653100 0.000000 0.000000 -0.380500 -0.636400 -0.671000
-0.547400 0.587400 0.631100 0.000000 0.000000 -0.251300 -0.280400 -0.926400
-0.539000 0.587400 0.633600 0.000000 0.000000 0.724900 -0.288700 -0.625400
-0.482100 0.651300 0.650700 0.000000 0.000000 0.097800 -0.741400 -0.663900
-0.539000 0.651300 0.633600 0.000000 0.000000 0.527600 -0.232900 -0.817000
-0.538900 0.659100 0.633600 0.000000 0.000000 0.252600 0.476900 -0.841900
-0.482100 0.659100 0.650700 0.000000 0.000000 0.126800 0.536300 -0.834400
-0.482100 0.662800 0.653400 0.000000 0.000000 0.166300 0.082400 -0.982600
-0.540100 0.662800 0.635000 0.000000 0.000000 0.298700 -0.097900 -0.949300
-0.542600 0.670300 0.637700 0.000000 0.000000 0.264000 0.567500 -0.779900
-0.482100 0.670300 0.658900 0.000000 0.000000 0.130400 0.655400 -0.744000
-0.467400 0.721000 0.714100 0.000000 0.000000 0.675700 0.702300 -0.224100
-0.498800 0.721000 0.705100 0.000000 0.000000 0.062300 0.928200 -0.367000
-0.544600 0.721000 0.747600 0.000000 0.000000 -0.036500 0.996800 -0.071600
-0.216700 0.661000 0.654300 0.000000 0.000000 0.000000 0.305800 -0.952100
-0.195700 0.661000 0.654300 0.000000 0.000000 0.000000 0.305800 -0.952100
-0.351700 0.661000 0.654300 0.000000 0.000000 0.000000 0.305800 -0.952100
-0.406500 0.661000 0.654300 0.000000 0.000000 0.000000 0.305800 -0.952100
-0.459900 0.661000 0.654300 0.000000 0.000000 0.000000 0.305800 -0.952100
-0.482100 0.661000 0.654300 0.000000 0.000000 0.135000 0.287600 -0.948200
-0.539500 0.661000 0.636500 0.000000 0.000000 0.290100 0.195000 -0.936900
-0.162400 0.659100 0.650700 0.000000 0.000000 -0.462700 0.555600 -0.690800
-0.162400 0.651300 0.650700 0.000000 0.000000 -0.577400 -0.577400 -0.577400
-0.162400 0.661000 0.654300 0.000000 0.000000 -0.391300 0.261600 -0.882300
-0.162400 0.662800 0.653400 0.000000 0.000000 -0.540900 0.085300 -0.836800
-0.162400 0.670300 0.658900 0.000000 0.000000 -0.394200 0.645200 -0.654400
-0.195700 0.721000 0.720200 0.000000 0.000000 0.000000 0.940900 -0.338700
-0.162400 0.721000 0.720200 0.000000 0.000000 -0.469400 0.813700 -0.342900
-0.195700 0.683100 0.674400 0.000000 0.000000 -0.707000 0.545100 -0.450600
-0.162200 0.721000 0.907300 0.000000 0.000000 -0.039900 0.997700 0.054300
-0.166700 0.543600 0.686800 0.000000 0.000000 -0.944800 -0.316000 -0.086300
-0.137800 0.513800 0.629700 0.000000 0.000000 -0.951600 -0.153600 -0.266200
-0.137600 0.512800 0.639700 0.000000 0.000000 -0.343700 -0.812200 0.471300
-0.166700 0.543600 0.693200 0.000000 0.000000 -0.946200 -0.323600 -0.000000
-0.166700 0.543600 0.712300 0.000000 0.000000 0.381000 -0.866700 0.322000
-0.093300 0.185500 0.509300 0.000000 0.000000 -0.577400 0.577400 0.577400
-0.093300 0.304100 0.509300 0.000000 0.000000 -0.726600 -0.265500 0.633700
-0.093300 0.304100 0.500100 0.000000 0.000000 -0.994700 -0.083200 -0.059900
-0.093300 0.185500 0.500100 0.000000 0.000000 -0.997900 0.000000 -0.064900
-0.083600 0.266300 0.425800 0.000000 0.000000 -0.997000 -0.027500 -0.072700
-0.083600 0.185500 0.425800 0.000000 0.000000 -0.998000 0.000000 -0.063400
-0.084100 0.261100 0.255600 0.000000 0.000000 -0.998600 0.052000 -0.004300
-0.084100 0.185500 0.255600 0.000000 0.000000 -1.000000 0.000000 0.002900
-0.195200 0.705600 1.117500 0.000000 0.000000 -0.144100 0.523400 0.839800
-0.195200 0.702200 1.130600 0.000000 0.000000 0.091400 0.845100 -0.526700
-0.350400 0.705600 1.077800 0.000000 0.000000 -0.341500 0.528100 0.777500
-0.350400 0.702300 1.090900 0.000000 0.000000 0.223700 0.835900 -0.501300
-0.466700 0.705900 1.004900 0.000000 0.000000 -0.600300 0.475500 0.643000
-0.466700 0.702600 1.018000 0.000000 0.000000 0.355100 0.855100 -0.377700
-0.554700 0.706800 0.892900 0.000000 0.000000 -0.847800 0.303600 0.434800
-0.554700 0.703500 0.906000 0.000000 0.000000 0.374500 0.909400 -0.181100
-0.599900 0.704300 0.784700 0.000000 0.000000 0.186300 0.976900 -0.104500
-0.599900 0.707600 0.771600 0.000000 0.000000 -0.965000 -0.075500 0.251300
-0.612700 0.688200 0.726300 0.000000 0.000000 0.158500 0.935600 -0.315600
-0.607100 0.721000 0.775000 0.000000 0.000000 -0.832600 0.509700 0.216800
-0.195700 0.721000 0.800100 0.000000 0.000000 0.000000 1.000000 -0.000000
-0.215900 0.721000 0.798700 0.000000 0.000000 0.000000 0.707100 0.707100
-0.351700 0.721000 0.798700 0.000000 0.000000 0.000000 0.707100 0.707100
-0.423600 0.721000 0.798700 0.000000 0.000000 0.000000 0.707100 0.707100
-0.604800 0.711400 0.702000 0.000000 0.000000 -0.277100 0.945000 -0.173700
-0.615400 0.695800 0.711400 0.000000 0.000000 -0.956200 0.292700 0.008800
-0.609700 0.693500 0.724400 0.000000 0.000000 -0.969300 -0.109000 0.220400
-0.142900 0.748900 0.720200 0.000000 0.000000 -0.508400 0.842300 -0.179400
-0.142700 0.748900 0.792500 0.000000 0.000000 -0.430700 0.899500 0.073700
-0.084600 0.748900 0.635800 0.000000 0.000000 -0.400600 0.884600 -0.238800
-0.055300 0.614800 0.424000 0.000000 0.000000 0.391500 0.574400 -0.718800
-0.062500 0.614800 0.420100 0.000000 0.000000 -0.343500 0.606300 -0.717300
-0.062500 0.641200 0.442500 0.000000 0.000000 -0.349700 0.600700 -0.718900
-0.055200 0.641200 0.446500 0.000000 0.000000 0.387600 0.589300 -0.708900
-0.062500 0.670300 0.466200 0.000000 0.000000 -0.350000 0.594400 -0.724000
-0.054900 0.670300 0.470300 0.000000 0.000000 0.388100 0.584000 -0.713000
-0.054600 0.721000 0.512200 0.000000 0.000000 0.375300 0.629000 -0.680800
-0.048400 0.714400 0.510100 0.000000 0.000000 0.385700 0.588100 -0.710900
-0.031200 0.713200 0.518500 0.000000 0.000000 0.180400 0.956100 -0.230800
-0.077300 0.330400 0.217300 0.000000 0.000000 -0.996900 0.060800 -0.048900
-0.082000 0.355200 0.325200 0.000000 0.000000 -0.997200 -0.040700 -0.063200
-0.049900 0.743900 0.554400 0.000000 0.000000 -0.056700 0.869100 -0.491400
-0.573400 0.716400 0.725800 0.000000 0.000000 -0.031300 0.985600 -0.166500
-0.038100 0.570100 0.406900 0.000000 0.000000 0.537600 0.574300 -0.617400
-0.047600 0.602600 0.429400 0.000000 0.000000 0.609800 0.309400 -0.729700
-0.046300 0.602600 0.430200 0.000000 0.000000 0.488400 0.245100 -0.837500
-0.036800 0.570000 0.407600 0.000000 0.000000 0.413400 0.597100 -0.687400
-0.037700 0.734000 0.535000 0.000000 0.000000 0.350800 0.680300 -0.643600
-0.574000 0.702100 0.660600 0.000000 0.000000 -0.292000 0.627300 -0.722000
-0.551700 0.670300 0.634500 0.000000 0.000000 -0.261000 0.375600 -0.889300
-0.573100 0.543600 0.674900 0.000000 0.000000 -0.680300 -0.689000 -0.249900
-0.548800 0.662800 0.632200 0.000000 0.000000 -0.032100 0.033800 -0.998900
-0.548100 0.661000 0.633900 0.000000 0.000000 0.557100 0.106900 -0.823600
-0.547400 0.651300 0.631100 0.000000 0.000000 -0.189200 0.004800 -0.981900
-0.547400 0.659100 0.631100 0.000000 0.000000 -0.411000 0.374800 -0.831000
-0.547400 0.644900 0.631100 0.000000 0.000000 0.285300 0.000000 -0.958500
-0.581000 0.543600 0.706800 0.000000 0.000000 -0.666700 -0.686600 -0.289900
-0.607500 0.649000 0.686800 0.000000 0.000000 -0.337800 -0.236400 -0.911000
-0.616300 0.700500 0.680200 0.000000 0.000000 -0.399300 0.032400 -0.916300
-0.098400 0.533300 0.454700 0.000000 0.000000 -0.948600 0.151000 -0.278200
-0.064000 0.533400 0.370400 0.000000 0.000000 -0.484000 0.511900 -0.709800
-0.053700 0.407300 0.272400 0.000000 0.000000 -0.420000 0.544200 -0.726300
-0.084700 0.402300 0.332900 0.000000 0.000000 -0.956200 0.137000 -0.258600
0.096400 0.351300 0.488400 0.000000 0.000000 0.992500 -0.095700 -0.076500
0.099000 0.342700 0.524000 0.000000 0.000000 0.992000 -0.116300 -0.048500
-0.086600 0.394200 0.359100 0.000000 0.000000 -0.994400 -0.039700 -0.097900
-0.098100 0.354300 0.486600 0.000000 0.000000 -0.988300 -0.098400 -0.116800
-0.128700 0.540000 0.614900 0.000000 0.000000 -0.916300 -0.201600 -0.346200
-0.103400 0.534400 0.481000 0.000000 0.000000 -0.976300 0.046900 -0.211500
-0.045400 0.339700 0.159100 0.000000 0.000000 0.353100 0.441200 -0.825000
-0.043200 0.340900 0.159900 0.000000 0.000000 0.392900 0.918000 -0.054300
-0.044600 0.339000 0.159400 0.000000 0.000000 0.010800 0.717400 -0.696600
0.085000 0.185500 0.215400 0.000000 0.000000 1.000000 0.000000 -0.000700
0.085000 0.261100 0.215400 0.000000 0.000000 0.998900 0.043800 -0.018400
-0.043100 0.371300 0.223800 0.000000 0.000000 0.284300 0.684000 -0.671800
-0.048500 0.362800 0.212800 0.000000 0.000000 -0.244400 0.556500 -0.794100
-0.050100 0.379100 0.248000 0.000000 0.000000 -0.995200 -0.035600 -0.091500
-0.044900 0.380200 0.238400 0.000000 0.000000 -0.329500 0.709200 -0.623200
-0.047300 0.408400 0.260000 0.000000 0.000000 -0.323700 0.557700 -0.764300
-0.052500 0.407500 0.270100 0.000000 0.000000 -0.997800 -0.052900 -0.040600
-0.063100 0.533400 0.368000 0.000000 0.000000 -0.993700 -0.107800 0.030100
-0.057900 0.533400 0.355400 0.000000 0.000000 -0.356900 0.546900 -0.757300
-0.062500 0.587400 0.396600 0.000000 0.000000 -0.353700 0.568500 -0.742800
-0.067600 0.587400 0.409900 0.000000 0.000000 -0.997400 -0.061900 0.037400
-0.067500 0.623700 0.440800 0.000000 0.000000 -0.993700 -0.070600 0.087200
-0.067500 0.643600 0.457600 0.000000 0.000000 -0.996200 -0.061500 0.061500
-0.067800 0.670300 0.480000 0.000000 0.000000 -0.997900 -0.043800 0.048000
-0.067500 0.721000 0.523200 0.000000 0.000000 -0.952300 0.293300 0.084500
-0.062500 0.721000 0.507800 0.000000 0.000000 -0.374200 0.678800 -0.631800
-0.048900 0.743800 0.552000 0.000000 0.000000 -0.483700 0.845300 0.227100
-0.043000 0.739700 0.538200 0.000000 0.000000 0.079300 0.876000 -0.475800
0.000000 0.743800 0.572200 0.000000 0.000000 -0.122300 0.953200 0.276400
0.000000 0.739700 0.561700 0.000000 0.000000 0.262400 0.817500 -0.512600
0.026400 0.743800 0.584400 0.000000 0.000000 0.316800 0.937800 0.142300
0.026400 0.739700 0.575900 0.000000 0.000000 0.664900 0.592600 -0.454700
0.043500 0.730300 0.626300 0.000000 0.000000 -0.117500 0.963100 0.242300
0.038500 0.728400 0.604600 0.000000 0.000000 0.769800 0.588400 -0.247500
0.091700 0.638100 0.545000 0.000000 0.000000 0.122900 0.986400 -0.109000
0.109300 0.636500 0.549200 0.000000 0.000000 0.139700 0.986600 -0.083600
0.026400 0.670300 0.515700 0.000000 0.000000 0.614000 0.601900 -0.510600
0.039100 0.653900 0.508700 0.000000 0.000000 0.437600 0.278300 0.855000
0.018800 0.670300 0.511200 0.000000 0.000000 0.403400 0.587000 -0.701900
0.000000 0.670300 0.500300 0.000000 0.000000 0.396000 0.586000 -0.706900
0.117900 0.639000 0.580200 0.000000 0.000000 0.275400 0.955000 -0.110100
0.126400 0.638900 0.616200 0.000000 0.000000 0.229000 0.973000 -0.029100
0.103000 0.644600 0.686800 0.000000 0.000000 0.302200 0.953200 -0.008700
0.149100 0.637400 0.707600 0.000000 0.000000 0.160400 0.986800 -0.023600
0.081600 0.362400 0.315700 0.000000 0.000000 0.972900 0.141900 -0.182800
0.076400 0.328700 0.215800 0.000000 0.000000 0.267000 0.792600 -0.548100
0.092000 0.382900 0.360700 0.000000 0.000000 0.986100 -0.015100 -0.165600
0.081900 0.402700 0.327700 0.000000 0.000000 0.769000 0.355500 -0.531200
0.101800 0.532800 0.444400 0.000000 0.000000 0.746000 0.375400 -0.550100
0.116500 0.529800 0.486600 0.000000 0.000000 0.972200 -0.012100 -0.233700
0.113900 0.613000 0.517800 0.000000 0.000000 0.534100 0.604400 -0.591200
0.129600 0.611000 0.534800 0.000000 0.000000 0.674100 0.498200 -0.545300
0.124700 0.585100 0.510600 0.000000 0.000000 0.843300 0.162800 -0.512200
0.110200 0.585600 0.492700 0.000000 0.000000 0.639700 0.419200 -0.644200
0.113900 0.635800 0.549100 0.000000 0.000000 0.347500 0.880400 -0.322900
0.129600 0.634100 0.560700 0.000000 0.000000 0.422600 0.819300 -0.387600
0.113500 0.636100 0.552500 0.000000 0.000000 0.176200 0.979100 -0.101700
0.129600 0.634800 0.565000 0.000000 0.000000 0.156600 0.979500 -0.126800
0.120800 0.638500 0.580900 0.000000 0.000000 0.205700 0.974400 -0.090300
0.132000 0.636200 0.583600 0.000000 0.000000 0.147000 0.986700 -0.069400
0.130500 0.638200 0.619400 0.000000 0.000000 0.198500 0.979400 -0.038500
0.153100 0.636800 0.709400 0.000000 0.000000 0.167600 0.985400 -0.029400
-0.027300 0.537500 0.385100 0.000000 0.000000 0.326400 0.787800 -0.522300
-0.028600 0.537500 0.384300 0.000000 0.000000 0.374500 0.778900 -0.503000
-0.104000 0.587400 0.504900 0.000000 0.000000 -0.908500 0.232900 -0.346900
-0.068600 0.587400 0.412400 0.000000 0.000000 -0.492200 0.532300 -0.688800
-0.162400 0.587400 0.650700 0.000000 0.000000 -0.967700 -0.048700 -0.247300
-0.113700 0.587400 0.528900 0.000000 0.000000 -0.900500 0.220400 -0.374900
0.057200 0.534200 0.419000 0.000000 0.000000 0.237000 0.882800 -0.405500
0.057900 0.533400 0.418700 0.000000 0.000000 0.403200 0.588900 -0.700400
0.008100 0.533400 0.391500 0.000000 0.000000 0.392600 0.575000 -0.717800
0.008400 0.534200 0.392300 0.000000 0.000000 0.260400 0.844500 -0.468000
0.090800 0.533000 0.437900 0.000000 0.000000 0.411100 0.587600 -0.697000
0.090600 0.533800 0.438500 0.000000 0.000000 0.166500 0.872000 -0.460300
0.097700 0.539300 0.447300 0.000000 0.000000 0.038000 0.691500 -0.721400
0.099300 0.539300 0.448200 0.000000 0.000000 0.412300 0.579100 -0.703400
0.098300 0.532900 0.442300 0.000000 0.000000 0.426500 0.572500 -0.700200
0.061700 0.614000 0.487400 0.000000 0.000000 0.485300 0.147600 -0.861800
0.000500 0.614000 0.453900 0.000000 0.000000 0.472700 0.186800 -0.861200
0.108100 0.612800 0.514200 0.000000 0.000000 0.380000 0.559600 -0.736500
0.106400 0.585800 0.490500 0.000000 0.000000 0.385700 0.590900 -0.708600
0.104800 0.585500 0.489500 0.000000 0.000000 0.152000 0.652500 -0.742400
-0.060800 0.614000 0.420400 0.000000 0.000000 0.488500 0.511300 -0.707000
-0.055300 0.614000 0.423400 0.000000 0.000000 0.467900 0.220100 -0.856000
-0.060800 0.587100 0.397400 0.000000 0.000000 0.523300 0.555400 -0.646300
-0.049100 0.534200 0.360900 0.000000 0.000000 0.283300 0.810500 -0.512700
-0.049000 0.533400 0.360300 0.000000 0.000000 0.391300 0.581100 -0.713600
-0.056300 0.534200 0.356900 0.000000 0.000000 0.417400 0.585700 -0.694800
0.078600 0.566200 0.473300 0.000000 0.000000 0.186100 0.638100 -0.747100
0.069100 0.598700 0.495800 0.000000 0.000000 0.370600 0.327000 -0.869300
0.058600 0.727500 0.641700 0.000000 0.000000 0.496000 0.755300 -0.428300
0.059000 0.727400 0.663000 0.000000 0.000000 0.183200 0.983100 0.000600
0.043500 0.730300 0.799500 0.000000 0.000000 0.429000 0.899200 0.085700
0.093200 0.719800 0.726800 0.000000 0.000000 1.000000 0.003500 0.005600
0.093200 0.683400 0.754700 0.000000 0.000000 0.999900 0.008900 0.009700
0.093200 0.721000 0.726100 0.000000 0.000000 0.768400 0.639900 0.003900
0.060000 0.727200 0.722300 0.000000 0.000000 0.194000 0.975700 -0.101500
0.043500 0.730300 0.629000 0.000000 0.000000 0.760900 0.539300 -0.360900
0.545300 0.661100 0.637600 0.000000 0.000000 -0.946400 -0.013900 -0.322600
0.545400 0.660600 0.640300 0.000000 0.000000 -0.993700 0.104900 0.039100
0.545900 0.647400 0.718400 0.000000 0.000000 -0.939600 0.336400 0.062900
0.094200 0.688600 0.619400 0.000000 0.000000 0.870100 0.409300 -0.274500
0.092100 0.689300 0.617800 0.000000 0.000000 0.691200 0.585500 -0.423700
0.084100 0.704700 0.627100 0.000000 0.000000 0.631500 0.664500 -0.399600
0.097100 0.664000 0.593700 0.000000 0.000000 0.674400 0.560300 -0.480900
0.093800 0.671200 0.694300 0.000000 0.000000 0.999000 0.040500 0.017200
0.094400 0.661700 0.686900 0.000000 0.000000 0.999900 0.012100 -0.001100
0.094000 0.649500 0.684200 0.000000 0.000000 0.862300 0.505800 0.023300
0.041700 0.653900 0.517500 0.000000 0.000000 0.616200 0.743400 -0.260100
0.028600 0.670200 0.525000 0.000000 0.000000 0.807400 0.499700 -0.313900
0.061200 0.641500 0.519800 0.000000 0.000000 0.368900 0.923400 -0.106100
0.084600 0.639100 0.546200 0.000000 0.000000 0.267900 0.935700 -0.229800
0.094800 0.647100 0.576500 0.000000 0.000000 0.227200 0.803300 -0.550500
0.058600 0.727500 0.639000 0.000000 0.000000 -0.060000 0.955300 0.289600
0.071900 0.719400 0.634600 0.000000 0.000000 0.472400 0.796700 -0.377100
0.029500 0.716200 0.560200 0.000000 0.000000 0.682800 0.575200 -0.450600
0.036000 0.724900 0.591900 0.000000 0.000000 0.721300 0.613100 -0.322100
0.037400 0.723700 0.591100 0.000000 0.000000 -0.530300 0.839400 -0.119400
0.031300 0.715100 0.561500 0.000000 0.000000 0.932900 0.233800 -0.273900
0.080500 0.641300 0.545900 0.000000 0.000000 0.266100 0.940500 -0.211400
0.060500 0.643300 0.524600 0.000000 0.000000 0.459100 0.878200 -0.134400
0.044300 0.728600 0.622200 0.000000 0.000000 0.946300 0.010000 -0.323200
0.058700 0.725900 0.634300 0.000000 0.000000 0.287400 0.031700 -0.957300
0.071500 0.718100 0.630100 0.000000 0.000000 -0.162900 0.302100 -0.939200
0.095700 0.665000 0.590900 0.000000 0.000000 0.170700 0.768800 -0.616300
0.088700 0.649400 0.575300 0.000000 0.000000 -0.124400 0.910700 -0.394000
0.026300 0.694600 0.538900 0.000000 0.000000 0.893900 0.282300 -0.348300
0.024400 0.695300 0.537100 0.000000 0.000000 0.719300 0.433100 -0.543200
0.030800 0.670900 0.529400 0.000000 0.000000 0.841900 0.495600 -0.213600
0.044100 0.655300 0.524100 0.000000 0.000000 0.642800 0.749100 -0.160200
0.083200 0.704000 0.623000 0.000000 0.000000 -0.158400 0.422300 -0.892500
0.090800 0.689200 0.614000 0.000000 0.000000 -0.094100 0.633500 -0.768000
0.039500 0.726700 0.601300 0.000000 0.000000 0.930300 0.255200 -0.263500
0.038300 0.724400 0.614300 0.000000 0.000000 0.748600 -0.661400 -0.046700
0.030600 0.713500 0.576800 0.000000 0.000000 0.912300 -0.409400 0.003100
0.058100 0.643100 0.542000 0.000000 0.000000 0.346500 0.936200 0.059300
0.076900 0.641200 0.562100 0.000000 0.000000 -0.222600 0.973900 -0.043100
0.056400 0.723600 0.645400 0.000000 0.000000 -0.299800 -0.921000 -0.248700
0.042800 0.726200 0.633900 0.000000 0.000000 0.331100 -0.931900 -0.148000
0.068500 0.716400 0.641400 0.000000 0.000000 -0.694700 -0.658500 -0.289500
0.091500 0.666400 0.604500 0.000000 0.000000 -0.901900 0.320700 -0.289300
0.084300 0.648900 0.589700 0.000000 0.000000 -0.676900 0.715000 -0.175200
0.025700 0.694200 0.555500 0.000000 0.000000 0.996800 -0.068100 0.042300
0.029900 0.669400 0.546500 0.000000 0.000000 0.913300 0.398400 0.084800
0.042400 0.654700 0.541500 0.000000 0.000000 0.687700 0.719800 0.094600
0.079500 0.703000 0.634700 0.000000 0.000000 -0.863300 -0.400200 -0.307300
0.086700 0.689100 0.626200 0.000000 0.000000 -0.943500 -0.096500 -0.316900
-0.095100 0.733800 0.635800 0.000000 0.000000 -0.715300 0.577100 -0.394000
-0.068300 0.721000 0.525700 0.000000 0.000000 -0.405900 0.676100 -0.614900
-0.078700 0.721000 0.557800 0.000000 0.000000 -0.884400 0.384900 -0.264100
-0.119000 0.721000 0.657400 0.000000 0.000000 -0.702400 0.535200 -0.469200
-0.143500 0.670300 0.631500 0.000000 0.000000 -0.685900 0.483100 -0.544200
-0.133900 0.695300 0.647900 0.000000 0.000000 0.620800 -0.035500 -0.783200
-0.143300 0.662800 0.625800 0.000000 0.000000 -0.808300 0.206500 -0.551400
-0.142900 0.661000 0.626100 0.000000 0.000000 -0.909000 0.206800 -0.361900
-0.142600 0.659100 0.622000 0.000000 0.000000 -0.719300 0.423800 -0.550500
-0.162400 0.645700 0.650700 0.000000 0.000000 -0.967800 0.000000 -0.251600
-0.126100 0.634800 0.585600 0.000000 0.000000 -0.866900 0.226900 -0.443900
-0.068200 0.624400 0.443200 0.000000 0.000000 -0.416800 0.588400 -0.692900
-0.104000 0.629400 0.540900 0.000000 0.000000 -0.837100 0.389600 -0.384100
-0.091200 0.646900 0.522300 0.000000 0.000000 -0.905800 0.369700 -0.207100
-0.087900 0.654300 0.519900 0.000000 0.000000 -0.922500 0.347100 -0.169000
-0.068300 0.644000 0.460100 0.000000 0.000000 -0.443700 0.580800 -0.682500
-0.068700 0.670300 0.482400 0.000000 0.000000 -0.463600 0.570700 -0.677800
-0.082500 0.670300 0.518300 0.000000 0.000000 -0.960800 0.261900 -0.090900
-0.076600 0.698100 0.528700 0.000000 0.000000 -0.318100 -0.444600 0.837300
-0.129400 0.654400 0.605200 0.000000 0.000000 0.161000 0.803700 -0.572800
-0.131300 0.663900 0.615100 0.000000 0.000000 0.300500 0.688600 -0.659900
-0.132600 0.678200 0.626400 0.000000 0.000000 0.265100 0.656200 -0.706500
-0.077000 0.698900 0.534300 0.000000 0.000000 -0.998000 -0.007500 0.063300
-0.080800 0.669200 0.525100 0.000000 0.000000 -0.938800 0.243700 0.243500
-0.083500 0.722400 0.576300 0.000000 0.000000 -0.993700 -0.040400 -0.104900
-0.087200 0.655900 0.529300 0.000000 0.000000 -0.873600 0.477000 0.096200
-0.093700 0.643500 0.540300 0.000000 0.000000 -0.758200 0.651700 -0.020300
-0.116000 0.716700 0.647400 0.000000 0.000000 -0.120000 -0.191800 -0.974100
-0.125600 0.698200 0.642900 0.000000 0.000000 0.422400 0.246000 -0.872400
-0.123600 0.642400 0.585100 0.000000 0.000000 -0.409400 0.828700 -0.381600
-0.110300 0.637600 0.558500 0.000000 0.000000 -0.618900 0.730300 -0.289200
-0.095000 0.729600 0.627400 0.000000 0.000000 -0.903600 -0.337000 -0.264400
-0.127700 0.654400 0.617800 0.000000 0.000000 0.883300 0.453500 -0.118400
-0.129700 0.663900 0.627600 0.000000 0.000000 0.958400 0.256100 -0.126300
-0.128700 0.659200 0.622700 0.000000 0.000000 -0.092200 0.703900 -0.704300
-0.130900 0.678200 0.638900 0.000000 0.000000 0.990800 -0.022200 -0.133700
-0.077100 0.669200 0.537700 0.000000 0.000000 -0.941800 0.268100 0.202700
-0.073300 0.698900 0.546800 0.000000 0.000000 -0.939100 -0.273600 0.207800
-0.081800 0.722400 0.588900 0.000000 0.000000 -0.642600 -0.761400 0.086000
-0.083500 0.655900 0.541800 0.000000 0.000000 -0.822500 0.543400 0.167900
-0.092000 0.643500 0.552900 0.000000 0.000000 -0.559400 0.825500 0.075500
-0.114300 0.716700 0.659900 0.000000 0.000000 0.719100 -0.688000 -0.097300
-0.123900 0.698200 0.655400 0.000000 0.000000 0.934100 -0.333900 -0.126400
-0.121900 0.642400 0.597600 0.000000 0.000000 0.574300 0.815000 -0.077800
-0.108600 0.637600 0.571100 0.000000 0.000000 -0.011500 0.999900 0.001600
-0.093300 0.729600 0.639900 0.000000 0.000000 0.061400 -0.998100 -0.008600
-0.077200 0.655900 0.588500 0.000000 0.000000 -0.862600 0.497400 0.092400
-0.085700 0.643500 0.599500 0.000000 0.000000 -0.462400 0.884500 0.062500
-0.102300 0.637600 0.617700 0.000000 0.000000 0.128400 0.991600 -0.017300
-0.115600 0.642400 0.644300 0.000000 0.000000 0.730000 0.676300 -0.098600
-0.121400 0.654400 0.664400 0.000000 0.000000 0.915200 0.383700 -0.123500
-0.122400 0.659200 0.669400 0.000000 0.000000 0.935700 0.329600 -0.126200
-0.124600 0.678200 0.685600 0.000000 0.000000 0.984800 -0.112100 -0.132800
-0.123400 0.663900 0.674300 0.000000 0.000000 0.965600 0.224900 -0.130300
-0.117600 0.698200 0.702100 0.000000 0.000000 0.920500 -0.370500 -0.124200
-0.108000 0.716700 0.706600 0.000000 0.000000 0.746300 -0.657900 -0.100700
-0.087000 0.729600 0.686600 0.000000 0.000000 0.367900 -0.928600 -0.049600
-0.075600 0.722400 0.635500 0.000000 0.000000 -0.465900 -0.882700 0.062400
-0.067000 0.698900 0.593500 0.000000 0.000000 -0.945900 -0.305000 0.110700
-0.074600 0.669200 0.584300 0.000000 0.000000 -0.974100 0.220000 0.052300
0.051600 0.642500 0.588900 0.000000 0.000000 0.306400 0.950300 0.054200
0.067300 0.640900 0.605600 0.000000 0.000000 -0.369200 0.925300 -0.087000
0.037600 0.652900 0.588500 0.000000 0.000000 0.702400 0.704900 0.098700
0.027300 0.665300 0.592700 0.000000 0.000000 0.934500 0.348000 0.074500
0.024100 0.693100 0.600100 0.000000 0.000000 0.988900 -0.146100 0.026200
0.028700 0.709300 0.617900 0.000000 0.000000 0.877100 -0.480300 -0.008500
0.035100 0.718400 0.649200 0.000000 0.000000 0.667700 -0.741500 -0.066300
0.038800 0.719800 0.665600 0.000000 0.000000 0.097900 -0.978100 -0.183800
0.050200 0.717700 0.675100 0.000000 0.000000 -0.323500 -0.912400 -0.250600
0.060200 0.711600 0.671800 0.000000 0.000000 -0.663800 -0.689500 -0.289600
0.069400 0.700500 0.666200 0.000000 0.000000 -0.844300 -0.440100 -0.305600
0.075400 0.688900 0.659200 0.000000 0.000000 -0.928900 -0.187000 -0.319600
0.080100 0.669900 0.641000 0.000000 0.000000 -0.926600 0.201600 -0.317400
0.072600 0.647700 0.628700 0.000000 0.000000 -0.776100 0.578700 -0.250700
0.075500 0.280100 -0.174800 0.000000 0.000000 0.929100 0.369800 -0.000000
0.075300 0.280600 -0.174800 0.000000 0.000000 0.743400 0.668800 -0.000000
0.075300 0.280600 -0.037700 0.000000 0.000000 0.751800 0.658100 -0.042700
0.075500 0.280100 -0.037700 0.000000 0.000000 0.932900 0.360000 -0.006900
0.083300 0.185500 -0.174800 0.000000 0.000000 1.000000 0.000000 -0.000000
0.083300 0.260400 -0.174800 0.000000 0.000000 0.982300 0.187400 -0.000000
0.083300 0.260400 -0.037700 0.000000 0.000000 0.981300 0.192400 0.005000
0.083300 0.185500 -0.037700 0.000000 0.000000 1.000000 -0.000000 -0.003500
0.000000 0.286400 -0.174800 0.000000 0.000000 -0.577400 0.577400 0.577400
0.000000 0.286400 -0.037700 0.000000 0.000000 -0.727300 0.683700 -0.060000
0.037300 0.286400 -0.037700 0.000000 0.000000 0.012300 0.996700 -0.080300
0.037300 0.286400 -0.174800 0.000000 0.000000 0.008900 1.000000 -0.000000
0.042900 0.286300 -0.174800 0.000000 0.000000 0.011500 0.999900 -0.000000
0.042900 0.286300 -0.037700 0.000000 0.000000 0.012200 0.997100 -0.074800
0.062600 0.286200 -0.037700 0.000000 0.000000 0.004100 0.997500 -0.070800
0.062600 0.286200 -0.174800 0.000000 0.000000 0.002500 1.000000 -0.000000
-0.074800 0.281900 -0.037700 0.000000 0.000000 -0.934000 0.357300 -0.006800
-0.074800 0.281900 -0.174800 0.000000 0.000000 -0.930000 0.367700 -0.000000
-0.083300 0.260400 -0.174800 0.000000 0.000000 -0.982300 0.187100 -0.000000
-0.083300 0.260400 -0.037700 0.000000 0.000000 -0.981400 0.192100 0.005600
-0.083300 0.185500 -0.037700 0.000000 0.000000 -1.000000 0.000000 -0.002900
-0.083300 0.185500 -0.174800 0.000000 0.000000 -1.000000 0.000000 -0.000000
-0.006000 0.249200 -0.037700 0.000000 0.000000 0.003400 0.995800 -0.092000
-0.006000 0.249200 -0.174800 0.000000 0.000000 0.000000 0.707100 0.707100
-0.031400 0.249200 -0.174800 0.000000 0.000000 0.000000 0.707100 0.707100
-0.031400 0.249200 -0.037700 0.000000 0.000000 0.000000 0.995200 -0.098200
-0.044000 0.285100 -0.037700 0.000000 0.000000 0.110400 0.989800 -0.089600
-0.042400 0.286300 -0.037700 0.000000 0.000000 0.472400 0.877200 -0.085900
-0.042400 0.286300 -0.174800 0.000000 0.000000 0.296100 0.592200 0.749400
-0.044000 0.285100 -0.174800 0.000000 0.000000 0.116000 0.993200 -0.000000
-0.083800 0.253100 0.047000 0.000000 0.000000 -0.992900 0.118200 -0.009800
-0.083800 0.185500 0.047100 0.000000 0.000000 -1.000000 -0.000000 -0.002900
-0.083800 0.185500 0.057400 0.000000 0.000000 -1.000000 0.000000 -0.003300
-0.083800 0.253600 0.057500 0.000000 0.000000 -0.993900 0.109000 -0.013500
-0.074600 0.293500 0.059200 0.000000 0.000000 -0.970900 0.233200 -0.053900
-0.074600 0.290100 0.044900 0.000000 0.000000 -0.969600 0.241400 -0.040000
-0.042800 0.311900 0.073100 0.000000 0.000000 -0.509700 0.813900 -0.278800
-0.042700 0.301800 0.042800 0.000000 0.000000 -0.224000 0.780100 -0.584200
-0.044300 0.300400 0.042800 0.000000 0.000000 0.027500 0.969100 -0.245100
-0.044200 0.310200 0.072500 0.000000 0.000000 0.014600 0.949600 -0.313200
0.077000 0.306300 0.127500 0.000000 0.000000 0.919400 0.381600 -0.095400
0.077200 0.304900 0.127400 0.000000 0.000000 0.987800 0.150800 -0.039100
0.076400 0.286900 0.045200 0.000000 0.000000 0.976100 0.213100 -0.042500
0.076200 0.287800 0.045100 0.000000 0.000000 0.873200 0.478800 -0.090500
0.084400 0.256700 0.124000 0.000000 0.000000 0.997400 0.071200 -0.012800
0.084400 0.185500 0.123900 0.000000 0.000000 1.000000 0.000000 -0.006000
0.083900 0.185500 0.047100 0.000000 0.000000 1.000000 -0.000000 -0.006800
0.083900 0.253100 0.047000 0.000000 0.000000 0.994400 0.103800 -0.018600
-0.037300 0.249200 -0.037700 0.000000 0.000000 -0.009100 0.995000 -0.099300
-0.037300 0.249200 -0.174800 0.000000 0.000000 -0.006900 0.704900 0.709300
-0.042400 0.249100 -0.174800 0.000000 0.000000 0.572200 0.583500 0.576300
-0.042400 0.249100 -0.037700 0.000000 0.000000 0.677800 0.731700 -0.072300
-0.037800 0.302700 0.042500 0.000000 0.000000 -0.059000 0.600000 -0.797800
-0.038000 0.314200 0.075500 0.000000 0.000000 -0.089200 0.941900 -0.323700
0.064700 0.286200 -0.037700 0.000000 0.000000 0.242000 0.967900 -0.068300
0.064700 0.286200 -0.174800 0.000000 0.000000 0.240600 0.970600 -0.000000
0.065600 0.297400 0.044100 0.000000 0.000000 0.384900 0.904600 -0.183500
0.066400 0.319600 0.124200 0.000000 0.000000 0.485000 0.845100 -0.224800
0.084700 0.185500 0.178200 0.000000 0.000000 1.000000 0.000000 -0.006800
0.084700 0.259300 0.178200 0.000000 0.000000 0.998100 0.060300 -0.009700
0.077600 0.318000 0.180300 0.000000 0.000000 0.930100 0.355800 -0.091000
0.077800 0.316400 0.180200 0.000000 0.000000 0.991700 0.123900 -0.032900
0.066700 0.327300 0.152300 0.000000 0.000000 0.045100 0.995800 0.080000
0.074600 0.322300 0.180300 0.000000 0.000000 0.165200 0.985900 -0.027600
-0.038400 0.340500 0.151700 0.000000 0.000000 0.374100 0.919700 0.119300
-0.074400 0.314700 0.149300 0.000000 0.000000 -0.985700 0.162100 -0.045200
-0.084400 0.257900 0.148400 0.000000 0.000000 -0.996100 0.087500 -0.005300
-0.084400 0.185500 0.148400 0.000000 0.000000 -1.000000 0.000000 -0.001900
0.079100 0.402900 0.326200 0.000000 0.000000 0.409400 0.572900 -0.710100
0.070800 0.403200 0.321800 0.000000 0.000000 0.399700 0.575600 -0.713400
-0.039500 0.407900 0.263800 0.000000 0.000000 0.392800 0.578300 -0.715000
-0.034100 0.375900 0.238100 0.000000 0.000000 0.515200 0.554900 -0.653100
-0.037400 0.379800 0.242200 0.000000 0.000000 0.354000 0.698800 -0.621600
0.000000 0.249200 -0.037700 0.000000 0.000000 -0.688000 0.723000 -0.063400
0.000000 0.249200 -0.174800 0.000000 0.000000 -0.577400 0.577400 0.577400
-0.005500 0.301000 0.043000 0.000000 0.000000 0.056200 0.586300 -0.808200
-0.031700 0.302400 0.042600 0.000000 0.000000 0.044500 0.581000 -0.812700
-0.031800 0.314500 0.078400 0.000000 0.000000 0.096100 0.944700 -0.313600
-0.005400 0.315900 0.090700 0.000000 0.000000 0.089700 0.949500 -0.300700
0.204100 0.550000 0.702200 0.000000 0.000000 0.211100 -0.964200 -0.160500
0.204000 0.550100 0.710000 0.000000 0.000000 0.132400 -0.991100 0.014400
0.121600 0.519400 0.612000 0.000000 0.000000 0.884800 -0.445600 -0.136300
0.151100 0.540500 0.630700 0.000000 0.000000 0.609800 -0.771700 -0.180300
0.157800 0.544400 0.664100 0.000000 0.000000 0.364000 -0.930400 0.043600
0.124200 0.513900 0.629800 0.000000 0.000000 0.925300 -0.344400 -0.159000
-0.101500 0.342700 0.523900 0.000000 0.000000 -0.983500 -0.170000 -0.062300
-0.101400 0.342500 0.533300 0.000000 0.000000 -0.603200 -0.510100 0.613100
0.099000 0.342500 0.533300 0.000000 0.000000 0.640100 -0.471900 0.606300
0.124600 0.513000 0.640000 0.000000 0.000000 0.322100 -0.730000 0.602800
0.157700 0.544600 0.671900 0.000000 0.000000 -0.227400 -0.926900 0.298700
0.116700 0.529500 0.490100 0.000000 0.000000 0.802400 0.596600 0.013600
0.092000 0.380900 0.363500 0.000000 0.000000 0.992100 -0.105700 -0.067400
0.235500 0.587400 0.650700 0.000000 0.000000 0.430300 -0.442400 -0.786800
-0.539000 0.543600 0.685300 0.000000 0.000000 0.707100 -0.707100 -0.000000
-0.539000 0.644900 0.633600 0.000000 0.000000 0.801600 0.000000 -0.597800
-0.162400 0.587400 0.657000 0.000000 0.000000 -0.998800 0.048900 -0.000000
-0.162400 0.645700 0.657000 0.000000 0.000000 -1.000000 0.000000 -0.000000
-0.406500 0.651300 0.657000 0.000000 0.000000 0.000000 -1.000000 -0.000000
-0.459900 0.651300 0.657000 0.000000 0.000000 0.000000 -1.000000 -0.000000
-0.351700 0.651300 0.657000 0.000000 0.000000 0.000000 -1.000000 -0.000000
-0.195700 0.651300 0.657000 0.000000 0.000000 0.000000 -1.000000 -0.000000
-0.216700 0.651300 0.657000 0.000000 0.000000 0.000000 -1.000000 -0.000000
-0.162400 0.651300 0.657000 0.000000 0.000000 -0.707100 -0.707100 -0.000000
-0.482100 0.651300 0.657000 0.000000 0.000000 0.000000 -1.000000 -0.000000
-0.539000 0.651300 0.639900 0.000000 0.000000 0.707100 -0.707100 -0.000000
-0.539000 0.644900 0.639900 0.000000 0.000000 1.000000 0.000000 -0.000000
-0.539000 0.587400 0.639900 0.000000 0.000000 1.000000 0.000000 -0.000000
-0.162400 0.587400 0.676200 0.000000 0.000000 -0.998300 0.057700 -0.000000
-0.162400 0.645700 0.676200 0.000000 0.000000 -1.000000 0.000000 -0.000000
-0.162400 0.651300 0.676200 0.000000 0.000000 -0.707100 -0.707100 -0.000000
-0.195700 0.651300 0.676200 0.000000 0.000000 0.000000 -1.000000 -0.000000
-0.216700 0.651300 0.676200 0.000000 0.000000 0.000000 -1.000000 -0.000000
-0.351700 0.651300 0.676200 0.000000 0.000000 0.000000 -1.000000 -0.000000
-0.406500 0.651300 0.676200 0.000000 0.000000 0.000000 -1.000000 -0.000000
-0.459900 0.651300 0.676200 0.000000 0.000000 0.000000 -1.000000 -0.000000
-0.482100 0.651300 0.676200 0.000000 0.000000 0.000000 -1.000000 -0.000000
-0.539000 0.651300 0.659100 0.000000 0.000000 0.644700 -0.764500 -0.000000
-0.539000 0.644900 0.659100 0.000000 0.000000 1.000000 0.000000 -0.000000
-0.539000 0.587400 0.659100 0.000000 0.000000 1.000000 0.000000 -0.000000
-0.539000 0.543600 0.704400 0.000000 0.000000 0.426900 -0.904300 -0.000000
-0.566700 0.704000 0.665000 0.000000 0.000000 0.072600 0.879000 -0.471300
-0.603400 0.706700 0.679200 0.000000 0.000000 -0.181500 0.766500 -0.616100
-0.487700 0.687300 0.674400 0.000000 0.000000 0.161200 0.693700 -0.702000
0.077400 0.373300 0.301400 0.000000 0.000000 0.793100 0.455000 -0.404900
0.064400 0.326300 0.147600 0.000000 0.000000 -0.321000 0.943500 0.082200
0.064200 0.319500 0.123000 0.000000 0.000000 0.088100 0.959600 -0.267100
0.036900 0.318100 0.110400 0.000000 0.000000 0.082800 0.956100 -0.281100
0.037000 0.322900 0.126600 0.000000 0.000000 -0.073600 0.974700 0.211200
-0.081600 0.372800 0.305400 0.000000 0.000000 -0.965200 0.150500 -0.213700
-0.076000 0.344000 0.209700 0.000000 0.000000 -0.847300 0.493000 -0.197600
-0.072400 0.325900 0.149400 0.000000 0.000000 -0.769000 0.605200 -0.206000
-0.072700 0.301300 0.059500 0.000000 0.000000 -0.698800 0.688900 -0.192600
-0.072800 0.297100 0.044100 0.000000 0.000000 -0.691000 0.707800 -0.146400
-0.073100 0.286200 -0.037700 0.000000 0.000000 -0.582000 0.810500 -0.065500
-0.073100 0.286200 -0.174800 0.000000 0.000000 -0.563800 0.825900 -0.000000
0.063400 0.297500 0.044000 0.000000 0.000000 0.051800 0.977600 -0.204000
0.069600 0.350600 0.232600 0.000000 0.000000 0.103100 0.667100 -0.737800
0.067600 0.351900 0.235000 0.000000 0.000000 -0.326000 0.697900 -0.637700
0.074800 0.373500 0.300000 0.000000 0.000000 0.338900 0.771000 -0.539200
0.043700 0.298400 0.043800 0.000000 0.000000 0.064100 0.975500 -0.210400
0.037800 0.298900 0.043700 0.000000 0.000000 0.067100 0.974800 -0.212900
0.000000 0.300700 0.043200 0.000000 0.000000 -0.197900 0.837000 -0.510200
0.000000 0.263500 0.043200 0.000000 0.000000 -0.563900 0.534000 -0.630000
-0.005500 0.263800 0.043000 0.000000 0.000000 0.054600 0.641600 -0.765100
-0.031700 0.265200 0.042600 0.000000 0.000000 0.040600 0.634900 -0.771600
-0.042700 0.264600 0.042800 0.000000 0.000000 0.526900 0.565600 -0.634300
-0.037800 0.265500 0.042500 0.000000 0.000000 -0.057700 0.611300 -0.789300
-0.031400 0.286400 -0.174800 0.000000 0.000000 0.000000 0.000000 1.000000
-0.031400 0.282600 -0.174800 0.000000 0.000000 0.000000 0.000000 1.000000
-0.006000 0.282600 -0.174800 0.000000 0.000000 0.000000 0.000000 1.000000
-0.006000 0.286400 -0.174800 0.000000 0.000000 0.000000 0.000000 1.000000
-0.042400 0.282600 -0.174800 0.000000 0.000000 0.707100 0.000000 0.707100
-0.037300 0.282600 -0.174800 0.000000 0.000000 0.000000 0.000000 1.000000
-0.037300 0.286400 -0.174800 0.000000 0.000000 0.000000 0.000000 1.000000
-0.042400 0.282600 -0.037700 0.000000 0.000000 1.000000 0.000000 0.001900
0.000000 0.282600 -0.037700 0.000000 0.000000 -1.000000 0.000000 -0.000000
0.000000 0.282600 -0.174800 0.000000 0.000000 -0.707100 0.000000 0.707100
0.000000 0.296900 0.043200 0.000000 0.000000 -0.694100 0.000000 -0.719800
-0.005500 0.297300 0.043000 0.000000 0.000000 0.025800 0.000000 -0.999700
-0.031700 0.298700 0.042600 0.000000 0.000000 0.015800 0.000000 -0.999900
-0.037800 0.299000 0.042500 0.000000 0.000000 -0.022400 0.000000 -0.999700
-0.042700 0.298100 0.042800 0.000000 0.000000 0.686500 0.000000 -0.727100
-0.054100 0.664200 0.498800 0.000000 0.000000 0.597600 0.788100 0.147600
-0.056300 0.673300 0.505000 0.000000 0.000000 0.853400 -0.150100 -0.499200
-0.047100 0.672800 0.509600 0.000000 0.000000 -0.200300 -0.096200 -0.975000
-0.044900 0.663800 0.503400 0.000000 0.000000 -0.444200 0.828600 -0.340600
-0.013000 0.689500 0.541900 0.000000 0.000000 -0.205100 -0.095300 -0.974100
-0.010900 0.680500 0.535700 0.000000 0.000000 -0.441600 0.829600 -0.341600
-0.020100 0.680900 0.531100 0.000000 0.000000 0.599700 0.787200 0.143400
-0.022300 0.690000 0.537300 0.000000 0.000000 0.852500 -0.149800 -0.500900
0.000200 0.685900 0.513200 0.000000 0.000000 0.688300 0.279300 -0.669500
-0.013600 0.686600 0.506300 0.000000 0.000000 0.152500 0.297400 -0.942500
-0.013300 0.694100 0.512600 0.000000 0.000000 0.558600 0.740600 -0.373600
-0.002000 0.693500 0.518300 0.000000 0.000000 0.004000 0.807600 -0.589700
-0.015900 0.705200 0.520300 0.000000 0.000000 0.682100 0.278100 -0.676300
-0.027100 0.694800 0.505700 0.000000 0.000000 -0.008500 0.806700 -0.590800
-0.029700 0.705900 0.513300 0.000000 0.000000 0.157300 0.296200 -0.942100
-0.047300 0.691300 0.524700 0.000000 0.000000 0.851000 -0.151000 -0.502900
-0.038100 0.690800 0.529300 0.000000 0.000000 -0.203100 -0.094900 -0.974600
-0.036000 0.681800 0.523100 0.000000 0.000000 -0.440000 0.829500 -0.344100
-0.045200 0.682200 0.518400 0.000000 0.000000 0.601500 0.784800 0.149700
-0.004400 0.661700 0.523900 0.000000 0.000000 0.605000 0.779800 0.161100
-0.006600 0.670800 0.530100 0.000000 0.000000 0.858800 -0.164700 -0.485200
0.002600 0.670100 0.534900 0.000000 0.000000 -0.186200 -0.089900 -0.978400
0.004700 0.661100 0.528800 0.000000 0.000000 -0.419100 0.837000 -0.351700
-0.024900 0.687200 0.500600 0.000000 0.000000 0.682600 0.282200 -0.674100
-0.029000 0.662900 0.511400 0.000000 0.000000 0.599700 0.786800 0.145700
-0.031200 0.672000 0.517600 0.000000 0.000000 0.855400 -0.150300 -0.495700
-0.022000 0.671500 0.522300 0.000000 0.000000 -0.198000 -0.094300 -0.975700
-0.019800 0.662500 0.516000 0.000000 0.000000 -0.445000 0.828800 -0.339200
-0.038700 0.687900 0.493600 0.000000 0.000000 0.152700 0.293500 -0.943700
-0.022200 0.676100 0.493000 0.000000 0.000000 0.561100 0.741800 -0.367300
-0.036000 0.676800 0.486000 0.000000 0.000000 -0.907000 -0.411500 -0.089800
0.002900 0.674800 0.505700 0.000000 0.000000 0.570300 0.738200 -0.360300
-0.011000 0.675500 0.498600 0.000000 0.000000 -0.936800 -0.345700 0.053400
0.014000 0.674000 0.511500 0.000000 0.000000 0.012700 0.807500 -0.589800
0.011400 0.685100 0.519100 0.000000 0.000000 0.174500 0.294400 -0.939600
-0.004700 0.704600 0.525900 0.000000 0.000000 0.161100 0.295700 -0.941600
-0.043600 0.678800 0.504800 0.000000 0.000000 -0.195800 -0.093100 -0.976200
-0.054800 0.679300 0.499100 0.000000 0.000000 0.853700 -0.139800 -0.501700
-0.049900 0.688500 0.488000 0.000000 0.000000 0.682100 0.278200 -0.676300
-0.040900 0.667700 0.497100 0.000000 0.000000 -0.441900 0.830600 -0.338800
-0.047300 0.677400 0.480400 0.000000 0.000000 0.564400 0.740400 -0.365000
-0.052200 0.668300 0.491500 0.000000 0.000000 0.605000 0.784100 0.138500
-0.018200 0.685000 0.523800 0.000000 0.000000 0.605200 0.782400 0.147000
-0.020800 0.696000 0.531400 0.000000 0.000000 0.851300 -0.143400 -0.504700
-0.009600 0.695400 0.537000 0.000000 0.000000 -0.194600 -0.083800 -0.977300
-0.006900 0.684400 0.529400 0.000000 0.000000 -0.442800 0.829100 -0.341300
-0.045900 0.697300 0.518700 0.000000 0.000000 0.854100 -0.146900 -0.498900
-0.043300 0.686300 0.511100 0.000000 0.000000 0.605700 0.783100 0.141300
-0.038300 0.695400 0.500000 0.000000 0.000000 0.561000 0.741100 -0.368800
-0.041000 0.706500 0.507600 0.000000 0.000000 0.680700 0.282200 -0.676000
-0.034600 0.696700 0.524400 0.000000 0.000000 -0.199400 -0.090100 -0.975800
-0.032000 0.685700 0.516800 0.000000 0.000000 -0.440200 0.830900 -0.340200
-0.005000 0.676800 0.524200 0.000000 0.000000 0.862400 -0.162500 -0.479500
0.006200 0.676100 0.530100 0.000000 0.000000 -0.191300 -0.102000 -0.976200
0.008800 0.665000 0.522500 0.000000 0.000000 -0.422500 0.836800 -0.348200
-0.002300 0.665700 0.516700 0.000000 0.000000 0.607100 0.779600 0.153700
-0.029800 0.678000 0.511700 0.000000 0.000000 0.853300 -0.135100 -0.503600
-0.018500 0.677500 0.517400 0.000000 0.000000 -0.205500 -0.102500 -0.973300
-0.015900 0.666400 0.509700 0.000000 0.000000 -0.434200 0.833200 -0.342600
-0.027100 0.667000 0.504100 0.000000 0.000000 0.601300 0.785000 0.149000
-0.021300 0.670300 0.488700 0.000000 0.000000 0.218300 0.890800 -0.398500
-0.053600 0.678300 0.498900 0.000000 0.000000 0.674600 0.288600 -0.679400
-0.044400 0.677800 0.503500 0.000000 0.000000 0.160600 0.303900 -0.939100
-0.042200 0.668800 0.497300 0.000000 0.000000 -0.006800 0.804500 -0.593900
-0.051400 0.669300 0.492700 0.000000 0.000000 0.553100 0.738700 -0.385200
-0.017400 0.685900 0.525000 0.000000 0.000000 0.558900 0.746300 -0.361500
-0.019600 0.695000 0.531200 0.000000 0.000000 0.671900 0.287300 -0.682600
-0.010300 0.694500 0.535800 0.000000 0.000000 0.166700 0.318300 -0.933200
-0.008200 0.685500 0.529600 0.000000 0.000000 -0.014600 0.802800 -0.596100
-0.042500 0.687300 0.512300 0.000000 0.000000 0.558400 0.732500 -0.389400
-0.044600 0.696300 0.518600 0.000000 0.000000 0.686300 0.273100 -0.674200
-0.035400 0.695800 0.523200 0.000000 0.000000 0.158800 0.301600 -0.940100
-0.033300 0.686800 0.517000 0.000000 0.000000 -0.013300 0.805900 -0.591800
0.005400 0.675100 0.528900 0.000000 0.000000 0.153700 0.273800 -0.949400
-0.003700 0.675700 0.524100 0.000000 0.000000 0.708000 0.252100 -0.659600
0.007600 0.666100 0.522700 0.000000 0.000000 0.016200 0.803100 -0.595600
-0.001600 0.666700 0.517900 0.000000 0.000000 0.573400 0.731800 -0.368200
-0.019300 0.676500 0.516200 0.000000 0.000000 0.139200 0.284200 -0.948600
-0.028500 0.677000 0.511500 0.000000 0.000000 0.665700 0.304200 -0.681400
-0.017100 0.667500 0.509900 0.000000 0.000000 0.011000 0.803500 -0.595300
-0.026300 0.667900 0.505300 0.000000 0.000000 0.555600 0.748800 -0.361300
0.000900 0.406200 0.285100 0.000000 0.000000 0.399500 0.575600 -0.713500
0.066900 0.374000 0.295900 0.000000 0.000000 0.325500 0.775300 -0.541200
0.061000 0.356500 0.243400 0.000000 0.000000 -0.227100 0.710500 -0.666100
-0.032100 0.336500 0.142800 0.000000 0.000000 0.545100 0.829100 0.124600
-0.005400 0.326900 0.124800 0.000000 0.000000 0.251600 0.953500 0.165700
-0.001600 0.377800 0.260700 0.000000 0.000000 0.323400 0.753000 -0.573100
-0.001800 0.377000 0.258900 0.000000 0.000000 0.303300 0.623500 -0.720600
0.042600 0.366500 0.258700 0.000000 0.000000 0.039400 0.706000 -0.707100
0.044900 0.375200 0.284600 0.000000 0.000000 0.321500 0.777100 -0.541100
0.047500 0.404200 0.309600 0.000000 0.000000 0.399200 0.575200 -0.713900
0.042400 0.363400 0.258300 0.000000 0.000000 -0.397000 -0.080400 -0.914300
-0.001700 0.373300 0.258500 0.000000 0.000000 0.268100 -0.156200 -0.950600
-0.033700 0.372300 0.237900 0.000000 0.000000 0.726700 -0.074200 -0.683000
-0.042800 0.367900 0.223600 0.000000 0.000000 0.880100 -0.019800 -0.474400
-0.048100 0.359900 0.212700 0.000000 0.000000 0.936600 0.027700 -0.349400
-0.042800 0.339300 0.160100 0.000000 0.000000 0.895400 0.125500 0.427200
-0.038100 0.339000 0.151900 0.000000 0.000000 0.843100 0.147700 0.517100
-0.031800 0.335200 0.143100 0.000000 0.000000 0.730000 0.197600 0.654300
-0.005300 0.326200 0.125300 0.000000 0.000000 0.319800 0.361800 0.875700
0.036900 0.322300 0.127000 0.000000 0.000000 -0.342500 0.382900 0.857900
0.064100 0.325600 0.147900 0.000000 0.000000 -0.745000 0.416100 0.521400
0.066300 0.326600 0.152600 0.000000 0.000000 -0.841000 0.443600 0.309700
0.075900 0.327900 0.215700 0.000000 0.000000 0.118600 0.945900 -0.302000
0.074200 0.321900 0.180400 0.000000 0.000000 -0.921600 0.341100 0.185300
-0.052300 0.355200 0.198000 0.000000 0.000000 0.307400 0.826800 -0.471100
-0.051900 0.352800 0.197900 0.000000 0.000000 0.988100 0.077700 -0.132400
-0.051000 0.345100 0.179700 0.000000 0.000000 0.977900 0.090800 0.188400
-0.051400 0.347100 0.179700 0.000000 0.000000 0.396600 0.893200 -0.211900
-0.049700 0.360400 0.208200 0.000000 0.000000 0.505200 0.723200 -0.470900
0.069200 0.348400 0.232400 0.000000 0.000000 -0.803900 0.102000 -0.586000
0.067300 0.349600 0.234700 0.000000 0.000000 -0.770700 0.055500 -0.634800
0.060700 0.354000 0.243000 0.000000 0.000000 -0.702700 0.040700 -0.710300
0.090500 0.304300 0.511800 0.000000 0.000000 0.797600 0.101800 -0.594500
0.090500 0.185500 0.511800 0.000000 0.000000 0.577400 0.577400 -0.577400
0.090500 0.185500 0.509300 0.000000 0.000000 0.577400 0.577400 0.577400
0.090500 0.304300 0.509300 0.000000 0.000000 0.651600 -0.243500 0.718400
-0.090500 0.304400 0.512100 0.000000 0.000000 -0.804800 0.072200 -0.589200
-0.090500 0.304400 0.509300 0.000000 0.000000 -0.651600 -0.255900 0.714100
-0.090500 0.185500 0.509300 0.000000 0.000000 -0.577400 0.577400 0.577400
-0.090500 0.185500 0.512100 0.000000 0.000000 -0.577400 0.577400 -0.577400
-0.164800 0.545800 0.715200 0.000000 0.000000 -0.198600 -0.561700 -0.803100
-0.164800 0.545800 0.712300 0.000000 0.000000 0.073400 -0.975800 0.205700
-0.135300 0.514300 0.639700 0.000000 0.000000 -0.412600 -0.736100 0.536500
-0.135300 0.514300 0.642600 0.000000 0.000000 -0.909200 -0.078600 -0.408800
-0.098700 0.343200 0.533300 0.000000 0.000000 -0.606900 -0.509100 0.610300
-0.098700 0.343200 0.536100 0.000000 0.000000 -0.775400 0.205400 -0.597100
0.122400 0.514400 0.642500 0.000000 0.000000 0.835900 -0.116300 -0.536400
0.096300 0.343000 0.535800 0.000000 0.000000 0.760400 0.255700 -0.597000
0.096300 0.343000 0.533300 0.000000 0.000000 0.637000 -0.474500 0.607500
0.122400 0.514400 0.640000 0.000000 0.000000 0.535300 -0.614600 0.579500
0.155900 0.546900 0.674400 0.000000 0.000000 0.060100 -0.683200 -0.727800
0.155900 0.546900 0.671900 0.000000 0.000000 -0.117300 -0.921600 0.370100
0.157700 0.544600 0.674400 0.000000 0.000000 0.386000 -0.757900 -0.525900
0.157700 0.544600 0.983600 0.000000 0.000000 0.690500 -0.723300 -0.000000
0.124600 0.513000 0.983500 0.000000 0.000000 0.887400 -0.461000 -0.000000
0.124600 0.513000 0.642500 0.000000 0.000000 0.780300 0.153800 -0.606300
0.099000 0.342500 0.983300 0.000000 0.000000 0.989000 -0.147700 -0.000000
0.099000 0.342500 0.535800 0.000000 0.000000 0.759600 0.257800 -0.597200
0.093300 0.304100 0.511800 0.000000 0.000000 0.646400 0.174000 -0.742900
0.093300 0.304100 0.983200 0.000000 0.000000 0.997300 -0.073700 -0.000000
0.093300 0.185500 0.983200 0.000000 0.000000 1.000000 0.000000 -0.000000
0.093300 0.185500 0.511800 0.000000 0.000000 0.577400 0.577400 -0.577400
-0.093300 0.185500 0.512100 0.000000 0.000000 -0.577400 0.577400 -0.577400
-0.093300 0.185500 0.983200 0.000000 0.000000 -1.000000 0.000000 -0.000000
-0.093300 0.304100 0.983200 0.000000 0.000000 -0.994600 -0.103800 -0.000000
-0.093300 0.304100 0.512100 0.000000 0.000000 -0.644800 0.157800 -0.747900
-0.101400 0.342500 0.536100 0.000000 0.000000 -0.774500 0.207000 -0.597700
-0.101400 0.342500 0.983300 0.000000 0.000000 -0.978300 -0.207200 -0.000000
-0.137600 0.512800 0.983500 0.000000 0.000000 -0.885300 -0.465100 -0.000000
-0.137600 0.512800 0.642600 0.000000 0.000000 -0.814200 0.271000 -0.513500
-0.166700 0.543600 0.983700 0.000000 0.000000 -0.726900 -0.686800 -0.000000
-0.166700 0.543600 0.715200 0.000000 0.000000 -0.647500 -0.699200 -0.303300
0.088100 0.533700 0.450700 0.000000 0.000000 -0.152600 0.829700 -0.536900
-0.003700 0.303200 0.127800 0.000000 0.000000 0.199300 0.773600 0.601500
0.034600 0.303600 0.129300 0.000000 0.000000 -0.273800 0.775500 0.568900
0.055400 0.308300 0.147400 0.000000 0.000000 -0.462600 0.831600 0.307300
0.062300 0.310300 0.155300 0.000000 0.000000 -0.572400 0.806500 0.148000
0.074500 0.316400 0.179000 0.000000 0.000000 -0.778900 0.619000 0.100500
0.077200 0.324300 0.209800 0.000000 0.000000 -0.915600 0.392300 -0.087800
0.069500 0.330200 0.232800 0.000000 0.000000 -0.638200 0.615300 -0.462700
0.067800 0.330800 0.235200 0.000000 0.000000 -0.553100 0.647800 -0.523900
0.062500 0.333300 0.244600 0.000000 0.000000 -0.575600 0.566000 -0.590200
0.042600 0.339100 0.267300 0.000000 0.000000 -0.381700 0.406700 -0.830000
-0.004500 0.340900 0.274100 0.000000 0.000000 0.206700 0.346000 -0.915200
-0.038300 0.334100 0.247900 0.000000 0.000000 0.604100 0.492500 -0.626500
-0.048900 0.328600 0.226500 0.000000 0.000000 0.730100 0.566000 -0.382900
-0.051900 0.324900 0.212000 0.000000 0.000000 0.752200 0.608400 -0.253300
-0.052600 0.321000 0.196900 0.000000 0.000000 0.742600 0.650100 -0.161100
-0.051000 0.316300 0.178700 0.000000 0.000000 0.739800 0.671800 0.036800
-0.042000 0.311200 0.159000 0.000000 0.000000 0.650800 0.725300 0.224500
-0.036000 0.309400 0.151800 0.000000 0.000000 0.580500 0.760500 0.291000
-0.029500 0.307400 0.144000 0.000000 0.000000 0.521200 0.753300 0.401200
0.033300 0.304700 0.133500 0.000000 0.000000 0.001500 0.967500 -0.252700
-0.002800 0.304300 0.132100 0.000000 0.000000 0.000600 0.968900 -0.247600
0.059300 0.311000 0.158000 0.000000 0.000000 0.001800 0.968700 -0.248100
0.052900 0.309100 0.150600 0.000000 0.000000 -0.004000 0.969300 -0.246000
0.070800 0.316700 0.180300 0.000000 0.000000 -0.007100 0.969000 -0.246900
0.073400 0.324200 0.209300 0.000000 0.000000 0.007900 0.968600 -0.248600
0.066100 0.329800 0.230900 0.000000 0.000000 0.014600 0.972900 -0.230900
0.064500 0.330300 0.233100 0.000000 0.000000 0.007500 0.971800 -0.235700
0.059500 0.332600 0.242000 0.000000 0.000000 -0.002500 0.967200 -0.254100
0.040900 0.338100 0.263400 0.000000 0.000000 0.000800 0.968600 -0.248700
-0.003500 0.339800 0.269800 0.000000 0.000000 -0.000400 0.968800 -0.248000
-0.035300 0.333400 0.245100 0.000000 0.000000 -0.004600 0.968900 -0.247300
-0.045300 0.328200 0.225000 0.000000 0.000000 0.003400 0.968500 -0.249100
-0.048100 0.324700 0.211300 0.000000 0.000000 0.005700 0.968300 -0.249600
-0.048800 0.321000 0.197100 0.000000 0.000000 0.013200 0.968000 -0.250500
-0.047300 0.316600 0.180000 0.000000 0.000000 0.008100 0.969300 -0.245900
-0.038900 0.311900 0.161400 0.000000 0.000000 -0.013200 0.965000 -0.261800
-0.033200 0.310100 0.154700 0.000000 0.000000 0.004300 0.969700 -0.244100
-0.027000 0.308200 0.147300 0.000000 0.000000 0.007400 0.970500 -0.240900
-0.051100 0.378900 0.249900 0.000000 0.000000 -0.186300 0.785500 -0.590100
-0.211100 0.721000 0.800100 0.000000 0.000000 -0.301500 0.904500 -0.301500
-0.214800 0.721000 0.800100 0.000000 0.000000 0.000000 0.707100 -0.707100
-0.423900 0.721000 0.800100 0.000000 0.000000 0.000000 0.707100 -0.707100
-0.351700 0.721000 0.800100 0.000000 0.000000 0.000000 0.707100 -0.707100
-0.211100 0.721000 0.720200 0.000000 0.000000 -0.638200 0.724300 -0.260800
-0.465800 0.721000 0.800100 0.000000 0.000000 0.000000 0.707100 -0.707100
-0.351700 0.683100 0.674400 0.000000 0.000000 0.000000 0.995700 0.092700
-0.214800 0.683100 0.674400 0.000000 0.000000 0.000000 0.995700 0.092700
-0.211100 0.683100 0.674400 0.000000 0.000000 -0.300600 0.889500 -0.344300
-0.467400 0.684500 0.674400 0.000000 0.000000 0.432900 0.470200 0.769100
-0.464500 0.685200 0.675300 0.000000 0.000000 0.003600 0.049900 -0.998700
-0.466100 0.685300 0.675300 0.000000 0.000000 -0.556000 0.078900 -0.827400
-0.466100 0.721000 0.714500 0.000000 0.000000 -0.559800 0.753800 -0.344100
-0.464600 0.721000 0.715000 0.000000 0.000000 0.059500 0.942800 -0.328000
-0.467400 0.721000 0.800100 0.000000 0.000000 0.301500 0.904500 -0.301500
-0.464500 0.721000 0.798700 0.000000 0.000000 0.000000 0.707100 0.707100
-0.214800 0.717800 0.800100 0.000000 0.000000 0.000000 0.707100 -0.707100
-0.215900 0.717800 0.798700 0.000000 0.000000 0.000000 0.707100 0.707100
-0.351700 0.717800 0.798700 0.000000 0.000000 0.000000 0.707100 0.707100
-0.351700 0.717800 0.800100 0.000000 0.000000 0.000000 0.707100 -0.707100
-0.423600 0.717800 0.798700 0.000000 0.000000 0.000000 0.707100 0.707100
-0.423900 0.717800 0.800100 0.000000 0.000000 0.000000 0.707100 -0.707100
-0.465800 0.717800 0.800100 0.000000 0.000000 0.000000 0.707100 -0.707100
-0.464500 0.717800 0.798700 0.000000 0.000000 0.000000 0.707100 0.707100
-0.212200 0.718200 0.721300 0.000000 0.000000 0.793200 0.573000 -0.206300
-0.212200 0.717800 0.798700 0.000000 0.000000 0.297500 0.905000 0.304100
-0.211100 0.717800 0.800100 0.000000 0.000000 -0.577600 0.577900 -0.576600
-0.211100 0.718200 0.721300 0.000000 0.000000 -0.793200 0.573000 -0.206300
-0.467400 0.717800 0.800100 0.000000 0.000000 0.577600 0.577900 -0.576600
-0.466100 0.717800 0.798700 0.000000 0.000000 -0.298300 0.904800 0.303800
-0.466300 0.718200 0.715600 0.000000 0.000000 -0.742500 0.639300 -0.199900
-0.467500 0.718200 0.715200 0.000000 0.000000 0.848600 0.477400 -0.228100
-0.467600 0.682200 0.676500 0.000000 0.000000 0.636800 0.770000 0.040200
-0.466300 0.682900 0.677400 0.000000 0.000000 -0.254500 0.485600 -0.836300
-0.215900 0.681500 0.677400 0.000000 0.000000 0.000000 0.100500 -0.994900
-0.214800 0.680700 0.676400 0.000000 0.000000 0.000000 0.994900 0.100500
-0.351700 0.680700 0.676400 0.000000 0.000000 0.000000 0.994900 0.100500
-0.351700 0.681500 0.677400 0.000000 0.000000 0.000000 0.100500 -0.994900
-0.406500 0.680700 0.676400 0.000000 0.000000 0.011400 0.994900 0.100100
-0.406500 0.681500 0.677400 0.000000 0.000000 0.001700 0.105300 -0.994400
-0.464700 0.682800 0.677400 0.000000 0.000000 0.000100 0.061500 -0.998100
-0.466000 0.682000 0.676500 0.000000 0.000000 0.081100 0.996400 0.023500
-0.211100 0.680700 0.676400 0.000000 0.000000 -0.579300 0.811300 0.078000
-0.212200 0.681500 0.677400 0.000000 0.000000 0.291600 0.510100 -0.809200
-0.212200 0.721000 0.720200 0.000000 0.000000 0.638200 0.724300 -0.261000
-0.212200 0.721000 0.798700 0.000000 0.000000 0.577400 0.577400 0.577400
-0.466100 0.721000 0.798700 0.000000 0.000000 -0.577400 0.577400 0.577400
-0.212200 0.683900 0.675400 0.000000 0.000000 0.577200 0.075200 -0.813100
-0.045000 0.286300 -0.174800 0.000000 0.000000 0.422500 0.906300 -0.000000
-0.045000 0.286300 -0.037700 0.000000 0.000000 0.431800 0.898000 -0.084200
-0.045300 0.301400 0.042900 0.000000 0.000000 0.304500 0.923700 -0.232500
-0.045100 0.311100 0.072100 0.000000 0.000000 0.315300 0.902300 -0.294100
0.091200 0.683400 0.735500 0.000000 0.000000 0.853800 0.294300 -0.429400
0.091200 0.719700 0.671800 0.000000 0.000000 0.878400 -0.253100 0.405500
0.093400 0.683400 0.735500 0.000000 0.000000 0.000000 1.000000 -0.000000
0.092100 0.719800 0.669700 0.000000 0.000000 0.426100 0.881900 -0.201600
0.058200 0.725100 0.640400 0.000000 0.000000 0.180500 0.983600 0.001300
0.042600 0.728200 0.627800 0.000000 0.000000 0.550900 0.834500 -0.013200
0.025700 0.741800 0.585900 0.000000 0.000000 0.006100 0.998900 -0.047400
-0.000100 0.741400 0.573700 0.000000 0.000000 0.012700 0.997200 -0.073200
-0.048800 0.741600 0.553600 0.000000 0.000000 -0.081300 0.955900 -0.282300
-0.066300 0.719600 0.525300 0.000000 0.000000 -0.664500 0.651800 -0.365600
-0.066300 0.669500 0.482200 0.000000 0.000000 -0.847100 0.339800 -0.408700
-0.066000 0.643100 0.459900 0.000000 0.000000 -0.843800 0.348800 -0.407800
-0.065900 0.623300 0.443000 0.000000 0.000000 -0.849400 0.338500 -0.404800
-0.066100 0.586700 0.412200 0.000000 0.000000 -0.856300 0.302000 -0.419100
-0.061600 0.532800 0.370300 0.000000 0.000000 -0.857700 0.268800 -0.438400
-0.051200 0.406700 0.272500 0.000000 0.000000 -0.812600 0.319500 -0.487500
-0.049200 0.377600 0.249900 0.000000 0.000000 -0.597200 0.650600 -0.469200
-0.048500 0.360600 0.213900 0.000000 0.000000 -0.298900 0.931800 -0.206100
0.544900 0.656000 0.637100 0.000000 0.000000 -0.976300 0.138300 -0.166200
0.545100 0.658600 0.638800 0.000000 0.000000 -0.986200 0.119700 -0.114300
0.544900 0.655600 0.639800 0.000000 0.000000 -0.996900 0.078500 0.010900
0.545100 0.658100 0.641500 0.000000 0.000000 -0.994600 0.102300 0.017400
0.545400 0.646000 0.718300 0.000000 0.000000 -0.935200 0.348600 0.061400
0.244900 0.611000 0.650700 0.000000 0.000000 0.552900 -0.168900 -0.816000
0.254600 0.634100 0.653400 0.000000 0.000000 0.604100 0.457300 -0.652600
0.268400 0.647900 0.718700 0.000000 0.000000 0.000000 0.977900 -0.209000
0.273700 0.642900 0.695300 0.000000 0.000000 0.000000 0.274900 -0.961500
0.271500 0.642900 0.695300 0.000000 0.000000 0.465100 0.626000 -0.626000
0.266000 0.647900 0.718700 0.000000 0.000000 0.000900 0.978200 -0.207600
0.368600 0.647900 0.718700 0.000000 0.000000 0.000000 0.977900 -0.209000
0.254700 0.634600 0.655600 0.000000 0.000000 0.643000 0.724000 -0.249600
0.194700 0.647900 0.718700 0.000000 0.000000 0.000000 0.978500 -0.206200
0.370400 0.555900 0.702600 0.000000 0.000000 -0.702200 -0.588300 -0.401100
0.368600 0.555900 0.710300 0.000000 0.000000 -0.885900 0.114600 -0.449500
0.397100 0.587300 0.660200 0.000000 0.000000 -0.961800 0.189800 -0.197400
0.369200 0.560400 0.710900 0.000000 0.000000 -0.944600 0.211400 -0.251200
0.367400 0.560400 0.718500 0.000000 0.000000 -0.256800 0.831100 -0.493300
0.246500 0.607400 0.660200 0.000000 0.000000 0.889600 -0.359400 -0.282000
0.237200 0.587300 0.660200 0.000000 0.000000 0.956600 0.237500 -0.168700
0.256000 0.627100 0.662800 0.000000 0.000000 0.973900 -0.092300 -0.207500
0.256000 0.627500 0.664900 0.000000 0.000000 0.954300 -0.154800 -0.255700
0.274900 0.634700 0.703800 0.000000 0.000000 0.000000 -0.719700 -0.694300
0.272700 0.634700 0.703800 0.000000 0.000000 0.390100 -0.634500 -0.667200
0.388400 0.607400 0.660200 0.000000 0.000000 -0.880500 -0.367000 -0.299900
0.378900 0.627100 0.662800 0.000000 0.000000 -0.878600 -0.316800 -0.357400
0.378000 0.627500 0.664900 0.000000 0.000000 -0.934700 -0.202100 -0.292500
0.365000 0.634700 0.703800 0.000000 0.000000 -0.415700 -0.627100 -0.658700
0.250600 0.574800 0.683400 0.000000 0.000000 0.870700 0.425300 -0.247000
0.261900 0.564600 0.703200 0.000000 0.000000 0.881300 0.362800 -0.302800
0.266300 0.560400 0.710900 0.000000 0.000000 0.886700 0.346900 -0.305600
0.268900 0.560400 0.718500 0.000000 0.000000 0.239600 0.838100 -0.490200
0.364600 0.647900 0.718700 0.000000 0.000000 0.000000 0.977900 -0.209000
0.362400 0.642900 0.695300 0.000000 0.000000 0.000000 0.274900 -0.961500
0.361400 0.634700 0.703800 0.000000 0.000000 0.000000 -0.719700 -0.694300
0.000000 0.923100 0.777400 0.000000 0.000000 -0.000000 -0.915600 -0.402200
0.069800 0.922500 0.773100 0.000000 0.000000 0.692500 -0.693700 -0.198300
0.069600 0.922000 0.774100 0.000000 0.000000 0.660300 -0.751000 0.002800
0.000000 0.922600 0.778500 0.000000 0.000000 -0.000200 -0.915900 -0.401500
0.063900 0.919600 0.780400 0.000000 0.000000 0.327400 -0.858000 0.395700
0.000000 0.920100 0.784400 0.000000 0.000000 -0.000300 -0.916800 0.399400
0.000000 0.928400 0.779700 0.000000 0.000000 0.000000 0.930900 0.365300
0.000000 0.928000 0.780800 0.000000 0.000000 0.000100 0.930200 0.367000
0.069800 0.927400 0.776400 0.000000 0.000000 0.720500 0.474700 0.505500
0.069900 0.927800 0.775300 0.000000 0.000000 0.720600 0.612100 0.325700
0.064000 0.924900 0.782700 0.000000 0.000000 0.361300 0.292300 0.885400
0.000000 0.925500 0.786700 0.000000 0.000000 0.000200 0.368200 0.929800
0.079500 0.950000 0.706600 0.000000 0.000000 0.585100 -0.325200 -0.742900
0.000000 0.950900 0.711600 0.000000 0.000000 -0.000000 -0.381200 -0.924500
0.000000 0.956300 0.713900 0.000000 0.000000 -0.000000 0.937300 -0.348400
0.079700 0.955400 0.708900 0.000000 0.000000 0.624800 0.720800 -0.300000
-0.069600 0.922000 0.774100 0.000000 0.000000 -0.660200 -0.751100 0.002800
-0.069800 0.922500 0.773100 0.000000 0.000000 -0.692200 -0.694000 -0.197900
-0.063900 0.919600 0.780400 0.000000 0.000000 -0.327000 -0.858400 0.395300
-0.069900 0.927800 0.775300 0.000000 0.000000 -0.720400 0.612100 0.326200
-0.069800 0.927400 0.776400 0.000000 0.000000 -0.720600 0.474700 0.505500
-0.064000 0.924900 0.782700 0.000000 0.000000 -0.361500 0.292100 0.885500
-0.079700 0.955400 0.708900 0.000000 0.000000 -0.624400 0.721100 -0.300300
-0.079500 0.950000 0.706600 0.000000 0.000000 -0.584600 -0.325100 -0.743300
0.267400 0.732300 0.998700 0.000000 0.000000 -0.418400 0.497100 0.760100
0.195100 0.729400 0.868200 0.000000 0.000000 -0.900700 0.362200 0.239800
0.195100 0.720400 0.868100 0.000000 0.000000 -0.675600 0.258300 0.690600
0.267400 0.720700 0.998700 0.000000 0.000000 -0.507800 0.000000 0.861500
0.245500 0.784800 0.839700 0.000000 0.000000 -0.385400 0.906900 0.170100
0.446800 0.729400 0.807700 0.000000 0.000000 0.936600 0.350400 0.009600
0.446800 0.729400 0.868200 0.000000 0.000000 0.900700 0.362200 0.239800
0.446800 0.720400 0.868100 0.000000 0.000000 0.670700 0.255100 0.696400
0.446800 0.720400 0.807400 0.000000 0.000000 0.489200 0.872200 -0.000000
0.195100 0.720400 0.807400 0.000000 0.000000 -0.499500 0.866300 -0.000000
0.195100 0.729400 0.807700 0.000000 0.000000 -0.936600 0.350400 0.009600
0.374500 0.732300 0.998700 0.000000 0.000000 0.418400 0.497100 0.760100
0.374500 0.720700 0.998700 0.000000 0.000000 0.507800 0.000000 0.861500
0.396400 0.784800 0.839700 0.000000 0.000000 0.385400 0.906900 0.170100
0.193200 0.721500 0.868100 0.000000 0.000000 0.200800 0.729100 0.654300
0.193200 0.721500 0.806600 0.000000 0.000000 0.674100 0.736900 0.050900
0.448600 0.721500 0.806600 0.000000 0.000000 -0.681700 0.729900 0.050900
0.448600 0.721500 0.868100 0.000000 0.000000 -0.209900 0.728500 0.652100
0.464500 0.721700 0.868100 0.000000 0.000000 -0.082000 0.616100 0.783400
0.464500 0.747800 0.805900 0.000000 0.000000 -0.449800 0.874700 0.180300
0.177400 0.721700 0.868100 0.000000 0.000000 0.082000 0.616200 0.783300
0.177400 0.747800 0.805900 0.000000 0.000000 0.451100 0.874100 0.180100
0.167200 0.747800 0.804500 0.000000 0.000000 -0.194900 0.962900 0.186700
0.167200 0.721700 0.868100 0.000000 0.000000 -0.041500 0.591500 0.805200
0.474600 0.721700 0.868100 0.000000 0.000000 0.041600 0.591500 0.805200
0.474600 0.747800 0.804500 0.000000 0.000000 0.194700 0.962900 0.186600
0.102300 0.723500 0.794600 0.000000 0.000000 -0.358500 0.924800 0.127100
0.148100 0.723500 0.868200 0.000000 0.000000 -0.062900 0.738000 0.671900
0.493800 0.723500 0.868200 0.000000 0.000000 0.064100 0.738100 0.671700
0.539600 0.723500 0.794600 0.000000 0.000000 0.359000 0.924400 0.129200
0.500200 0.720400 0.868100 0.000000 0.000000 0.475300 0.417500 0.774500
0.547700 0.720400 0.793300 0.000000 0.000000 0.714100 0.698900 -0.039300
0.094200 0.720400 0.793300 0.000000 0.000000 -0.714000 0.699200 -0.036300
0.141700 0.720400 0.868100 0.000000 0.000000 -0.501000 0.403800 0.765500
0.197900 0.728000 0.697600 0.000000 0.000000 0.450200 -0.443000 -0.775300
0.195100 0.729400 0.698100 0.000000 0.000000 -0.878800 0.181200 -0.441500
0.245500 0.797700 0.626700 0.000000 0.000000 -0.496300 0.692700 -0.523300
0.246700 0.794300 0.625300 0.000000 0.000000 -0.252400 -0.377400 -0.891000
0.195100 0.720400 0.696800 0.000000 0.000000 0.210400 0.847300 -0.487700
0.197600 0.718600 0.696600 0.000000 0.000000 0.635300 -0.488300 -0.598400
0.444300 0.718600 0.696600 0.000000 0.000000 -0.635000 -0.486100 -0.600400
0.443900 0.728000 0.697600 0.000000 0.000000 -0.463100 -0.446000 -0.765900
0.446800 0.729400 0.698100 0.000000 0.000000 0.878500 0.167000 -0.447600
0.446800 0.720400 0.696800 0.000000 0.000000 -0.239000 0.849200 -0.470800
0.396400 0.797700 0.626700 0.000000 0.000000 0.495300 0.692600 -0.524500
0.395200 0.794300 0.625300 0.000000 0.000000 0.253500 -0.378800 -0.890100
0.195200 0.649900 0.687300 0.000000 0.000000 0.223600 0.799000 -0.558200
0.195100 0.645900 0.686700 0.000000 0.000000 0.234600 -0.811600 -0.535000
0.193200 0.646100 0.684000 0.000000 0.000000 0.663600 -0.334200 -0.669300
0.192400 0.649700 0.684500 0.000000 0.000000 0.073200 0.769600 -0.634300
0.191100 0.718500 0.694100 0.000000 0.000000 -0.242000 -0.645900 -0.724100
0.193200 0.721500 0.694500 0.000000 0.000000 0.591700 0.351700 -0.725400
0.449500 0.649700 0.684500 0.000000 0.000000 -0.105700 0.766300 -0.633700
0.448600 0.646100 0.684000 0.000000 0.000000 -0.705700 -0.294200 -0.644600
0.446800 0.645900 0.686700 0.000000 0.000000 -0.216700 -0.794200 -0.567700
0.446700 0.649900 0.687300 0.000000 0.000000 -0.212900 0.786500 -0.579700
0.448600 0.721500 0.694500 0.000000 0.000000 -0.598900 0.348200 -0.721200
0.450700 0.718500 0.694100 0.000000 0.000000 0.237900 -0.647600 -0.723900
0.177400 0.633800 0.676700 0.000000 0.000000 0.446200 -0.653800 -0.611100
0.167200 0.633800 0.672100 0.000000 0.000000 0.224200 -0.696900 -0.681200
0.167500 0.637800 0.672700 0.000000 0.000000 0.369100 0.648300 -0.666000
0.176500 0.637500 0.677200 0.000000 0.000000 0.172600 0.680000 -0.712700
0.167200 0.747800 0.689300 0.000000 0.000000 0.087800 0.808600 -0.581800
0.177400 0.747800 0.693300 0.000000 0.000000 0.487500 0.707900 -0.511100
0.176000 0.744600 0.692800 0.000000 0.000000 0.028300 -0.478600 -0.877600
0.167800 0.743900 0.688700 0.000000 0.000000 0.481700 -0.498100 -0.721000
0.474400 0.637800 0.672700 0.000000 0.000000 -0.373100 0.651200 -0.660900
0.474600 0.633800 0.672100 0.000000 0.000000 -0.228100 -0.694800 -0.682100
0.464500 0.633800 0.676700 0.000000 0.000000 -0.445600 -0.654000 -0.611300
0.465400 0.637500 0.677200 0.000000 0.000000 -0.172200 0.680100 -0.712600
0.474100 0.743900 0.688700 0.000000 0.000000 -0.463100 -0.514400 -0.721800
0.465900 0.744600 0.692800 0.000000 0.000000 -0.052700 -0.510300 -0.858400
0.464500 0.747800 0.693300 0.000000 0.000000 -0.497300 0.711000 -0.497200
0.474600 0.747800 0.689300 0.000000 0.000000 -0.071700 0.810100 -0.581900
0.102300 0.644600 0.644400 0.000000 0.000000 0.218000 -0.700400 -0.679600
0.102800 0.648500 0.645100 0.000000 0.000000 0.309400 0.718100 -0.623400
0.094200 0.645900 0.640700 0.000000 0.000000 -0.512200 -0.503800 -0.695600
0.094200 0.687700 0.648900 0.000000 0.000000 -0.707500 0.134900 -0.693700
0.097600 0.687700 0.648900 0.000000 0.000000 0.596400 0.148700 -0.788800
0.096100 0.647900 0.641100 0.000000 0.000000 0.393500 0.166600 -0.904100
0.094200 0.720400 0.655200 0.000000 0.000000 -0.587800 0.556200 -0.587500
0.096400 0.718600 0.654900 0.000000 0.000000 0.459800 0.141000 -0.876800
0.547700 0.687700 0.648900 0.000000 0.000000 0.711600 0.121900 -0.692000
0.546200 0.645900 0.640700 0.000000 0.000000 0.478400 -0.518700 -0.708500
0.544200 0.647900 0.641100 0.000000 0.000000 -0.463600 0.087300 -0.881700
0.544300 0.687700 0.648900 0.000000 0.000000 -0.598200 0.153400 -0.786600
0.539600 0.723500 0.659300 0.000000 0.000000 0.006500 0.811100 -0.584900
0.538500 0.719700 0.658600 0.000000 0.000000 -0.460100 -0.548500 -0.698200
0.545500 0.718600 0.654900 0.000000 0.000000 -0.460500 0.138600 -0.876700
0.547700 0.720400 0.655200 0.000000 0.000000 0.587800 0.556200 -0.587500
0.537600 0.648500 0.645100 0.000000 0.000000 -0.300400 0.710900 -0.635900
0.538100 0.644600 0.644400 0.000000 0.000000 -0.201000 -0.684300 -0.700900
0.102300 0.723500 0.659300 0.000000 0.000000 -0.002600 0.809100 -0.587700
0.103300 0.719700 0.658600 0.000000 0.000000 0.463700 -0.550900 -0.693900
0.248900 0.771400 0.729200 0.000000 0.000000 0.379200 -0.903400 -0.200000
0.201600 0.727200 0.724500 0.000000 0.000000 0.896600 -0.421400 -0.135900
0.201300 0.714500 0.723400 0.000000 0.000000 0.759400 -0.619600 -0.198500
0.440600 0.714500 0.723400 0.000000 0.000000 -0.756500 -0.623200 -0.198100
0.440200 0.727200 0.724500 0.000000 0.000000 -0.900500 -0.406700 -0.154200
0.393000 0.771400 0.729200 0.000000 0.000000 -0.371400 -0.905000 -0.207300
0.192400 0.654000 0.714400 0.000000 0.000000 -0.146400 0.978600 -0.144500
0.195200 0.654200 0.717100 0.000000 0.000000 0.022700 0.989500 -0.142800
0.187900 0.714400 0.720900 0.000000 0.000000 -0.440500 -0.878400 -0.185400
0.446700 0.654200 0.717100 0.000000 0.000000 -0.022700 0.989500 -0.142800
0.449500 0.654000 0.714400 0.000000 0.000000 0.146400 0.978600 -0.144500
0.454000 0.714400 0.720900 0.000000 0.000000 0.440600 -0.878200 -0.186300
0.167500 0.642800 0.703400 0.000000 0.000000 0.157600 0.973800 -0.164100
0.176500 0.642500 0.707800 0.000000 0.000000 -0.323500 0.933900 -0.152400
0.167800 0.742100 0.715000 0.000000 0.000000 0.249600 -0.966600 -0.058600
0.172400 0.742800 0.719100 0.000000 0.000000 -0.563900 -0.815100 -0.133000
0.465400 0.642500 0.707800 0.000000 0.000000 0.323600 0.933800 -0.152600
0.474400 0.642800 0.703400 0.000000 0.000000 -0.158900 0.973700 -0.163100
0.474100 0.742100 0.715000 0.000000 0.000000 -0.249700 -0.966600 -0.058400
0.469500 0.742800 0.719100 0.000000 0.000000 0.563900 -0.815100 -0.133000
0.111900 0.652900 0.676400 0.000000 0.000000 0.203800 0.959600 -0.193900
0.106900 0.689500 0.678300 0.000000 0.000000 0.952000 0.054500 -0.301300
0.105500 0.652300 0.672600 0.000000 0.000000 0.567400 0.775300 -0.277600
0.105800 0.718400 0.682800 0.000000 0.000000 0.621100 -0.754400 -0.212600
0.536400 0.652300 0.672600 0.000000 0.000000 -0.572000 0.775700 -0.266800
0.535000 0.689500 0.678300 0.000000 0.000000 -0.949900 0.056000 -0.307600
0.529500 0.719400 0.686400 0.000000 0.000000 -0.380300 -0.915300 -0.132800
0.536100 0.718400 0.682800 0.000000 0.000000 -0.618000 -0.756600 -0.213700
0.530000 0.652900 0.676400 0.000000 0.000000 -0.195200 0.963600 -0.182800
0.112400 0.719400 0.686400 0.000000 0.000000 0.381100 -0.914700 -0.134600
0.396400 0.789500 0.761800 0.000000 0.000000 0.411700 0.909600 0.055200
0.245500 0.789500 0.761800 0.000000 0.000000 -0.411700 0.909600 0.055200
0.396400 0.794800 0.674900 0.000000 0.000000 0.467400 0.596200 -0.652700
0.245500 0.794800 0.674900 0.000000 0.000000 -0.467300 0.596300 -0.652700
0.195100 0.729400 0.737200 0.000000 0.000000 -0.882100 0.156100 -0.444500
0.195100 0.720400 0.736300 0.000000 0.000000 0.312000 0.710300 -0.631000
0.193200 0.721500 0.734500 0.000000 0.000000 0.608700 0.533800 0.587000
0.177400 0.747800 0.733500 0.000000 0.000000 0.460500 0.777000 -0.429100
0.167200 0.747800 0.730400 0.000000 0.000000 0.005400 0.826400 -0.563000
0.102300 0.723500 0.707600 0.000000 0.000000 -0.090600 0.809100 -0.580700
0.094200 0.720400 0.704500 0.000000 0.000000 -0.596700 0.523500 -0.608100
0.094200 0.687700 0.699900 0.000000 0.000000 -0.675100 0.103000 -0.730500
0.094200 0.687700 0.791800 0.000000 0.000000 -0.974600 0.010300 -0.223900
0.094200 0.645900 0.694000 0.000000 0.000000 -0.779000 -0.569600 -0.262100
0.094200 0.645900 0.789900 0.000000 0.000000 -0.744300 -0.667900 -0.000000
0.102300 0.644600 0.696700 0.000000 0.000000 -0.160700 -0.987000 -0.000000
0.102300 0.644600 0.791100 0.000000 0.000000 -0.161600 -0.986900 -0.000000
0.167200 0.633800 0.800000 0.000000 0.000000 -0.075000 -0.997200 -0.000000
0.167200 0.633800 0.717700 0.000000 0.000000 -0.099200 -0.995100 -0.000000
0.177400 0.633800 0.721200 0.000000 0.000000 0.263500 -0.964700 -0.000000
0.177400 0.633800 0.801500 0.000000 0.000000 0.351800 -0.936100 -0.000000
0.193200 0.646100 0.803800 0.000000 0.000000 0.216500 -0.976300 -0.000000
0.193200 0.646100 0.726700 0.000000 0.000000 0.433900 -0.901000 -0.000000
0.195100 0.645900 0.728800 0.000000 0.000000 -0.063400 -0.998000 -0.000000
0.195100 0.645900 0.804600 0.000000 0.000000 -0.044800 -0.999000 -0.000000
0.446800 0.645900 0.728800 0.000000 0.000000 0.067200 -0.997700 -0.000000
0.446800 0.645900 0.804600 0.000000 0.000000 0.046900 -0.998900 -0.000000
0.448600 0.646100 0.726700 0.000000 0.000000 -0.435700 -0.900100 -0.000000
0.448600 0.646100 0.803800 0.000000 0.000000 -0.210100 -0.977700 -0.000000
0.464500 0.633800 0.721200 0.000000 0.000000 -0.262200 -0.965000 -0.000000
0.464500 0.633800 0.801500 0.000000 0.000000 -0.350300 -0.936600 -0.000000
0.474600 0.633800 0.717700 0.000000 0.000000 0.100800 -0.994900 -0.000000
0.474600 0.633800 0.800000 0.000000 0.000000 0.075300 -0.997200 -0.000500
0.538600 0.644600 0.696700 0.000000 0.000000 0.160800 -0.987000 -0.001300
0.539600 0.644600 0.791100 0.000000 0.000000 0.161200 -0.986900 -0.001700
0.546700 0.645900 0.694000 0.000000 0.000000 0.767600 -0.580200 -0.272300
0.547700 0.645900 0.789900 0.000000 0.000000 0.744000 -0.668200 -0.002900
0.547700 0.687700 0.699900 0.000000 0.000000 0.676700 0.096100 -0.730000
0.547700 0.687700 0.791800 0.000000 0.000000 0.974600 0.010300 -0.223900
0.547700 0.720400 0.704500 0.000000 0.000000 0.597300 0.523100 -0.608000
0.539600 0.723500 0.707600 0.000000 0.000000 0.091600 0.811300 -0.577500
0.474600 0.747800 0.730400 0.000000 0.000000 -0.007800 0.824700 -0.565600
0.464500 0.747800 0.733500 0.000000 0.000000 -0.459800 0.777300 -0.429400
0.448600 0.721500 0.734500 0.000000 0.000000 -0.620500 0.529100 0.578800
0.446800 0.720400 0.736300 0.000000 0.000000 -0.322200 0.708800 -0.627600
0.446800 0.729400 0.737200 0.000000 0.000000 0.880200 0.155300 -0.448500
0.267400 0.717500 0.998700 0.000000 0.000000 -0.488400 0.467800 0.736600
0.195100 0.717200 0.868100 0.000000 0.000000 -0.472800 0.310100 0.824800
0.374500 0.717500 0.998700 0.000000 0.000000 0.489300 0.466700 0.736700
0.446800 0.717200 0.868100 0.000000 0.000000 0.469400 0.311700 0.826100
0.193200 0.718200 0.868100 0.000000 0.000000 0.046300 0.152000 0.987300
0.448600 0.718200 0.868100 0.000000 0.000000 -0.047400 0.151500 0.987300
0.167200 0.718400 0.868100 0.000000 0.000000 0.007700 0.215800 0.976400
0.177400 0.718400 0.868100 0.000000 0.000000 0.001900 0.212800 0.977100
0.474600 0.718400 0.868100 0.000000 0.000000 -0.007900 0.215900 0.976400
0.464500 0.718400 0.868100 0.000000 0.000000 -0.001900 0.212800 0.977100
0.547700 0.717200 0.806100 0.000000 0.000000 0.504700 0.813900 0.287800
0.500200 0.717200 0.868100 0.000000 0.000000 0.471000 0.445300 0.761500
0.493800 0.720200 0.868200 0.000000 0.000000 0.013800 0.189100 0.981900
0.141700 0.717200 0.868100 0.000000 0.000000 -0.484400 0.460400 0.743900
0.148100 0.720200 0.868200 0.000000 0.000000 -0.013200 0.187700 0.982100
0.094200 0.717200 0.806100 0.000000 0.000000 -0.481000 0.828100 0.287800
0.183900 0.701000 0.875400 0.000000 0.000000 -0.274500 0.549300 0.789300
0.262600 0.701300 1.017700 0.000000 0.000000 -0.300100 0.761900 0.573900
0.379200 0.701300 1.017700 0.000000 0.000000 0.299900 0.761300 0.574900
0.458000 0.701000 0.875400 0.000000 0.000000 0.274000 0.546100 0.791600
0.181800 0.702200 0.875500 0.000000 0.000000 0.087900 0.365900 0.926500
0.460000 0.702200 0.875500 0.000000 0.000000 -0.089500 0.362700 0.927600
0.153500 0.702400 0.875500 0.000000 0.000000 0.026500 0.400800 0.915800
0.164600 0.702400 0.875500 0.000000 0.000000 0.001500 0.418800 0.908100
0.477300 0.702400 0.875500 0.000000 0.000000 -0.001500 0.418800 0.908100
0.488400 0.702400 0.875500 0.000000 0.000000 -0.027500 0.398400 0.916800
0.516200 0.701000 0.875400 0.000000 0.000000 0.504800 0.713900 0.485400
0.567900 0.701000 0.806700 0.000000 0.000000 0.783800 0.587000 -0.202500
0.509200 0.704400 0.875500 0.000000 0.000000 0.231600 0.584900 0.777300
0.125700 0.701000 0.875400 0.000000 0.000000 -0.504800 0.713900 0.485400
0.132700 0.704400 0.875500 0.000000 0.000000 -0.231200 0.585100 0.777300
0.074000 0.701000 0.806700 0.000000 0.000000 -0.783800 0.587000 -0.202500
0.245500 0.795200 0.670900 0.000000 0.000000 -0.262200 0.808600 0.526700
0.396400 0.795200 0.670900 0.000000 0.000000 0.254200 0.811900 0.525600
0.195100 0.729400 0.734600 0.000000 0.000000 -0.524700 0.421400 0.739700
0.195100 0.720400 0.733600 0.000000 0.000000 -0.693100 -0.211700 0.689100
0.193200 0.721500 0.731700 0.000000 0.000000 0.420900 0.537000 -0.731100
0.177400 0.747800 0.730700 0.000000 0.000000 0.282800 0.568000 0.772900
0.167200 0.747800 0.727500 0.000000 0.000000 -0.318500 0.618400 0.718500
0.102300 0.723500 0.703600 0.000000 0.000000 -0.467500 0.479800 0.742500
0.094200 0.720400 0.700400 0.000000 0.000000 -0.726500 0.390400 0.565600
0.094200 0.687700 0.695500 0.000000 0.000000 -0.739700 -0.099200 0.665500
0.094200 0.645900 0.689300 0.000000 0.000000 -0.764600 -0.611300 0.204400
0.102300 0.644600 0.689000 0.000000 0.000000 -0.161500 -0.986900 -0.000000
0.167200 0.633800 0.711000 0.000000 0.000000 -0.065100 -0.997900 -0.000000
0.177400 0.633800 0.714600 0.000000 0.000000 0.389200 -0.921100 -0.000000
0.193200 0.646100 0.720400 0.000000 0.000000 0.154900 -0.987900 -0.000000
0.195100 0.645900 0.722600 0.000000 0.000000 -0.032800 -0.999500 -0.000000
0.446800 0.645900 0.722600 0.000000 0.000000 0.033700 -0.999400 -0.000000
0.448600 0.646100 0.720400 0.000000 0.000000 -0.148300 -0.988900 -0.000000
0.464500 0.633800 0.714600 0.000000 0.000000 -0.387800 -0.921700 -0.000000
0.474600 0.633800 0.711000 0.000000 0.000000 0.065900 -0.997800 -0.000000
0.538500 0.644600 0.689000 0.000000 0.000000 0.163000 -0.986600 -0.001200
0.546600 0.645900 0.689300 0.000000 0.000000 0.755900 -0.622000 0.204500
0.547700 0.687700 0.695500 0.000000 0.000000 0.741600 -0.108100 0.662100
0.547700 0.720400 0.700400 0.000000 0.000000 0.725900 0.390500 0.566200
0.539600 0.723500 0.703600 0.000000 0.000000 0.467900 0.476400 0.744400
0.474600 0.747800 0.727500 0.000000 0.000000 0.319400 0.621000 0.715700
0.464500 0.747800 0.730700 0.000000 0.000000 -0.281100 0.568800 0.772900
0.448600 0.721500 0.731700 0.000000 0.000000 -0.412700 0.527500 -0.742500
0.446800 0.720400 0.733600 0.000000 0.000000 0.693600 -0.218300 0.686500
0.446800 0.729400 0.734600 0.000000 0.000000 0.530300 0.416400 0.738500
0.395100 0.792800 0.670900 0.000000 0.000000 -0.096700 0.581500 0.807800
0.246800 0.792800 0.670900 0.000000 0.000000 0.094700 0.581200 0.808300
0.246800 0.792400 0.674900 0.000000 0.000000 -0.572300 0.496500 -0.652700
0.395100 0.792400 0.674900 0.000000 0.000000 0.573500 0.495000 -0.652800
0.197200 0.727000 0.737200 0.000000 0.000000 -0.592400 0.053100 -0.803900
0.197200 0.727000 0.734600 0.000000 0.000000 -0.627200 0.333400 0.703900
0.197200 0.718000 0.733600 0.000000 0.000000 -0.493700 0.716600 0.492700
0.197200 0.718000 0.736300 0.000000 0.000000 -0.356400 0.740400 -0.569800
0.195400 0.719000 0.734500 0.000000 0.000000 0.691200 0.714000 -0.111100
0.195400 0.719000 0.731700 0.000000 0.000000 0.179500 0.099100 0.978800
0.179900 0.745400 0.730700 0.000000 0.000000 0.271800 0.690000 -0.670800
0.179900 0.745400 0.733500 0.000000 0.000000 0.486600 0.675700 0.553800
0.169900 0.745400 0.727500 0.000000 0.000000 -0.397300 0.486500 0.778100
0.169900 0.745400 0.730400 0.000000 0.000000 0.091100 0.782600 -0.615900
0.106000 0.721100 0.703600 0.000000 0.000000 -0.469000 0.482900 0.739500
0.106000 0.721100 0.707600 0.000000 0.000000 -0.092200 0.800400 -0.592400
0.098100 0.718000 0.700400 0.000000 0.000000 -0.574500 0.005300 0.818500
0.098100 0.718000 0.704500 0.000000 0.000000 -0.285600 0.550500 -0.784500
0.098100 0.685200 0.695500 0.000000 0.000000 -0.739400 -0.099100 0.665900
0.098100 0.685200 0.699900 0.000000 0.000000 -0.674300 0.103800 -0.731100
0.098100 0.652300 0.690500 0.000000 0.000000 -0.517300 -0.128600 0.846100
0.098100 0.652300 0.695200 0.000000 0.000000 -0.504700 0.120700 -0.854800
0.542900 0.652300 0.695200 0.000000 0.000000 0.506100 0.106900 -0.855800
0.542800 0.652300 0.690500 0.000000 0.000000 0.527000 -0.140200 0.838200
0.543800 0.685200 0.695500 0.000000 0.000000 0.737300 -0.112200 0.666200
0.543800 0.685200 0.699900 0.000000 0.000000 0.671600 0.095500 -0.734700
0.543800 0.718000 0.700400 0.000000 0.000000 0.572600 0.008300 0.819800
0.543800 0.718000 0.704500 0.000000 0.000000 0.284600 0.548400 -0.786300
0.535800 0.721100 0.703600 0.000000 0.000000 0.467300 0.482200 0.741000
0.535800 0.721100 0.707600 0.000000 0.000000 0.092900 0.802200 -0.589800
0.472000 0.745400 0.727500 0.000000 0.000000 0.397900 0.490000 0.775600
0.472000 0.745400 0.730400 0.000000 0.000000 -0.093200 0.780000 -0.618800
0.462000 0.745400 0.730700 0.000000 0.000000 -0.271800 0.690000 -0.670800
0.462000 0.745400 0.733500 0.000000 0.000000 -0.486600 0.675700 0.553800
0.446500 0.719000 0.734500 0.000000 0.000000 -0.684500 0.719600 -0.116500
0.446500 0.719000 0.731700 0.000000 0.000000 -0.164400 0.134400 0.977200
0.444600 0.718000 0.733600 0.000000 0.000000 0.499900 0.708600 0.497900
0.444600 0.718000 0.736300 0.000000 0.000000 0.366400 0.736200 -0.569100
0.444600 0.727000 0.737200 0.000000 0.000000 0.594000 0.047900 -0.803000
0.444600 0.727000 0.734600 0.000000 0.000000 0.624800 0.338000 0.703900
-0.081300 0.908400 0.690000 0.000000 0.000000 -0.836900 0.000000 0.547300
-0.081300 0.893400 0.690000 0.000000 0.000000 -0.668100 -0.602200 0.437000
-0.076500 0.893400 0.692100 0.000000 0.000000 -0.283300 -0.707900 0.647000
-0.076500 0.908400 0.692100 0.000000 0.000000 -0.404500 0.000000 0.914500
-0.076500 0.938600 0.682300 0.000000 0.000000 0.000000 0.707100 -0.707100
-0.081300 0.938600 0.682300 0.000000 0.000000 -0.577400 0.577400 -0.577400
-0.081300 0.938600 0.683700 0.000000 0.000000 -0.707100 0.707100 -0.000000
-0.076500 0.938600 0.683700 0.000000 0.000000 0.000000 1.000000 -0.000000
-0.070400 0.896200 0.682300 0.000000 0.000000 0.000000 -0.707100 -0.707100
-0.074900 0.896200 0.682300 0.000000 0.000000 -0.577400 -0.577400 -0.577400
-0.074900 0.909400 0.682300 0.000000 0.000000 -0.707100 0.000000 -0.707100
-0.070400 0.909400 0.682300 0.000000 0.000000 0.000000 0.000000 -1.000000
-0.076500 0.893400 0.682300 0.000000 0.000000 0.000000 -0.707100 -0.707100
-0.076500 0.893400 0.683700 0.000000 0.000000 0.000000 -1.000000 -0.000000
-0.081300 0.893400 0.683700 0.000000 0.000000 -0.707100 -0.707100 -0.000000
-0.081300 0.893400 0.682300 0.000000 0.000000 -0.577400 -0.577400 -0.577400
0.081300 0.908400 0.682300 0.000000 0.000000 0.707100 0.000000 -0.707100
0.081300 0.908400 0.683700 0.000000 0.000000 1.000000 0.000000 -0.000000
0.081300 0.893400 0.683700 0.000000 0.000000 0.707100 -0.707100 -0.000000
0.081300 0.893400 0.682300 0.000000 0.000000 0.577400 -0.577400 -0.577400
-0.081300 0.908400 0.682300 0.000000 0.000000 -0.707100 0.000000 -0.707100
-0.081300 0.908400 0.683700 0.000000 0.000000 -1.000000 0.000000 -0.000000
-0.076100 0.936000 0.682300 0.000000 0.000000 0.301500 -0.301500 -0.904500
-0.071600 0.936000 0.682300 0.000000 0.000000 0.000000 -0.707100 -0.707100
0.076100 0.895900 0.682300 0.000000 0.000000 -0.301500 0.301500 -0.904500
0.076100 0.909300 0.682300 0.000000 0.000000 -0.707100 0.000000 -0.707100
-0.076100 0.895900 0.682300 0.000000 0.000000 0.301500 0.301500 -0.904500
-0.071600 0.895900 0.682300 0.000000 0.000000 0.000000 0.707100 -0.707100
-0.076100 0.909300 0.682300 0.000000 0.000000 0.707100 0.000000 -0.707100
-0.071600 0.936000 0.685400 0.000000 0.000000 0.000000 -0.132700 -0.991200
-0.076100 0.936000 0.685400 0.000000 0.000000 0.392400 -0.519700 -0.759000
0.076100 0.909300 0.685400 0.000000 0.000000 -0.402700 0.000000 -0.915300
0.076100 0.895900 0.685400 0.000000 0.000000 -0.392400 0.519700 -0.759000
-0.071600 0.895900 0.685400 0.000000 0.000000 0.000000 0.132700 -0.991200
-0.076100 0.895900 0.685400 0.000000 0.000000 0.392400 0.519700 -0.759000
-0.076100 0.909300 0.685400 0.000000 0.000000 0.402700 0.000000 -0.915300
0.076500 0.893400 0.682300 0.000000 0.000000 0.000000 -0.707100 -0.707100
0.071600 0.895900 0.682300 0.000000 0.000000 0.000000 0.707100 -0.707100
0.076500 0.893400 0.683700 0.000000 0.000000 0.000000 -1.000000 -0.000000
0.076500 0.893400 0.692100 0.000000 0.000000 0.273500 -0.703200 0.656300
0.081300 0.893400 0.690000 0.000000 0.000000 0.668100 -0.602200 0.437000
0.081300 0.908400 0.690000 0.000000 0.000000 0.836900 0.000000 0.547300
0.076500 0.908400 0.692100 0.000000 0.000000 0.396200 -0.006700 0.918100
0.076500 0.938600 0.682300 0.000000 0.000000 0.000000 0.707100 -0.707100
0.076500 0.938600 0.683700 0.000000 0.000000 0.000000 1.000000 -0.000000
0.081300 0.938600 0.683700 0.000000 0.000000 0.707100 0.707100 -0.000000
0.081300 0.938600 0.682300 0.000000 0.000000 0.577400 0.577400 -0.577400
0.076100 0.936000 0.682300 0.000000 0.000000 -0.301500 -0.301500 -0.904500
0.071600 0.936000 0.682300 0.000000 0.000000 0.000000 -0.707100 -0.707100
0.076100 0.936000 0.685400 0.000000 0.000000 -0.392400 -0.519700 -0.759000
0.071600 0.936000 0.685400 0.000000 0.000000 0.000000 -0.132700 -0.991200
0.070400 0.896200 0.682300 0.000000 0.000000 0.000000 -0.707100 -0.707100
0.070400 0.909400 0.682300 0.000000 0.000000 0.000000 0.000000 -1.000000
0.074900 0.909400 0.682300 0.000000 0.000000 0.707100 0.000000 -0.707100
0.074900 0.896200 0.682300 0.000000 0.000000 0.577400 -0.577400 -0.577400
0.071600 0.895900 0.685400 0.000000 0.000000 0.000000 0.132700 -0.991200
-0.023900 0.895900 0.682300 0.000000 0.000000 0.000000 0.707100 -0.707100
-0.025500 0.893400 0.682300 0.000000 0.000000 0.000000 -0.707100 -0.707100
-0.025500 0.893400 0.683700 0.000000 0.000000 0.000000 -1.000000 -0.000000
-0.025500 0.893400 0.712300 0.000000 0.000000 -0.131200 -0.727600 0.673400
-0.025500 0.908400 0.714900 0.000000 0.000000 0.007100 0.110700 0.993800
-0.025500 0.938600 0.683700 0.000000 0.000000 0.000000 1.000000 -0.000000
-0.025500 0.938600 0.682300 0.000000 0.000000 0.000000 0.707100 -0.707100
-0.023900 0.936000 0.682300 0.000000 0.000000 0.000000 -0.707100 -0.707100
-0.023900 0.936000 0.685400 0.000000 0.000000 0.000000 -0.132700 -0.991200
-0.023500 0.909400 0.682300 0.000000 0.000000 0.000000 0.000000 -1.000000
-0.023500 0.896200 0.682300 0.000000 0.000000 0.000000 -0.707100 -0.707100
-0.023900 0.895900 0.685400 0.000000 0.000000 0.000000 0.132700 -0.991200
0.081300 0.893400 0.686400 0.000000 0.000000 0.707100 -0.707100 -0.000000
0.076500 0.893400 0.687900 0.000000 0.000000 0.000000 -1.000000 -0.000000
-0.076500 0.893400 0.687900 0.000000 0.000000 0.000000 -1.000000 -0.000000
-0.025500 0.893400 0.695100 0.000000 0.000000 0.000000 -1.000000 -0.000000
-0.081300 0.893400 0.686400 0.000000 0.000000 -0.707100 -0.707100 -0.000000
-0.081300 0.908400 0.686400 0.000000 0.000000 -1.000000 0.000000 -0.000000
-0.081300 0.938600 0.686400 0.000000 0.000000 -0.707100 0.707100 -0.000000
-0.081300 0.938600 0.690000 0.000000 0.000000 -0.668100 0.602200 0.437000
-0.076500 0.938600 0.692100 0.000000 0.000000 -0.283300 0.707900 0.647000
-0.076500 0.938600 0.687900 0.000000 0.000000 0.000000 1.000000 -0.000000
-0.025500 0.938600 0.712300 0.000000 0.000000 -0.131300 0.727200 0.673800
-0.025500 0.938600 0.695100 0.000000 0.000000 0.000000 1.000000 -0.000000
0.076500 0.938600 0.692100 0.000000 0.000000 0.273500 0.703200 0.656300
0.081300 0.938600 0.690000 0.000000 0.000000 0.668100 0.602200 0.437000
0.081300 0.938600 0.686400 0.000000 0.000000 0.707100 0.707100 -0.000000
0.076500 0.938600 0.687900 0.000000 0.000000 0.000000 1.000000 -0.000000
0.081300 0.908400 0.686400 0.000000 0.000000 1.000000 0.000000 -0.000000
0.025500 0.908400 0.714900 0.000000 0.000000 0.001700 0.104300 0.994500
0.025500 0.893400 0.712300 0.000000 0.000000 0.144900 -0.723200 0.675200
0.025500 0.938600 0.695100 0.000000 0.000000 0.000000 1.000000 -0.000000
0.025500 0.938600 0.712300 0.000000 0.000000 0.145000 0.722800 0.675600
0.025500 0.938600 0.683700 0.000000 0.000000 0.000000 1.000000 -0.000000
0.025500 0.938600 0.682300 0.000000 0.000000 0.000000 0.707100 -0.707100
0.023900 0.936000 0.682300 0.000000 0.000000 0.000000 -0.707100 -0.707100
0.023900 0.936000 0.685400 0.000000 0.000000 0.000000 -0.132700 -0.991200
0.023500 0.896200 0.682300 0.000000 0.000000 0.000000 -0.707100 -0.707100
0.023500 0.909400 0.682300 0.000000 0.000000 0.000000 0.000000 -1.000000
0.023900 0.895900 0.685400 0.000000 0.000000 0.000000 0.132700 -0.991200
0.023900 0.895900 0.682300 0.000000 0.000000 0.000000 0.707100 -0.707100
0.025500 0.893400 0.682300 0.000000 0.000000 0.000000 -0.707100 -0.707100
0.025500 0.893400 0.683700 0.000000 0.000000 0.000000 -1.000000 -0.000000
0.025500 0.893400 0.695100 0.000000 0.000000 0.000000 -1.000000 -0.000000
0.022400 0.908400 0.714900 0.000000 0.000000 0.000000 0.575100 0.818100
0.022400 0.893400 0.712300 0.000000 0.000000 0.000000 -0.765100 0.643900
0.022400 0.938600 0.695100 0.000000 0.000000 0.000000 1.000000 -0.000000
0.022400 0.938600 0.712300 0.000000 0.000000 0.000000 0.764800 0.644300
0.022400 0.938600 0.683700 0.000000 0.000000 0.000000 1.000000 -0.000000
0.022400 0.938600 0.682300 0.000000 0.000000 0.000000 0.707100 -0.707100
0.020900 0.936000 0.682300 0.000000 0.000000 0.000000 -0.707100 -0.707100
0.020900 0.936000 0.685400 0.000000 0.000000 0.000000 -0.132700 -0.991200
0.020600 0.896200 0.682300 0.000000 0.000000 0.000000 -0.707100 -0.707100
0.020600 0.909400 0.682300 0.000000 0.000000 0.000000 0.000000 -1.000000
0.020900 0.895900 0.682300 0.000000 0.000000 0.000000 0.707100 -0.707100
0.020900 0.895900 0.685400 0.000000 0.000000 0.000000 0.132700 -0.991200
0.022400 0.893400 0.682300 0.000000 0.000000 0.000000 -0.707100 -0.707100
0.022400 0.893400 0.683700 0.000000 0.000000 0.000000 -1.000000 -0.000000
0.022400 0.893400 0.695100 0.000000 0.000000 0.000000 -1.000000 -0.000000
-0.070400 0.935700 0.684300 0.000000 0.000000 0.000000 0.991200 -0.132700
-0.074900 0.935700 0.684300 0.000000 0.000000 -0.537900 0.755200 -0.374600
-0.074900 0.896200 0.684300 0.000000 0.000000 -0.537900 -0.755200 -0.374600
-0.070400 0.896200 0.684300 0.000000 0.000000 0.000000 -0.991200 -0.132700
-0.074900 0.909400 0.684300 0.000000 0.000000 -0.915300 0.000000 -0.402700
0.074900 0.935700 0.684300 0.000000 0.000000 0.537900 0.755200 -0.374600
0.070400 0.935700 0.684300 0.000000 0.000000 0.000000 0.991200 -0.132700
0.074900 0.896200 0.684300 0.000000 0.000000 0.537900 -0.755200 -0.374600
0.074900 0.909400 0.684300 0.000000 0.000000 0.915300 0.000000 -0.402700
0.070400 0.896200 0.684300 0.000000 0.000000 0.000000 -0.991200 -0.132700
-0.023500 0.935700 0.684300 0.000000 0.000000 0.000000 0.991200 -0.132700
-0.023500 0.896200 0.684300 0.000000 0.000000 0.000000 -0.991200 -0.132700
0.023500 0.935700 0.684300 0.000000 0.000000 0.000000 0.991200 -0.132700
0.023500 0.896200 0.684300 0.000000 0.000000 0.000000 -0.991200 -0.132700
0.020600 0.935700 0.684300 0.000000 0.000000 0.000000 0.991200 -0.132700
0.020600 0.896200 0.684300 0.000000 0.000000 0.000000 -0.991200 -0.132700
-0.074900 0.935700 0.682300 0.000000 0.000000 -0.577400 0.577400 -0.577400
-0.070400 0.935700 0.682300 0.000000 0.000000 0.000000 0.707100 -0.707100
0.074900 0.935700 0.682300 0.000000 0.000000 0.577400 0.577400 -0.577400
0.070400 0.935700 0.682300 0.000000 0.000000 0.000000 0.707100 -0.707100
-0.023500 0.935700 0.682300 0.000000 0.000000 0.000000 0.707100 -0.707100
0.023500 0.935700 0.682300 0.000000 0.000000 0.000000 0.707100 -0.707100
0.020600 0.935700 0.682300 0.000000 0.000000 0.000000 0.707100 -0.707100
0.025500 0.923500 0.714900 0.000000 0.000000 -0.000800 -0.105400 0.994400
0.022400 0.923500 0.714900 0.000000 0.000000 0.000000 -0.582500 0.812800
-0.025500 0.923500 0.714900 0.000000 0.000000 0.009600 -0.111900 0.993700
-0.076500 0.923500 0.692100 0.000000 0.000000 -0.404500 0.000000 0.914500
-0.081300 0.923500 0.690000 0.000000 0.000000 -0.836900 0.000000 0.547300
-0.081300 0.923500 0.686400 0.000000 0.000000 -1.000000 0.000000 -0.000000
-0.081300 0.923500 0.683700 0.000000 0.000000 -1.000000 0.000000 -0.000000
-0.081300 0.923500 0.682300 0.000000 0.000000 -0.707100 0.000000 -0.707100
-0.076100 0.922700 0.682300 0.000000 0.000000 0.707100 0.000000 -0.707100
-0.076100 0.922700 0.685400 0.000000 0.000000 0.402700 0.000000 -0.915300
-0.074900 0.922500 0.684300 0.000000 0.000000 -0.915300 0.000000 -0.402700
-0.074900 0.922500 0.682300 0.000000 0.000000 -0.707100 0.000000 -0.707100
-0.070400 0.922500 0.682300 0.000000 0.000000 0.000000 0.000000 -1.000000
-0.023500 0.922500 0.682300 0.000000 0.000000 0.000000 0.000000 -1.000000
0.020600 0.922500 0.682300 0.000000 0.000000 0.000000 0.000000 -1.000000
0.023500 0.922500 0.682300 0.000000 0.000000 0.000000 0.000000 -1.000000
0.070400 0.922500 0.682300 0.000000 0.000000 0.000000 0.000000 -1.000000
0.074900 0.922500 0.682300 0.000000 0.000000 0.707100 0.000000 -0.707100
0.074900 0.922500 0.684300 0.000000 0.000000 0.915300 0.000000 -0.402700
0.076100 0.922700 0.685400 0.000000 0.000000 -0.402700 0.000000 -0.915300
0.076100 0.922700 0.682300 0.000000 0.000000 -0.707100 0.000000 -0.707100
0.081300 0.923500 0.682300 0.000000 0.000000 0.707100 0.000000 -0.707100
0.081300 0.923500 0.683700 0.000000 0.000000 1.000000 0.000000 -0.000000
0.081300 0.923500 0.686400 0.000000 0.000000 1.000000 0.000000 -0.000000
0.081300 0.923500 0.690000 0.000000 0.000000 0.836900 0.000000 0.547300
0.076500 0.923500 0.692100 0.000000 0.000000 0.396200 0.006700 0.918100
0.022300 0.922600 0.709200 0.000000 0.000000 -0.559300 -0.642600 0.523600
0.019600 0.922600 0.709200 0.000000 0.000000 0.000000 -0.976700 0.214500
0.022300 0.909400 0.709200 0.000000 0.000000 -0.559100 0.637500 0.530100
-0.022300 0.909400 0.709200 0.000000 0.000000 0.559100 0.637500 0.530100
-0.022300 0.922600 0.709200 0.000000 0.000000 0.559300 -0.642600 0.523600
0.019600 0.909400 0.709200 0.000000 0.000000 0.000000 0.974900 0.222900
0.015200 0.921100 0.703900 0.000000 0.000000 0.000000 0.137500 0.990500
0.017300 0.921100 0.703900 0.000000 0.000000 0.141900 -0.328700 0.933700
0.017300 0.910900 0.703900 0.000000 0.000000 0.141900 0.328700 0.933700
-0.017300 0.910900 0.703900 0.000000 0.000000 -0.141900 0.328700 0.933700
-0.017300 0.921100 0.703900 0.000000 0.000000 -0.141900 -0.328700 0.933700
0.015200 0.910900 0.703900 0.000000 0.000000 0.000000 -0.137500 0.990500
-0.022400 0.923500 0.714900 0.000000 0.000000 0.000000 -0.582500 0.812800
-0.019600 0.922600 0.709200 0.000000 0.000000 0.000000 -0.976700 0.214500
-0.015200 0.921100 0.703900 0.000000 0.000000 0.000000 0.137500 0.990500
-0.019600 0.909400 0.709200 0.000000 0.000000 0.000000 0.974900 0.222900
-0.015200 0.910900 0.703900 0.000000 0.000000 0.000000 -0.137500 0.990500
-0.022400 0.908400 0.714900 0.000000 0.000000 0.000000 0.575100 0.818100
-0.022400 0.893400 0.712300 0.000000 0.000000 0.000000 -0.765100 0.643900
-0.022400 0.893400 0.695100 0.000000 0.000000 0.000000 -1.000000 -0.000000
-0.022400 0.893400 0.683700 0.000000 0.000000 0.000000 -1.000000 -0.000000
-0.022400 0.893400 0.682300 0.000000 0.000000 0.000000 -0.707100 -0.707100
-0.020900 0.895900 0.682300 0.000000 0.000000 0.000000 0.707100 -0.707100
-0.020900 0.895900 0.685400 0.000000 0.000000 0.000000 0.132700 -0.991200
-0.020600 0.896200 0.684300 0.000000 0.000000 0.000000 -0.991200 -0.132700
-0.020600 0.896200 0.682300 0.000000 0.000000 0.000000 -0.707100 -0.707100
-0.020600 0.909400 0.682300 0.000000 0.000000 0.000000 0.000000 -1.000000
-0.020600 0.922500 0.682300 0.000000 0.000000 0.000000 0.000000 -1.000000
-0.020600 0.935700 0.682300 0.000000 0.000000 0.000000 0.707100 -0.707100
-0.020600 0.935700 0.684300 0.000000 0.000000 0.000000 0.991200 -0.132700
-0.020900 0.936000 0.685400 0.000000 0.000000 0.000000 -0.132700 -0.991200
-0.020900 0.936000 0.682300 0.000000 0.000000 0.000000 -0.707100 -0.707100
-0.022400 0.938600 0.682300 0.000000 0.000000 0.000000 0.707100 -0.707100
-0.022400 0.938600 0.683700 0.000000 0.000000 0.000000 1.000000 -0.000000
-0.022400 0.938600 0.695100 0.000000 0.000000 0.000000 1.000000 -0.000000
-0.022400 0.938600 0.712300 0.000000 0.000000 0.000000 0.764800 0.644300
0.015200 0.910900 0.725500 0.000000 0.000000 0.000000 -0.981600 0.190800
0.017300 0.910900 0.725500 0.000000 0.000000 0.666600 -0.731700 0.142200
0.017300 0.921100 0.725500 0.000000 0.000000 0.759000 0.635800 -0.140300
0.015200 0.921100 0.725500 0.000000 0.000000 0.000000 0.976500 -0.215500
-0.017300 0.910900 0.725500 0.000000 0.000000 -0.666600 -0.731700 0.142200
-0.017300 0.921100 0.725500 0.000000 0.000000 -0.759000 0.635800 -0.140300
-0.015200 0.910900 0.725500 0.000000 0.000000 0.000000 -0.981600 0.190800
-0.015200 0.921100 0.725500 0.000000 0.000000 0.000000 0.976500 -0.215500
0.017300 0.917000 0.740600 0.000000 0.000000 0.648800 -0.596600 0.472300
0.015200 0.917000 0.740600 0.000000 0.000000 0.000000 -0.784000 0.620700
0.017300 0.925600 0.735200 0.000000 0.000000 0.776600 0.473300 -0.415800
0.015200 0.925600 0.735200 0.000000 0.000000 0.000000 0.751200 -0.660100
-0.017300 0.917000 0.740600 0.000000 0.000000 -0.648800 -0.596600 0.472300
-0.017300 0.925600 0.735200 0.000000 0.000000 -0.776600 0.473300 -0.415800
-0.015200 0.917000 0.740600 0.000000 0.000000 0.000000 -0.784000 0.620700
-0.015200 0.925600 0.735200 0.000000 0.000000 0.000000 0.751200 -0.660100
0.015200 0.932700 0.751700 0.000000 0.000000 0.000000 -0.577300 0.816500
0.017300 0.932700 0.751700 0.000000 0.000000 0.662300 -0.432500 0.611800
-0.015200 0.932700 0.751700 0.000000 0.000000 0.000000 -0.577300 0.816500
-0.017300 0.932700 0.751700 0.000000 0.000000 -0.662300 -0.432500 0.611800
-0.017300 0.937000 0.742400 0.000000 0.000000 -0.734700 0.362300 -0.573600
-0.015200 0.937000 0.742400 0.000000 0.000000 0.000000 0.534000 -0.845500
0.015200 0.937000 0.742400 0.000000 0.000000 0.000000 0.534000 -0.845500
0.017300 0.937000 0.742400 0.000000 0.000000 0.734700 0.362300 -0.573600
-0.613000 0.474800 0.601100 0.000000 0.000000 0.185000 0.591100 -0.785100
-0.613000 0.480000 0.647700 0.000000 0.000000 0.682700 0.491000 -0.541100
-0.587100 0.474600 0.647700 0.000000 0.000000 0.185200 0.922900 -0.337600
-0.587100 0.469700 0.585500 0.000000 0.000000 -0.131700 0.834600 -0.534800
-0.613000 0.304400 0.601100 0.000000 0.000000 0.418800 -0.349600 -0.838100
-0.613000 0.304400 0.647700 0.000000 0.000000 0.833100 0.266200 -0.484800
-0.595900 0.304400 0.651600 0.000000 0.000000 0.449200 0.023700 -0.893100
-0.595900 0.263100 0.651600 0.000000 0.000000 0.739600 0.089600 -0.667100
-0.613000 0.263100 0.601100 0.000000 0.000000 0.293200 0.864200 -0.408800
-0.625800 0.750800 -0.454700 0.000000 0.000000 0.063600 0.388300 0.919300
-0.613000 0.543600 -0.406500 0.000000 0.000000 0.273400 0.218300 0.936800
-0.591100 0.543600 -0.420100 0.000000 0.000000 0.506700 0.171500 0.844900
-0.550800 0.779000 -0.474800 0.000000 0.000000 0.101700 0.773100 0.626100
-0.613000 0.407800 -0.376700 0.000000 0.000000 0.332000 0.420300 0.844500
-0.612900 0.305300 -0.281600 0.000000 0.000000 0.184900 0.764100 0.618100
-0.591100 0.305300 -0.295200 0.000000 0.000000 0.346400 0.749800 0.563800
-0.591100 0.390500 -0.387300 0.000000 0.000000 0.550600 0.454700 0.700000
-0.612900 0.263100 -0.216000 0.000000 0.000000 0.013300 0.964100 0.265100
-0.595100 0.263100 -0.216000 0.000000 0.000000 0.000000 0.970200 0.242300
-0.589500 0.244800 0.328300 0.000000 0.000000 1.000000 0.000000 -0.000000
-0.589500 0.263100 0.328300 0.000000 0.000000 0.707100 0.707100 -0.000000
-0.589500 0.263100 0.480600 0.000000 0.000000 0.707100 0.707100 -0.000000
-0.589500 0.244800 0.480600 0.000000 0.000000 1.000000 0.000000 -0.000000
-0.589500 0.263100 0.601100 0.000000 0.000000 0.719300 0.693200 0.045400
-0.589500 0.244800 0.601100 0.000000 0.000000 0.998000 0.000000 0.063000
-0.589500 0.263100 0.129000 0.000000 0.000000 0.707100 0.707100 -0.000000
-0.589500 0.244800 0.129000 0.000000 0.000000 1.000000 0.000000 -0.000000
-0.589500 0.244800 -0.125700 0.000000 0.000000 1.000000 0.000000 -0.000000
-0.589500 0.263100 -0.125700 0.000000 0.000000 0.707100 0.707100 -0.000000
-0.589500 0.244800 -0.216000 0.000000 0.000000 1.000000 -0.002000 0.009400
-0.589500 0.263100 -0.216000 0.000000 0.000000 0.761600 0.625300 0.170100
-0.569600 0.150300 0.480600 0.000000 0.000000 0.707200 0.707000 0.000200
-0.569500 0.150300 0.328300 0.000000 0.000000 0.707000 0.707200 0.000200
-0.569500 0.214100 0.328300 0.000000 0.000000 0.746500 0.665400 0.000200
-0.569600 0.214100 0.480600 0.000000 0.000000 0.746500 0.665400 0.000200
-0.569600 0.150300 0.601100 0.000000 0.000000 0.691000 0.721600 0.043600
-0.569600 0.214100 0.601100 0.000000 0.000000 0.756500 0.652200 0.047600
-0.569500 0.150300 0.129000 0.000000 0.000000 0.707100 0.707100 -0.000000
-0.569500 0.214100 0.129000 0.000000 0.000000 0.746400 0.665500 -0.000000
-0.569500 0.150300 -0.125700 0.000000 0.000000 0.707100 0.707100 -0.000000
-0.569500 0.214100 -0.125700 0.000000 0.000000 0.746400 0.665500 -0.000000
-0.569500 0.150300 -0.216000 0.000000 0.000000 0.708700 0.705500 0.005600
-0.569500 0.214100 -0.216000 0.000000 0.000000 0.745100 0.667000 0.005200
-0.567200 0.150300 -0.320500 0.000000 0.000000 0.616700 0.721000 0.316100
-0.560600 0.150300 -0.215800 0.000000 0.000000 0.000000 1.000000 -0.000000
-0.558200 0.150300 -0.320500 0.000000 0.000000 -0.000000 0.918400 0.395700
-0.535600 0.476300 0.665200 0.000000 0.000000 0.831100 0.071600 -0.551500
-0.535600 0.481900 0.665200 0.000000 0.000000 0.781200 0.000000 -0.624300
-0.535600 0.500200 0.829900 0.000000 0.000000 0.957600 0.000000 -0.288000
-0.535600 0.492500 0.829900 0.000000 0.000000 0.957600 0.000000 -0.288000
-0.535600 0.304400 0.665200 0.000000 0.000000 0.809300 -0.084000 -0.581400
-0.535600 0.304400 0.829900 0.000000 0.000000 0.957600 0.000000 -0.288000
-0.535600 0.263100 0.829900 0.000000 0.000000 0.957600 0.000000 -0.288000
-0.535600 0.263100 0.665200 0.000000 0.000000 0.781000 0.000000 -0.624500
-0.535600 0.244800 0.665200 0.000000 0.000000 0.781000 0.000000 -0.624500
-0.535600 0.244800 0.829900 0.000000 0.000000 0.957600 0.000000 -0.288000
-0.535600 0.150300 0.829900 0.000000 0.000000 0.729600 0.647700 -0.219400
-0.535600 0.150300 0.665200 0.000000 0.000000 0.408200 0.864500 -0.293300
-0.535600 0.214100 0.665200 0.000000 0.000000 0.812100 0.000000 -0.583500
-0.535600 0.214100 0.829900 0.000000 0.000000 0.957600 0.000000 -0.288000
-0.526600 0.150300 0.829700 0.000000 0.000000 0.000000 1.000000 -0.000000
-0.526600 0.150300 0.665000 0.000000 0.000000 0.000000 1.000000 -0.000000
-0.587100 0.241300 -0.395100 0.000000 0.000000 0.704800 0.328600 0.628800
-0.587100 0.305300 -0.297600 0.000000 0.000000 0.844800 0.419900 0.331700
-0.587100 0.305300 -0.428800 0.000000 0.000000 0.703800 0.322700 0.632900
-0.587200 0.543600 -0.547300 0.000000 0.000000 0.716800 0.143500 0.682400
-0.481400 0.789600 -0.602300 0.000000 0.000000 0.395900 -0.041800 0.917400
-0.537000 0.779000 -0.477300 0.000000 0.000000 0.591300 0.566200 0.574300
-0.587200 0.543600 -0.422600 0.000000 0.000000 0.869100 0.022700 0.494200
-0.613000 0.543600 0.601100 0.000000 0.000000 0.707100 0.000000 -0.707100
-0.613000 0.543600 0.647700 0.000000 0.000000 0.781200 0.000000 -0.624300
-0.535600 0.543600 0.665200 0.000000 0.000000 0.781200 0.000000 -0.624300
-0.535600 0.543600 0.829900 0.000000 0.000000 0.957600 0.000000 -0.288000
-0.535600 0.363600 0.665200 0.000000 0.000000 1.000000 0.000000 0.008600
-0.535600 0.369700 0.829900 0.000000 0.000000 0.957600 0.000000 -0.288000
-0.535300 0.362900 0.647700 0.000000 0.000000 0.955600 -0.259700 -0.139500
-0.535300 0.360100 0.559000 0.000000 0.000000 0.602100 -0.441600 -0.665200
-0.535600 0.465000 0.665200 0.000000 0.000000 0.963300 0.167600 -0.209900
-0.535600 0.477200 0.829900 0.000000 0.000000 0.957600 0.000000 -0.288000
-0.535300 0.463700 0.647700 0.000000 0.000000 0.777200 0.628000 -0.040100
-0.535300 0.457000 0.559000 0.000000 0.000000 0.557900 0.516100 -0.649900
-0.535600 0.484900 0.829900 0.000000 0.000000 0.957600 0.000000 -0.288000
-0.535600 0.470600 0.665200 0.000000 0.000000 0.884400 0.000000 -0.466700
-0.561200 0.469100 0.647700 0.000000 0.000000 0.230500 0.919800 -0.317600
-0.561200 0.464800 0.572000 0.000000 0.000000 -0.055900 0.835100 -0.547300
-0.587200 0.390500 -0.389800 0.000000 0.000000 0.906500 0.192400 0.375900
-0.587200 0.407800 -0.479200 0.000000 0.000000 0.708000 0.314300 0.632400
-0.481400 0.740400 -0.602300 0.000000 0.000000 0.199800 0.092000 0.975500
-0.577700 0.543600 -0.547300 0.000000 0.000000 0.000000 0.360400 0.932800
-0.578200 0.407800 -0.479200 0.000000 0.000000 0.000000 0.444800 0.895600
-0.578200 0.305300 -0.428800 0.000000 0.000000 0.000000 0.453600 0.891200
-0.578200 0.241300 -0.395100 0.000000 0.000000 0.000000 0.467100 0.884200
-0.558200 0.214100 -0.380800 0.000000 0.000000 0.000000 0.565300 0.824900
-0.567200 0.214100 -0.380800 0.000000 0.000000 0.173900 0.705000 0.687600
-0.535600 0.216400 0.665200 0.000000 0.000000 0.796400 0.020600 -0.604400
-0.535600 0.216400 0.829900 0.000000 0.000000 0.957600 0.000000 -0.288000
-0.589500 0.216400 0.480600 0.000000 0.000000 0.746600 0.665300 -0.000000
-0.589500 0.216400 0.601100 0.000000 0.000000 0.732900 0.678700 0.046500
-0.589500 0.216400 0.328300 0.000000 0.000000 0.746400 0.665500 0.000000
-0.589500 0.216400 0.129000 0.000000 0.000000 0.746400 0.665500 -0.000000
-0.589500 0.216400 -0.125700 0.000000 0.000000 0.746400 0.665500 -0.000000
-0.589500 0.216400 -0.216000 0.000000 0.000000 0.747700 0.664000 0.005400
-0.578200 0.216200 -0.381800 0.000000 0.000000 0.000000 0.449200 0.893400
-0.587100 0.216200 -0.381800 0.000000 0.000000 0.623800 0.654100 0.427800
-0.613000 0.263100 0.480600 0.000000 0.000000 0.000000 1.000000 -0.000000
-0.595100 0.263100 0.480600 0.000000 0.000000 0.000000 1.000000 -0.000000
-0.595100 0.263100 0.328300 0.000000 0.000000 0.000000 1.000000 -0.000000
-0.612900 0.263100 0.328300 0.000000 0.000000 0.000000 1.000000 -0.000000
-0.595100 0.263100 0.601100 0.000000 0.000000 0.000000 1.000000 -0.000000
-0.595900 0.244800 0.651600 0.000000 0.000000 0.818800 0.000000 -0.574100
-0.612900 0.263100 0.129000 0.000000 0.000000 0.000000 1.000000 -0.000000
-0.595100 0.263100 0.129000 0.000000 0.000000 0.000000 1.000000 -0.000000
-0.595100 0.263100 -0.125700 0.000000 0.000000 0.000000 1.000000 -0.000000
-0.612900 0.263100 -0.125700 0.000000 0.000000 0.000000 1.000000 -0.000000
-0.560600 0.150300 0.480400 0.000000 0.000000 0.000000 1.000000 -0.000000
-0.560600 0.150300 0.328200 0.000000 0.000000 0.000000 1.000000 -0.000000
-0.576000 0.214100 0.651600 0.000000 0.000000 0.464000 0.752100 -0.467900
-0.576000 0.150300 0.651600 0.000000 0.000000 0.685000 0.588500 -0.429500
-0.560600 0.150300 0.600900 0.000000 0.000000 0.000000 1.000000 -0.000000
-0.560600 0.150300 0.129100 0.000000 0.000000 0.000000 1.000000 -0.000000
-0.560600 0.150300 -0.125500 0.000000 0.000000 0.000000 1.000000 -0.000000
-0.595900 0.216400 0.651600 0.000000 0.000000 0.691900 0.547000 -0.471200
-0.567100 0.150300 0.651300 0.000000 0.000000 0.000000 1.000000 -0.000000
-0.342200 0.543600 -0.547300 0.000000 0.000000 0.000000 0.360400 0.932800
-0.321100 0.740400 -0.602300 0.000000 0.000000 0.000000 0.135800 0.990700
-0.327500 0.740400 -0.602300 0.000000 0.000000 0.000000 0.135800 0.990700
-0.504800 0.788800 -0.595400 0.000000 0.000000 0.494600 0.366900 0.787900
-0.559200 0.779000 -0.497600 0.000000 0.000000 0.633300 0.681800 0.366100
-0.617000 0.779000 -0.475700 0.000000 0.000000 -0.247400 0.726600 0.641000
-0.568800 0.779000 -0.477300 0.000000 0.000000 0.294200 0.831400 0.471400
-0.588700 0.840200 -0.475700 0.000000 0.000000 -0.384300 0.685900 0.618000
-0.563300 0.836900 -0.477300 0.000000 0.000000 0.530100 0.547700 0.647300
-0.553700 0.830600 -0.497600 0.000000 0.000000 0.834500 0.452000 0.315300
-0.617000 0.779000 -0.490800 0.000000 0.000000 -0.549300 0.835600 -0.001500
-0.588400 0.840200 -0.495200 0.000000 0.000000 -0.522100 0.852900 -0.008000
0.000000 0.275800 0.820600 0.000000 0.000000 0.000000 1.000000 -0.000000
0.000000 0.275800 0.649300 0.000000 0.000000 0.000000 1.000000 -0.000000
-0.083600 0.275800 0.652500 0.000000 0.000000 -0.637700 0.770300 -0.000000
-0.083600 0.275800 0.822500 0.000000 0.000000 -0.637700 0.770300 -0.000000
0.000000 0.275800 0.632400 0.000000 0.000000 0.000000 1.000000 -0.000000
-0.083600 0.275800 0.635900 0.000000 0.000000 -0.637700 0.770300 -0.000000
0.000000 0.275800 0.587500 0.000000 0.000000 -0.000400 0.999900 -0.014000
-0.083600 0.275800 0.590000 0.000000 0.000000 -0.635200 0.772300 -0.010400
0.000000 0.272600 0.471200 0.000000 0.000000 -0.000500 0.999700 -0.025600
-0.083600 0.272600 0.472900 0.000000 0.000000 -0.638900 0.769100 -0.019500
-0.083600 0.269100 0.325000 0.000000 0.000000 -0.633200 0.773600 -0.024000
0.000000 0.269100 0.324200 0.000000 0.000000 -0.000300 0.999500 -0.031500
0.000000 0.261600 0.132100 0.000000 0.000000 0.000100 0.999800 -0.019500
-0.083600 0.261600 0.131500 0.000000 0.000000 -0.634000 0.773200 -0.015000
0.000000 0.261600 -0.113600 0.000000 0.000000 -0.002100 0.996700 0.081500
-0.083600 0.261600 -0.115800 0.000000 0.000000 -0.651400 0.756000 0.063700
0.000000 0.272600 -0.179300 0.000000 0.000000 -0.005700 0.951200 0.308400
-0.083600 0.272600 -0.182200 0.000000 0.000000 -0.679700 0.695600 0.232700
0.000000 0.298600 -0.231800 0.000000 0.000000 -0.000700 0.824700 0.565500
-0.083600 0.298600 -0.231900 0.000000 0.000000 -0.687200 0.595000 0.416800
0.000000 0.327600 -0.263400 0.000000 0.000000 -0.000300 0.609300 0.793000
-0.083600 0.327600 -0.263400 0.000000 0.000000 -0.690200 0.439400 0.575000
0.000000 0.329700 -0.264500 0.000000 0.000000 0.000000 0.573600 0.819100
-0.083600 0.329700 -0.264500 0.000000 0.000000 -0.627700 0.447600 0.637000
0.000000 0.349000 -0.282100 0.000000 0.000000 0.000000 0.644300 0.764800
-0.083600 0.349000 -0.282100 0.000000 0.000000 -0.661100 0.482900 0.574300
0.000000 0.402500 -0.323700 0.000000 0.000000 0.000000 0.525500 0.850800
-0.083600 0.402500 -0.323700 0.000000 0.000000 -0.670600 0.388500 0.632000
0.000000 0.472200 -0.357000 0.000000 0.000000 0.000000 0.453600 0.891200
-0.083600 0.472200 -0.357000 0.000000 0.000000 -0.641100 0.348100 0.684000
-0.083600 0.590900 -0.421200 0.000000 0.000000 -0.661300 0.306800 0.684500
0.000000 0.590900 -0.421200 0.000000 0.000000 0.000000 0.408600 0.912700
0.000000 0.743400 -0.476200 0.000000 0.000000 0.000000 0.172200 0.985100
-0.083600 0.743400 -0.476200 0.000000 0.000000 -0.676900 0.128700 0.724700
-0.085500 0.265800 0.652700 0.000000 0.000000 -0.983100 0.183000 -0.000000
-0.085500 0.265800 0.822600 0.000000 0.000000 -0.983100 0.183200 -0.000100
-0.085500 0.265800 0.636000 0.000000 0.000000 -0.983100 0.183000 -0.000000
-0.085500 0.265800 0.590100 0.000000 0.000000 -0.983100 0.183000 -0.002500
-0.085500 0.262500 0.473000 0.000000 0.000000 -0.982900 0.184000 -0.003800
-0.085600 0.259000 0.325000 0.000000 0.000000 -0.981500 0.191600 -0.004900
-0.085700 0.251600 0.131500 0.000000 0.000000 -0.979300 0.202600 -0.002800
-0.085600 0.251600 -0.115900 0.000000 0.000000 -0.979900 0.198900 0.015300
-0.085400 0.262700 -0.184000 0.000000 0.000000 -0.983100 0.176000 0.049600
-0.085000 0.289800 -0.237100 0.000000 0.000000 -0.989800 0.121700 0.074800
-0.085100 0.320600 -0.270700 0.000000 0.000000 -0.989700 0.087300 0.113100
-0.085100 0.322600 -0.271800 0.000000 0.000000 -0.989500 0.083600 0.117600
-0.085100 0.342000 -0.289400 0.000000 0.000000 -0.989400 0.091900 0.112400
-0.085200 0.395700 -0.331100 0.000000 0.000000 -0.987200 0.081200 0.136900
-0.085300 0.467500 -0.366000 0.000000 0.000000 -0.986200 0.074700 0.147700
-0.085300 0.587400 -0.430700 0.000000 0.000000 -0.985600 0.066800 0.155400
-0.085300 0.743300 -0.485600 0.000000 0.000000 -0.983300 0.032000 0.179200
-0.617600 0.543600 0.601100 0.000000 0.000000 -0.707100 0.000000 -0.707100
-0.617600 0.471100 0.601100 0.000000 0.000000 -0.714700 -0.482300 -0.506600
-0.617600 0.263100 0.328300 0.000000 0.000000 0.000000 1.000000 -0.000000
-0.617600 0.263100 0.480600 0.000000 0.000000 0.000000 1.000000 -0.000000
-0.617600 0.263100 0.601100 0.000000 0.000000 -0.301500 0.904500 -0.301500
-0.617500 0.263100 0.129000 0.000000 0.000000 0.000000 1.000000 -0.000000
-0.617500 0.263100 -0.125700 0.000000 0.000000 0.000000 1.000000 -0.000000
-0.617500 0.263100 -0.216000 0.000000 0.000000 0.000000 0.959400 0.281900
-0.630400 0.750800 -0.454700 0.000000 0.000000 0.000000 0.420800 0.907200
-0.617600 0.543600 -0.406500 0.000000 0.000000 0.000000 0.220500 0.975400
-0.617600 0.305300 -0.281600 0.000000 0.000000 0.000000 0.766600 0.642100
-0.617000 0.407800 -0.376700 0.000000 0.000000 -0.133300 0.369400 0.919700
-0.617600 0.308300 0.601100 0.000000 0.000000 -0.788700 0.303400 -0.534800
-0.591700 0.465900 0.585500 0.000000 0.000000 -0.504700 -0.467100 -0.726000
-0.539900 0.364100 0.559000 0.000000 0.000000 -0.570200 0.080300 -0.817600
-0.539900 0.453300 0.559000 0.000000 0.000000 -0.531800 -0.051800 -0.845300
-0.565800 0.461100 0.572000 0.000000 0.000000 -0.509300 -0.447600 -0.735000
-0.617600 0.471100 0.672300 0.000000 0.000000 -0.868200 -0.496300 -0.000000
-0.617600 0.543600 0.672300 0.000000 0.000000 -1.000000 0.000000 -0.000000
-0.617600 0.263100 0.672300 0.000000 0.000000 -0.707100 0.707100 -0.000000
-0.617600 0.308300 0.672300 0.000000 0.000000 -0.883200 0.468900 -0.000000
-0.591700 0.465900 0.656600 0.000000 0.000000 -0.191800 -0.981400 -0.000000
-0.539900 0.364100 0.680800 0.000000 0.000000 -0.896400 0.443100 -0.000000
-0.539900 0.453300 0.680800 0.000000 0.000000 -0.946500 -0.322800 -0.000000
-0.565800 0.461100 0.643200 0.000000 0.000000 -0.241200 -0.970500 -0.000000
-0.623800 0.263100 0.480600 0.000000 0.000000 -0.707000 0.707200 -0.000300
-0.623800 0.263100 0.328300 0.000000 0.000000 -0.707100 0.707100 -0.000000
-0.623900 0.263100 0.601100 0.000000 0.000000 -0.707200 0.707000 -0.000300
-0.623800 0.263100 0.129000 0.000000 0.000000 -0.707100 0.707100 -0.000000
-0.623800 0.263100 -0.125700 0.000000 0.000000 -0.707100 0.707100 -0.000000
-0.623800 0.263100 -0.216000 0.000000 0.000000 -0.776400 0.604700 0.177700
-0.636700 0.750800 -0.454700 0.000000 0.000000 -0.694500 0.372600 0.615400
-0.623900 0.543600 -0.406500 0.000000 0.000000 -0.699800 0.138200 0.700800
-0.623800 0.390500 -0.373700 0.000000 0.000000 -0.963800 0.169900 0.205400
-0.623800 0.305300 -0.281600 0.000000 0.000000 -0.736400 0.519200 0.433800
-0.623900 0.263100 0.672300 0.000000 0.000000 -0.707100 0.707100 -0.000000
-0.623800 0.248500 0.328300 0.000000 0.000000 -0.707100 0.707100 -0.000000
-0.623800 0.248500 0.480600 0.000000 0.000000 -0.707200 0.707000 -0.000300
-0.623900 0.248500 0.601100 0.000000 0.000000 -0.707000 0.707200 -0.000300
-0.623800 0.248500 0.129000 0.000000 0.000000 -0.707100 0.707100 -0.000000
-0.623800 0.248500 -0.125700 0.000000 0.000000 -0.705800 0.708400 0.004100
-0.623800 0.249600 -0.220000 0.000000 0.000000 -0.650900 0.728300 0.214200
-0.636700 0.747400 -0.485800 0.000000 0.000000 -0.913700 0.276400 0.297900
-0.623900 0.540400 -0.437700 0.000000 0.000000 -0.706600 0.160900 0.689100
-0.623800 0.294100 -0.290900 0.000000 0.000000 -0.687700 0.578300 0.438800
-0.623800 0.383900 -0.389700 0.000000 0.000000 -0.652200 0.405900 0.640200
-0.623900 0.248500 0.672300 0.000000 0.000000 -0.707100 0.707100 -0.000000
-0.630800 0.248500 0.480600 0.000000 0.000000 0.000000 1.000000 -0.000000
-0.630800 0.248500 0.328300 0.000000 0.000000 0.000000 1.000000 -0.000000
-0.630800 0.248500 0.601100 0.000000 0.000000 0.000000 1.000000 -0.000000
-0.630700 0.248500 0.129000 0.000000 0.000000 0.000000 1.000000 -0.000000
-0.630700 0.248500 -0.125700 0.000000 0.000000 0.000000 1.000000 0.005800
-0.630800 0.249600 -0.220000 0.000000 0.000000 0.000000 0.959300 0.282300
-0.643400 0.742800 -0.484700 0.000000 0.000000 0.004300 0.226600 0.974000
-0.630800 0.540100 -0.437600 0.000000 0.000000 0.002700 0.260400 0.965500
-0.630800 0.383900 -0.389700 0.000000 0.000000 0.000000 0.535700 0.844400
-0.630800 0.294100 -0.290900 0.000000 0.000000 0.000000 0.796600 0.604500
-0.630800 0.248500 0.672300 0.000000 0.000000 0.000000 1.000000 -0.000000
-0.621100 0.779000 -0.475700 0.000000 0.000000 -0.430200 0.833100 0.347600
-0.621100 0.779000 -0.490800 0.000000 0.000000 -0.502900 0.864400 -0.000000
-0.487900 0.150300 0.829200 0.000000 0.000000 0.602200 0.777700 -0.180300
-0.487900 0.150300 0.664000 0.000000 0.000000 0.707100 0.707100 -0.000000
-0.487900 0.150300 0.648900 0.000000 0.000000 0.707100 0.707100 -0.000000
-0.487900 0.150300 0.599400 0.000000 0.000000 0.707100 0.707100 -0.000000
-0.487900 0.150300 0.479400 0.000000 0.000000 0.307300 0.902400 0.301900
-0.487900 0.150300 0.327800 0.000000 0.000000 0.000000 1.000000 -0.000000
-0.161600 0.150300 0.325700 0.000000 0.000000 0.000000 -1.000000 -0.000000
-0.476700 0.150300 0.327700 0.000000 0.000000 0.000000 -1.000000 -0.000000
-0.106600 0.150300 0.325400 0.000000 0.000000 -0.637600 0.770400 -0.000000
-0.150200 0.150300 0.325700 0.000000 0.000000 0.000000 1.000000 -0.000000
-0.106600 0.150300 0.131200 0.000000 0.000000 -0.631100 0.775700 -0.000500
-0.106600 0.150300 -0.117000 0.000000 0.000000 -0.630900 0.775900 -0.000000
-0.106600 0.150300 -0.205000 0.000000 0.000000 -0.637100 0.770700 0.002300
-0.106600 0.150300 -0.320200 0.000000 0.000000 -0.585700 0.744000 0.321400
-0.106600 0.214100 -0.380800 0.000000 0.000000 -0.624700 0.443300 0.642800
-0.106600 0.216200 -0.381800 0.000000 0.000000 -0.657600 0.338000 0.673300
-0.106600 0.241300 -0.395100 0.000000 0.000000 -0.651700 0.355000 0.670200
-0.106600 0.305300 -0.428800 0.000000 0.000000 -0.644400 0.347900 0.681000
-0.106600 0.407800 -0.479200 0.000000 0.000000 -0.647700 0.338900 0.682400
-0.106600 0.543600 -0.547300 0.000000 0.000000 -0.625700 0.281200 0.727600
-0.103700 0.746300 -0.586400 0.000000 0.000000 -0.984400 0.022200 0.174500
-0.103700 0.549500 -0.531500 0.000000 0.000000 -0.985700 0.061600 0.156800
-0.103800 0.415700 -0.464200 0.000000 0.000000 -0.986500 0.073000 0.146700
-0.103900 0.316800 -0.416400 0.000000 0.000000 -0.986500 0.075300 0.145500
-0.104100 0.253000 -0.382800 0.000000 0.000000 -0.988300 0.074600 0.132900
-0.104200 0.228000 -0.369600 0.000000 0.000000 -0.989300 0.070800 0.127500
-0.104200 0.226000 -0.368500 0.000000 0.000000 -0.990200 0.082500 0.112800
-0.104300 0.164900 -0.311500 0.000000 0.000000 -0.990800 0.125400 0.051200
-0.103400 0.166900 -0.201900 0.000000 0.000000 -0.984000 0.178100 0.009400
-0.103100 0.167100 -0.116800 0.000000 0.000000 -0.979800 0.200000 0.003500
-0.103100 0.167100 0.131300 0.000000 0.000000 -0.979200 0.202900 -0.000800
-0.103400 0.167100 0.325300 0.000000 0.000000 -0.981900 0.189600 -0.001400
-0.103400 0.167100 0.473700 0.000000 0.000000 -0.982500 0.186300 -0.001000
-0.103500 0.167100 0.591200 0.000000 0.000000 -0.983500 0.181100 -0.000800
-0.103500 0.167100 0.637500 0.000000 0.000000 -0.983600 0.180400 -0.000000
-0.103500 0.167100 0.654000 0.000000 0.000000 -0.983600 0.180400 -0.000000
-0.103500 0.167100 0.823300 0.000000 0.000000 -0.983600 0.180400 -0.000800
-0.106600 0.740400 -0.602300 0.000000 0.000000 -0.617300 0.108600 0.779200
-0.106600 0.150300 0.473800 0.000000 0.000000 -0.637600 0.770300 -0.000200
-0.106600 0.150300 0.591300 0.000000 0.000000 -0.639700 0.768600 -0.000000
-0.106600 0.150300 0.637700 0.000000 0.000000 -0.639700 0.768600 -0.000000
-0.106600 0.150300 0.654200 0.000000 0.000000 -0.639700 0.768600 -0.000000
-0.106600 0.150300 0.823500 0.000000 0.000000 -0.639900 0.768400 -0.000500
-0.487900 0.131900 0.664000 0.000000 0.000000 0.707100 0.707100 -0.000000
-0.487900 0.131900 0.829200 0.000000 0.000000 0.729700 0.647900 -0.218500
-0.476700 0.131900 0.829000 0.000000 0.000000 0.000000 1.000000 -0.000000
-0.476700 0.131900 0.663700 0.000000 0.000000 0.000000 1.000000 -0.000000
-0.476700 0.131900 0.648600 0.000000 0.000000 0.000000 1.000000 -0.000000
-0.487900 0.131900 0.648900 0.000000 0.000000 0.707100 0.707100 -0.000000
-0.487900 0.131900 0.599400 0.000000 0.000000 0.707100 0.707100 -0.000000
-0.476700 0.131900 0.599200 0.000000 0.000000 0.000000 1.000000 -0.000000
-0.476700 0.131900 0.479200 0.000000 0.000000 0.011500 0.706700 0.707400
-0.487900 0.131900 0.479400 0.000000 0.000000 0.582000 0.578300 0.571700
-0.476700 0.150300 0.479200 0.000000 0.000000 0.011500 0.707500 0.706600
-0.150200 0.150300 0.655300 0.000000 0.000000 -0.707100 0.707100 -0.000000
-0.150200 0.150300 0.824100 0.000000 0.000000 -0.707100 0.707100 -0.000000
-0.150200 0.150300 0.639000 0.000000 0.000000 -0.707100 0.707100 -0.000000
-0.150200 0.150300 0.592300 0.000000 0.000000 -0.707100 0.707100 -0.000000
-0.150200 0.150300 0.474400 0.000000 0.000000 -0.295800 0.906600 0.301000
-0.487900 0.136000 0.664000 0.000000 0.000000 1.000000 0.000000 -0.000000
-0.487900 0.136000 0.829200 0.000000 0.000000 0.958000 0.000000 -0.286800
-0.150200 0.136000 0.655300 0.000000 0.000000 -1.000000 0.000000 -0.000000
-0.150200 0.136000 0.824100 0.000000 0.000000 -1.000000 0.000000 -0.000000
-0.487900 0.136000 0.648900 0.000000 0.000000 1.000000 0.000000 -0.000000
-0.150200 0.136000 0.639000 0.000000 0.000000 -1.000000 0.000000 -0.000000
-0.487900 0.136000 0.599400 0.000000 0.000000 1.000000 0.000000 -0.000000
-0.150200 0.136000 0.592300 0.000000 0.000000 -1.000000 0.000000 -0.000000
-0.487900 0.136000 0.479400 0.000000 0.000000 0.713400 0.000000 0.700800
-0.476700 0.136000 0.479200 0.000000 0.000000 0.016200 0.000000 0.999900
-0.150200 0.136000 0.474400 0.000000 0.000000 -0.700900 0.000000 0.713300
-0.150200 0.131900 0.655300 0.000000 0.000000 -0.707100 0.707100 -0.000000
-0.150200 0.131900 0.824100 0.000000 0.000000 -0.707100 0.707100 -0.000000
-0.150200 0.131900 0.639000 0.000000 0.000000 -0.707100 0.707100 -0.000000
-0.150200 0.131900 0.592300 0.000000 0.000000 -0.707100 0.707100 -0.000000
-0.150200 0.131900 0.474400 0.000000 0.000000 -0.572700 0.576400 0.582900
-0.083700 0.409200 0.980600 0.000000 0.000000 -0.091400 0.153300 -0.984000
0.000000 0.409200 0.980600 0.000000 0.000000 0.000000 0.279100 -0.960300
0.000000 0.275800 0.895900 0.000000 0.000000 -0.004400 0.877100 -0.480300
-0.083600 0.275800 0.897000 0.000000 0.000000 -0.725400 0.575400 -0.377800
-0.085500 0.399100 0.980600 0.000000 0.000000 -0.594800 0.103000 -0.797200
-0.085500 0.265800 0.897000 0.000000 0.000000 -0.973700 0.180200 -0.139400
-0.103600 0.167100 0.897500 0.000000 0.000000 -0.979800 0.173500 -0.099800
-0.103600 0.260700 0.980600 0.000000 0.000000 -0.648500 0.092800 -0.755500
-0.106600 0.150300 0.897500 0.000000 0.000000 -0.567800 0.754600 -0.328700
-0.106700 0.243800 0.980600 0.000000 0.000000 -0.528900 0.336000 -0.779300
-0.150200 0.243800 0.980600 0.000000 0.000000 -0.267100 -0.010900 -0.963600
-0.150200 0.150300 0.897900 0.000000 0.000000 -0.813300 0.530000 -0.240200
-0.150200 0.136000 0.897900 0.000000 0.000000 -1.000000 0.000000 -0.000000
-0.150200 0.234800 0.989500 0.000000 0.000000 -0.630700 -0.295000 -0.717800
-0.150200 0.131900 0.897900 0.000000 0.000000 -0.628500 0.713400 -0.309900
-0.150200 0.230800 0.989500 0.000000 0.000000 -0.633500 0.282400 -0.720400
-0.441200 0.230800 0.989500 0.000000 0.000000 -0.000100 0.357600 -0.933900
-0.441200 0.131900 0.900700 0.000000 0.000000 -0.002600 0.913700 -0.406400
-0.451200 0.131900 0.900800 0.000000 0.000000 0.624300 0.712600 -0.319900
-0.451200 0.230800 0.989500 0.000000 0.000000 0.634800 0.276200 -0.721600
-0.451200 0.234800 0.989500 0.000000 0.000000 0.630300 -0.297100 -0.717300
-0.451200 0.136000 0.900800 0.000000 0.000000 1.000000 0.000000 -0.000000
-0.451200 0.150300 0.900800 0.000000 0.000000 0.814000 0.527700 -0.242900
-0.451200 0.243800 0.980500 0.000000 0.000000 0.264000 -0.016200 -0.964400
-0.490000 0.150300 0.901100 0.000000 0.000000 -0.004000 0.907700 -0.419500
-0.490000 0.243800 0.980500 0.000000 0.000000 -0.000400 0.345000 -0.938600
-0.498900 0.150300 0.901200 0.000000 0.000000 0.621900 0.709800 -0.330800
-0.498900 0.243800 0.980500 0.000000 0.000000 0.637200 0.265500 -0.723600
-0.498900 0.214100 0.901200 0.000000 0.000000 1.000000 0.000000 -0.000000
-0.498900 0.216400 0.901200 0.000000 0.000000 1.000000 0.000000 -0.000000
-0.498900 0.280900 0.980500 0.000000 0.000000 0.707100 0.000000 -0.707100
-0.498900 0.244800 0.901200 0.000000 0.000000 1.000000 0.000000 -0.000000
-0.498900 0.309300 0.980500 0.000000 0.000000 0.707100 0.000000 -0.707100
-0.498900 0.263100 0.901200 0.000000 0.000000 1.000000 0.000000 -0.000000
-0.498900 0.327600 0.980500 0.000000 0.000000 1.000000 0.000000 -0.000000
-0.498900 0.304400 0.901200 0.000000 0.000000 1.000000 0.000000 -0.000000
-0.498900 0.368800 0.980500 0.000000 0.000000 0.707100 0.000000 -0.707100
-0.498900 0.373300 0.901200 0.000000 0.000000 1.000000 0.000000 -0.000000
-0.498900 0.442700 0.980500 0.000000 0.000000 0.707100 0.000000 -0.707100
-0.498900 0.494300 0.980500 0.000000 0.000000 0.898300 0.000100 -0.439500
-0.498900 0.484400 0.901200 0.000000 0.000000 1.000000 0.000000 -0.000000
-0.498900 0.493300 0.901200 0.000000 0.000000 1.000000 0.000000 -0.000000
-0.498900 0.504900 0.980500 0.000000 0.000000 1.000000 0.000000 -0.000000
-0.498900 0.502200 0.901200 0.000000 0.000000 1.000000 0.000000 -0.000000
-0.498900 0.515400 0.980500 0.000000 0.000000 1.000000 0.000000 -0.000000
-0.498900 0.511100 0.901200 0.000000 0.000000 1.000000 0.000000 -0.000000
-0.498900 0.526000 0.980500 0.000000 0.000000 1.000000 0.000000 -0.000000
-0.498900 0.543600 0.901200 0.000000 0.000000 1.000000 0.000000 -0.000000
-0.498900 0.543600 0.980500 0.000000 0.000000 1.000000 0.000000 -0.000000
-0.498900 0.509300 0.885400 0.000000 0.000000 0.957600 0.000000 -0.288000
-0.498900 0.543600 0.885400 0.000000 0.000000 0.957600 0.000000 -0.288000
-0.498900 0.500600 0.885400 0.000000 0.000000 0.957600 0.000000 -0.288000
-0.498900 0.491900 0.885400 0.000000 0.000000 0.957600 0.000000 -0.288000
-0.498900 0.483200 0.885400 0.000000 0.000000 0.957600 0.000000 -0.288000
-0.498900 0.372700 0.885400 0.000000 0.000000 0.957600 0.000000 -0.288000
-0.498900 0.304400 0.885400 0.000000 0.000000 0.957600 0.000000 -0.288000
-0.498900 0.263100 0.885400 0.000000 0.000000 0.957600 0.000000 -0.288000
-0.498900 0.244800 0.885400 0.000000 0.000000 0.957600 0.000000 -0.288000
-0.498900 0.216400 0.885400 0.000000 0.000000 0.957600 0.000000 -0.288000
-0.498900 0.214100 0.885400 0.000000 0.000000 0.957600 0.000000 -0.288000
-0.498900 0.150300 0.885400 0.000000 0.000000 0.601600 0.778000 -0.180900
-0.490000 0.150300 0.885300 0.000000 0.000000 0.000000 1.000000 -0.000000
-0.451200 0.150300 0.885000 0.000000 0.000000 0.729700 0.647900 -0.218500
-0.451200 0.136000 0.885000 0.000000 0.000000 0.958000 0.000000 -0.286800
-0.451200 0.131900 0.885000 0.000000 0.000000 0.602200 0.777700 -0.180300
-0.441200 0.131900 0.884900 0.000000 0.000000 0.000000 1.000000 -0.000000
-0.150200 0.136000 0.881700 0.000000 0.000000 -1.000000 0.000000 -0.000000
-0.150200 0.131900 0.881700 0.000000 0.000000 -0.707100 0.707100 -0.000000
-0.150200 0.150300 0.881700 0.000000 0.000000 -0.707100 0.707100 -0.000000
-0.106600 0.150300 0.881300 0.000000 0.000000 -0.642000 0.766700 -0.000000
-0.103600 0.167100 0.881200 0.000000 0.000000 -0.984000 0.178200 -0.000400
-0.085500 0.265800 0.880700 0.000000 0.000000 -0.983000 0.183500 -0.000000
-0.083600 0.275800 0.880700 0.000000 0.000000 -0.637700 0.770300 -0.000000
0.000000 0.275800 0.879500 0.000000 0.000000 0.000000 1.000000 -0.000000
-0.083700 0.480300 0.980600 0.000000 0.000000 0.000000 0.000000 -1.000000
0.000000 0.480300 0.980600 0.000000 0.000000 0.000000 0.000000 -1.000000
-0.133500 0.482000 0.980600 0.000000 0.000000 0.000100 -0.000000 -1.000000
-0.141100 0.413800 0.980600 0.000000 0.000000 0.000100 -0.000000 -1.000000
-0.454700 0.439100 0.980500 0.000000 0.000000 0.000200 0.000100 -1.000000
-0.441200 0.234800 0.989500 0.000000 0.000000 0.000100 -0.382600 -0.923900
-0.441200 0.243800 0.980500 0.000000 0.000000 0.000200 -0.382700 -0.923900
-0.489800 0.309800 0.980500 0.000000 0.000000 0.000000 0.000000 -1.000000
-0.489600 0.369400 0.980500 0.000000 0.000000 0.000000 0.000000 -1.000000
-0.451200 0.372000 0.980500 0.000000 0.000000 0.000000 0.000000 -1.000000
-0.161600 0.150300 0.474600 0.000000 0.000000 0.011400 0.706800 0.707300
-0.161600 0.136000 0.474600 0.000000 0.000000 0.016100 0.000000 0.999900
-0.161600 0.131900 0.474600 0.000000 0.000000 0.011400 0.707400 0.706700
-0.161600 0.131900 0.592500 0.000000 0.000000 0.000000 1.000000 -0.000000
-0.161600 0.131900 0.639300 0.000000 0.000000 0.000000 1.000000 -0.000000
-0.161600 0.131900 0.655600 0.000000 0.000000 0.000000 1.000000 -0.000000
-0.161600 0.131900 0.824300 0.000000 0.000000 0.000000 1.000000 -0.000000
-0.160400 0.131900 0.881800 0.000000 0.000000 0.000000 1.000000 -0.000000
-0.160400 0.131900 0.898000 0.000000 0.000000 -0.003900 0.916300 -0.400600
-0.160400 0.230800 0.989500 0.000000 0.000000 -0.001500 0.363800 -0.931500
-0.160400 0.234800 0.989500 0.000000 0.000000 0.000000 -0.380100 -0.924900
-0.160400 0.243800 0.980600 0.000000 0.000000 0.000100 -0.380200 -0.924900
-0.129800 0.412900 0.980600 0.000000 0.000000 0.000000 0.000000 -1.000000
-0.481400 0.826000 -0.602300 0.000000 0.000000 0.633900 0.660400 0.402600
-0.327500 0.826000 -0.602300 0.000000 0.000000 0.635000 0.568000 0.523700
0.000000 0.760700 -0.476200 0.000000 0.000000 0.000000 0.645100 0.764100
-0.083600 0.760700 -0.476200 0.000000 0.000000 -0.524700 0.528800 0.667100
-0.085300 0.762300 -0.485600 0.000000 0.000000 -0.674700 0.714200 0.186400
-0.103700 0.764900 -0.586400 0.000000 0.000000 -0.688500 0.716300 0.113700
-0.106600 0.764100 -0.602300 0.000000 0.000000 -0.305200 0.864700 0.398900
-0.490800 0.831800 -0.565500 0.000000 0.000000 0.782800 -0.256600 0.567000
0.000000 0.762300 -0.485600 0.000000 0.000000 0.000000 0.995300 0.097000
0.000000 0.764900 -0.586400 0.000000 0.000000 0.000000 0.999900 -0.012200
0.000000 0.764100 -0.602300 0.000000 0.000000 0.000000 0.999800 0.021400
-0.329700 0.826700 -0.609800 0.000000 0.000000 0.653300 0.740800 -0.156000
-0.370700 0.839500 -0.716100 0.000000 0.000000 0.608200 0.790000 -0.077400
-0.485600 0.835300 -0.750400 0.000000 0.000000 0.395000 0.917600 -0.045000
-0.481600 0.826500 -0.610100 0.000000 0.000000 -0.222400 0.972600 0.067700
-0.106600 0.777500 -0.716100 0.000000 0.000000 0.000000 0.747900 -0.663800
-0.106600 0.764800 -0.609800 0.000000 0.000000 0.000000 0.994400 0.105800
0.000000 0.764800 -0.609800 0.000000 0.000000 0.000000 0.994400 0.105800
0.000000 0.777500 -0.716100 0.000000 0.000000 0.000000 0.747900 -0.663800
-0.354500 0.777500 -0.716100 0.000000 0.000000 0.000000 0.747900 -0.663800
-0.315100 0.764800 -0.609800 0.000000 0.000000 0.000000 0.994400 0.105800
-0.534000 0.845600 -0.873000 0.000000 0.000000 0.035500 0.841800 -0.538700
-0.568900 0.846200 -0.877000 0.000000 0.000000 -0.436700 0.707200 -0.556000
-0.568900 0.844300 -0.864500 0.000000 0.000000 -0.375600 0.922200 0.092300
-0.504100 0.834700 -0.792400 0.000000 0.000000 0.384100 0.905200 -0.182000
-0.106600 0.746500 -0.716100 0.000000 0.000000 0.000000 -0.707100 -0.707100
-0.354200 0.746500 -0.716100 0.000000 0.000000 0.000000 -0.707100 -0.707100
0.000000 0.746500 -0.716100 0.000000 0.000000 0.000000 -0.707100 -0.707100
-0.378200 0.746500 -0.797300 0.000000 0.000000 0.761900 -0.640700 -0.095300
-0.378200 0.843900 -0.797300 0.000000 0.000000 0.692200 0.720800 -0.037200
-0.370700 0.746500 -0.716100 0.000000 0.000000 0.397700 -0.858700 -0.323200
-0.525900 0.828300 -0.877000 0.000000 0.000000 0.136100 -0.594100 -0.792800
-0.558900 0.819700 -0.877000 0.000000 0.000000 0.363600 -0.461100 -0.809500
-0.582600 0.775300 -0.877000 0.000000 0.000000 0.615700 -0.122800 -0.778400
-0.592600 0.786800 -0.877000 0.000000 0.000000 -0.745300 0.125500 -0.654800
-0.389900 0.746500 -0.877000 0.000000 0.000000 0.572200 -0.532300 -0.623900
-0.399900 0.744800 -0.877000 0.000000 0.000000 -0.530500 -0.628300 -0.569000
-0.399900 0.833300 -0.877000 0.000000 0.000000 -0.322300 -0.274600 -0.906000
-0.389900 0.850800 -0.877000 0.000000 0.000000 0.497400 0.635200 -0.590800
-0.493200 0.846400 -0.750400 0.000000 0.000000 0.808100 0.561300 -0.178700
-0.511000 0.845900 -0.792400 0.000000 0.000000 0.734000 0.483500 -0.476900
-0.568900 0.844100 -0.853000 0.000000 0.000000 -0.049200 0.998600 0.017400
-0.579000 0.840200 -0.495200 0.000000 0.000000 0.133300 0.990900 0.018200
-0.563300 0.836900 -0.534100 0.000000 0.000000 0.485700 0.874200 -0.000000
-0.553700 0.830600 -0.534100 0.000000 0.000000 0.238800 0.971100 -0.000000
-0.451500 0.849300 -0.873000 0.000000 0.000000 0.028100 -0.730600 -0.682200
-0.452100 0.832900 -0.877000 0.000000 0.000000 0.021000 -0.608500 -0.793200
-0.312900 0.764100 -0.602300 0.000000 0.000000 0.000000 0.673500 0.739200
-0.312900 0.740400 -0.602300 0.000000 0.000000 0.000000 0.000000 1.000000
-0.321100 0.764100 -0.602300 0.000000 0.000000 0.276800 0.400200 0.873600
-0.323400 0.764800 -0.609800 0.000000 0.000000 0.637900 0.758100 -0.135600
-0.364400 0.777500 -0.716100 0.000000 0.000000 0.292000 0.247800 -0.923700
-0.364000 0.746500 -0.716100 0.000000 0.000000 0.000000 -0.707100 -0.707100
-0.106600 0.746500 -0.708900 0.000000 0.000000 0.000000 -1.000000 -0.000000
-0.354200 0.746500 -0.708900 0.000000 0.000000 0.000000 -1.000000 -0.000000
0.000000 0.746500 -0.708900 0.000000 0.000000 0.000000 -1.000000 -0.000000
-0.370700 0.746500 -0.708900 0.000000 0.000000 0.024500 -0.999700 -0.000000
-0.364000 0.746500 -0.708900 0.000000 0.000000 0.000000 -1.000000 -0.000000
-0.380200 0.744800 -0.746200 0.000000 0.000000 0.238200 -0.970900 -0.022500
-0.387900 0.744800 -0.792700 0.000000 0.000000 0.160300 -0.986700 -0.026600
-0.592600 0.785900 -0.864900 0.000000 0.000000 -0.989200 0.146100 0.011300
-0.525900 0.828300 -0.865100 0.000000 0.000000 0.157900 -0.987500 -0.000000
-0.558900 0.819700 -0.865100 0.000000 0.000000 0.619200 -0.785200 -0.000000
-0.579200 0.740200 -0.877000 0.000000 0.000000 0.616900 -0.538000 -0.574400
-0.579200 0.740200 -0.865100 0.000000 0.000000 0.753700 -0.657200 -0.000000
-0.589200 0.739800 -0.865100 0.000000 0.000000 -0.666800 -0.745200 -0.000000
-0.589200 0.739800 -0.877000 0.000000 0.000000 -0.542900 -0.608200 -0.579200
-0.582600 0.775300 -0.865100 0.000000 0.000000 0.980700 -0.195600 -0.000000
-0.399900 0.744800 -0.865100 0.000000 0.000000 -0.356600 -0.934100 -0.015400
-0.399900 0.833300 -0.865100 0.000000 0.000000 -0.704400 -0.709800 -0.000000
-0.452100 0.832900 -0.865100 0.000000 0.000000 0.034900 -0.999400 -0.000000
-0.059800 0.481000 -0.163500 0.000000 0.000000 0.000000 0.374800 0.927100
-0.090000 0.481000 -0.163500 0.000000 0.000000 -0.707100 0.265100 0.655500
-0.090000 0.365500 -0.116800 0.000000 0.000000 -0.577300 -0.318800 0.751700
-0.059800 0.365500 -0.116800 0.000000 0.000000 0.000000 -0.390500 0.920600
0.059800 0.365500 -0.116800 0.000000 0.000000 0.000000 -0.390500 0.920600
0.059800 0.481000 -0.163500 0.000000 0.000000 0.000000 0.374800 0.927100
0.090000 0.481000 -0.163500 0.000000 0.000000 0.707100 0.265100 0.655500
0.090000 0.365500 -0.116800 0.000000 0.000000 0.577300 -0.318800 0.751700
-0.090000 0.596500 -0.210200 0.000000 0.000000 -0.577400 0.751700 0.318800
-0.059800 0.596500 -0.210200 0.000000 0.000000 0.000000 0.920600 0.390500
0.059800 0.596500 -0.210200 0.000000 0.000000 0.000000 0.920600 0.390500
0.090000 0.596500 -0.210200 0.000000 0.000000 0.577400 0.751700 0.318800
-0.059800 0.573900 -0.266100 0.000000 0.000000 0.000000 0.920600 0.390500
-0.059800 0.689400 -0.312800 0.000000 0.000000 0.000000 0.920200 0.391400
-0.090000 0.689400 -0.312800 0.000000 0.000000 -0.577500 0.751300 0.319600
-0.090000 0.573900 -0.266100 0.000000 0.000000 -0.904500 0.392600 0.166500
0.059800 0.689400 -0.312800 0.000000 0.000000 0.000000 0.920200 0.391400
0.059800 0.573900 -0.266100 0.000000 0.000000 0.000000 0.920600 0.390500
0.090000 0.573900 -0.266100 0.000000 0.000000 0.904500 0.392600 0.166500
0.090000 0.689400 -0.312800 0.000000 0.000000 0.577500 0.751300 0.319600
-0.059800 0.677300 -0.342900 0.000000 0.000000 0.000000 0.391300 -0.920300
-0.090000 0.677300 -0.342900 0.000000 0.000000 -0.577300 0.319800 -0.751300
0.059800 0.677300 -0.342900 0.000000 0.000000 -0.000200 0.391400 -0.920200
0.090000 0.677300 -0.342900 0.000000 0.000000 0.577400 0.319900 -0.751200
-0.090000 0.755400 -0.441300 0.000000 0.000000 -0.727600 0.509400 -0.459600
-0.090000 0.765700 -0.415600 0.000000 0.000000 -0.707600 0.655300 -0.264300
-0.059800 0.765700 -0.415600 0.000000 0.000000 0.000000 0.927400 -0.374000
-0.059800 0.755400 -0.441300 0.000000 0.000000 0.000000 0.927400 -0.374100
0.059800 0.765700 -0.415600 0.000000 0.000000 0.000000 0.927400 -0.374000
0.059800 0.755400 -0.441300 0.000000 0.000000 0.000000 0.927400 -0.374100
0.090000 0.765700 -0.415600 0.000000 0.000000 0.707600 0.655300 -0.264300
0.090000 0.755400 -0.441300 0.000000 0.000000 0.727600 0.509400 -0.459500
-0.059800 0.250100 -0.207100 0.000000 0.000000 0.000000 -0.541500 0.840700
-0.090000 0.250100 -0.207100 0.000000 0.000000 -0.597100 -0.434400 0.674400
-0.090000 0.239800 -0.232800 0.000000 0.000000 -0.728200 -0.685000 0.021700
-0.059800 0.239800 -0.232800 0.000000 0.000000 0.000000 -0.927400 0.374100
0.059800 0.250100 -0.207100 0.000000 0.000000 0.000000 -0.541500 0.840700
0.059800 0.239800 -0.232800 0.000000 0.000000 0.000000 -0.927400 0.374100
0.090000 0.239800 -0.232800 0.000000 0.000000 0.728200 -0.685000 0.021600
0.090000 0.250100 -0.207100 0.000000 0.000000 0.597100 -0.434400 0.674400
-0.059800 0.330700 -0.202800 0.000000 0.000000 0.000000 -0.920800 -0.390000
-0.059800 0.342900 -0.172700 0.000000 0.000000 0.000000 -0.926900 0.375200
-0.090000 0.342900 -0.172700 0.000000 0.000000 -0.707200 -0.655300 0.265300
-0.090000 0.330700 -0.202800 0.000000 0.000000 -0.577300 -0.751800 -0.318700
0.059800 0.342900 -0.172700 0.000000 0.000000 0.000000 -0.926900 0.375200
0.059800 0.330700 -0.202800 0.000000 0.000000 0.000000 -0.920800 -0.390000
0.090000 0.330700 -0.202800 0.000000 0.000000 0.577300 -0.751800 -0.318700
0.090000 0.342900 -0.172700 0.000000 0.000000 0.707200 -0.655300 0.265300
0.090000 0.433400 -0.281200 0.000000 0.000000 1.000000 0.000000 -0.000000
0.090000 0.423000 -0.306900 0.000000 0.000000 0.951200 -0.115700 -0.286000
0.090000 0.446200 -0.249500 0.000000 0.000000 0.707100 -0.265000 -0.655600
0.090000 0.458400 -0.219400 0.000000 0.000000 1.000000 0.000000 -0.000000
0.090000 0.548900 -0.327900 0.000000 0.000000 1.000000 0.000000 -0.000000
0.090000 0.538500 -0.353600 0.000000 0.000000 0.951200 -0.115700 -0.286000
0.090000 0.561800 -0.296200 0.000000 0.000000 0.707100 -0.264900 -0.655600
-0.090000 0.433400 -0.281200 0.000000 0.000000 -1.000000 0.000000 -0.000000
-0.090000 0.423000 -0.306900 0.000000 0.000000 -0.951200 -0.115600 -0.286000
-0.090000 0.458400 -0.219400 0.000000 0.000000 -1.000000 0.000000 -0.000000
-0.090000 0.446200 -0.249500 0.000000 0.000000 -0.707100 -0.265000 -0.655600
-0.090000 0.548900 -0.327900 0.000000 0.000000 -1.000000 0.000000 -0.000000
-0.090000 0.538500 -0.353600 0.000000 0.000000 -0.951200 -0.115600 -0.286000
-0.090000 0.561800 -0.296200 0.000000 0.000000 -0.707100 -0.264900 -0.655600
-0.039400 0.739400 -0.480700 0.000000 0.000000 0.000000 0.926500 -0.376300
-0.059200 0.739400 -0.480700 0.000000 0.000000 -0.471000 0.625400 -0.622100
0.039400 0.739400 -0.480700 0.000000 0.000000 0.000000 0.926500 -0.376300
0.059200 0.739400 -0.480700 0.000000 0.000000 0.470900 0.625400 -0.622200
-0.059200 0.223800 -0.272200 0.000000 0.000000 -0.470900 -0.882200 -0.009900
-0.039400 0.223800 -0.272200 0.000000 0.000000 0.000000 -0.926500 0.376300
0.039400 0.223800 -0.272200 0.000000 0.000000 0.000000 -0.926500 0.376300
0.059200 0.223800 -0.272200 0.000000 0.000000 0.470900 -0.882100 -0.009900
0.059200 0.407100 -0.346300 0.000000 0.000000 0.809700 -0.220000 -0.544100
0.059200 0.522600 -0.393000 0.000000 0.000000 0.809600 -0.220100 -0.544100
-0.059200 0.407100 -0.346300 0.000000 0.000000 -0.809600 -0.220000 -0.544100
-0.059200 0.522600 -0.393000 0.000000 0.000000 -0.809700 -0.220000 -0.544100
0.059800 0.656800 -0.343800 0.000000 0.000000 -0.150900 0.927700 0.341500
-0.059800 0.656800 -0.343800 0.000000 0.000000 0.149800 0.927700 0.341900
-0.059800 0.660000 -0.335900 0.000000 0.000000 0.149400 0.429000 -0.890900
0.059800 0.660000 -0.335900 0.000000 0.000000 -0.150600 0.429200 -0.890600
-0.081600 0.668600 -0.339400 0.000000 0.000000 -0.175500 -0.127900 -0.976100
-0.081600 0.665500 -0.347300 0.000000 0.000000 -0.415400 0.443900 -0.794000
-0.073200 0.558600 -0.304100 0.000000 0.000000 -0.714600 0.237700 0.657900
-0.073200 0.561800 -0.296200 0.000000 0.000000 -0.714600 -0.286100 -0.638300
-0.073200 0.443000 -0.257400 0.000000 0.000000 -0.714500 0.286400 0.638300
-0.073200 0.446200 -0.249500 0.000000 0.000000 -0.714700 -0.237800 -0.657800
-0.081600 0.336200 -0.214100 0.000000 0.000000 -0.175000 0.130900 0.975800
-0.081600 0.339400 -0.206300 0.000000 0.000000 -0.176300 -0.583000 -0.793100
-0.059800 0.348000 -0.209800 0.000000 0.000000 0.149600 -0.928700 -0.339500
-0.059800 0.344800 -0.217600 0.000000 0.000000 0.149400 -0.427000 0.891800
0.059800 0.344800 -0.217600 0.000000 0.000000 -0.149200 -0.427100 0.891800
0.059800 0.348000 -0.209800 0.000000 0.000000 -0.149600 -0.928700 -0.339500
0.081600 0.336200 -0.214100 0.000000 0.000000 0.174000 0.129600 0.976200
0.081600 0.339400 -0.206300 0.000000 0.000000 0.176300 -0.583000 -0.793100
0.073200 0.443000 -0.257400 0.000000 0.000000 0.714500 0.286300 0.638300
0.073200 0.446200 -0.249500 0.000000 0.000000 0.714700 -0.237800 -0.657800
0.073200 0.561800 -0.296200 0.000000 0.000000 0.714600 -0.286100 -0.638300
0.073200 0.558600 -0.304100 0.000000 0.000000 0.714600 0.237800 0.657800
0.081600 0.665500 -0.347300 0.000000 0.000000 0.172200 0.583500 0.793700
0.081600 0.668600 -0.339400 0.000000 0.000000 0.177600 -0.128900 -0.975600
-0.059800 0.775400 -0.391700 0.000000 0.000000 0.000000 0.920800 0.390100
0.059800 0.775400 -0.391700 0.000000 0.000000 -0.000000 0.920800 0.390000
-0.090000 0.775400 -0.391700 0.000000 0.000000 -0.577300 0.751900 0.318500
-0.090000 0.558600 -0.304100 0.000000 0.000000 -0.707100 0.264900 0.655600
-0.090000 0.443000 -0.257400 0.000000 0.000000 -0.707200 0.265200 0.655300
-0.090000 0.327500 -0.210600 0.000000 0.000000 -0.671200 0.157700 0.724300
-0.059800 0.327500 -0.210600 0.000000 0.000000 0.000200 0.213100 0.977000
0.059800 0.327500 -0.210600 0.000000 0.000000 0.000000 0.213200 0.977000
0.090000 0.327500 -0.210600 0.000000 0.000000 0.671100 0.157900 0.724400
0.090000 0.443000 -0.257400 0.000000 0.000000 0.707200 0.265200 0.655400
0.090000 0.558600 -0.304100 0.000000 0.000000 0.707100 0.264900 0.655600
0.090000 0.775400 -0.391700 0.000000 0.000000 0.577300 0.751900 0.318500
0.587100 0.474600 0.647700 0.000000 0.000000 -0.185200 0.922900 -0.337600
0.613000 0.480000 0.647700 0.000000 0.000000 -0.682700 0.491000 -0.541100
0.613000 0.474800 0.601100 0.000000 0.000000 -0.185200 0.590300 -0.785600
0.587100 0.469700 0.585500 0.000000 0.000000 0.132000 0.834600 -0.534800
0.595900 0.304400 0.651600 0.000000 0.000000 -0.449200 0.023700 -0.893100
0.613000 0.304400 0.647700 0.000000 0.000000 -0.837300 0.262500 -0.479500
0.613000 0.304400 0.601100 0.000000 0.000000 -0.412100 -0.352800 -0.840000
0.595900 0.263100 0.651600 0.000000 0.000000 -0.739600 0.089600 -0.667100
0.613000 0.263100 0.601100 0.000000 0.000000 -0.293200 0.864200 -0.408800
0.591100 0.543600 -0.420100 0.000000 0.000000 -0.509700 0.175900 0.842200
0.613000 0.543600 -0.406500 0.000000 0.000000 -0.272600 0.219400 0.936800
0.625800 0.750800 -0.454700 0.000000 0.000000 -0.066500 0.390800 0.918100
0.550800 0.779000 -0.474800 0.000000 0.000000 -0.094300 0.771800 0.628800
0.613000 0.407800 -0.376700 0.000000 0.000000 -0.330700 0.419200 0.845500
0.591100 0.390500 -0.387300 0.000000 0.000000 -0.550900 0.454200 0.700200
0.591100 0.305300 -0.295200 0.000000 0.000000 -0.350800 0.753500 0.556100
0.612900 0.305300 -0.281600 0.000000 0.000000 -0.164600 0.779100 0.604900
0.595100 0.263100 -0.216000 0.000000 0.000000 -0.013300 0.965600 0.259800
0.612900 0.263100 -0.216000 0.000000 0.000000 0.000000 0.959400 0.281900
0.589500 0.244800 0.480600 0.000000 0.000000 -1.000000 0.000000 -0.000000
0.589500 0.263100 0.480600 0.000000 0.000000 -0.707100 0.707100 -0.000000
0.589500 0.263100 0.328300 0.000000 0.000000 -0.707100 0.707100 -0.000000
0.589500 0.244800 0.328300 0.000000 0.000000 -1.000000 0.000000 -0.000000
0.589500 0.244800 0.601100 0.000000 0.000000 -0.998000 0.000000 0.063000
0.589500 0.263100 0.601100 0.000000 0.000000 -0.719300 0.693200 0.045400
0.589500 0.263100 0.129000 0.000000 0.000000 -0.707100 0.707100 -0.000000
0.589500 0.244800 0.129000 0.000000 0.000000 -1.000000 0.000000 -0.000000
0.589500 0.263100 -0.125700 0.000000 0.000000 -0.707100 0.707100 -0.000000
0.589500 0.244800 -0.125700 0.000000 0.000000 -1.000000 0.000000 -0.000000
0.589500 0.263100 -0.216000 0.000000 0.000000 -0.764100 0.624200 0.162900
0.589500 0.244800 -0.216000 0.000000 0.000000 -1.000000 0.000200 0.006900
0.569600 0.150300 0.480600 0.000000 0.000000 -0.707200 0.707000 0.000200
0.569600 0.214100 0.480600 0.000000 0.000000 -0.746500 0.665400 0.000200
0.569500 0.214100 0.328300 0.000000 0.000000 -0.746500 0.665400 0.000200
0.569500 0.150300 0.328300 0.000000 0.000000 -0.707000 0.707200 0.000200
0.569600 0.214100 0.601100 0.000000 0.000000 -0.756500 0.652200 0.047600
0.569600 0.150300 0.601100 0.000000 0.000000 -0.691000 0.721600 0.043600
0.569500 0.214100 0.129000 0.000000 0.000000 -0.746400 0.665500 -0.000000
0.569500 0.150300 0.129000 0.000000 0.000000 -0.707100 0.707100 -0.000000
0.569500 0.214100 -0.125700 0.000000 0.000000 -0.746400 0.665500 -0.000000
0.569500 0.150300 -0.125700 0.000000 0.000000 -0.707100 0.707100 -0.000000
0.569500 0.214100 -0.216000 0.000000 0.000000 -0.744300 0.667800 0.006900
0.569500 0.150300 -0.216000 0.000000 0.000000 -0.709500 0.704600 0.007800
0.567200 0.150300 -0.320500 0.000000 0.000000 -0.620500 0.718500 0.314200
0.558200 0.150300 -0.320500 0.000000 0.000000 0.000000 0.918400 0.395700
0.560600 0.150300 -0.215800 0.000000 0.000000 0.000000 1.000000 -0.000000
0.535600 0.476300 0.665200 0.000000 0.000000 -0.831100 0.071600 -0.551400
0.535600 0.481900 0.665200 0.000000 0.000000 -0.781200 0.000000 -0.624300
0.535600 0.500200 0.829900 0.000000 0.000000 -0.957600 0.000000 -0.288000
0.535600 0.492500 0.829900 0.000000 0.000000 -0.957600 0.000000 -0.288000
0.535600 0.263100 0.829900 0.000000 0.000000 -0.957600 0.000000 -0.288000
0.535600 0.304400 0.829900 0.000000 0.000000 -0.957600 0.000000 -0.288000
0.535600 0.304400 0.665200 0.000000 0.000000 -0.809300 -0.084000 -0.581400
0.535600 0.263100 0.665200 0.000000 0.000000 -0.781000 0.000000 -0.624500
0.535600 0.244800 0.829900 0.000000 0.000000 -0.957600 0.000000 -0.288000
0.535600 0.244800 0.665200 0.000000 0.000000 -0.781000 0.000000 -0.624500
0.535600 0.214100 0.829900 0.000000 0.000000 -0.957600 0.000000 -0.288000
0.535600 0.214100 0.665200 0.000000 0.000000 -0.812100 0.000000 -0.583500
0.535600 0.150300 0.665200 0.000000 0.000000 -0.408200 0.864500 -0.293300
0.535600 0.150300 0.829900 0.000000 0.000000 -0.729600 0.647700 -0.219400
0.526600 0.150300 0.665000 0.000000 0.000000 0.000000 1.000000 -0.000000
0.526600 0.150300 0.829700 0.000000 0.000000 0.000000 1.000000 -0.000000
0.587100 0.241300 -0.395100 0.000000 0.000000 -0.701700 0.332600 0.630100
0.587100 0.305300 -0.428800 0.000000 0.000000 -0.702900 0.321000 0.634700
0.587100 0.305300 -0.297600 0.000000 0.000000 -0.853600 0.403400 0.329500
0.537000 0.779000 -0.477300 0.000000 0.000000 -0.591300 0.566100 0.574300
0.481400 0.789600 -0.602300 0.000000 0.000000 -0.284200 0.090300 0.954500
0.587200 0.543600 -0.547300 0.000000 0.000000 -0.711300 0.134900 0.689800
0.587200 0.543600 -0.422600 0.000000 0.000000 -0.867400 0.031200 0.496600
0.613000 0.543600 0.647700 0.000000 0.000000 -0.781200 0.000000 -0.624300
0.613000 0.543600 0.601100 0.000000 0.000000 -0.707100 0.000000 -0.707100
0.535600 0.543600 0.665200 0.000000 0.000000 -0.781200 0.000000 -0.624300
0.535600 0.543600 0.829900 0.000000 0.000000 -0.957600 0.000000 -0.288000
0.535600 0.369700 0.829900 0.000000 0.000000 -0.957600 0.000000 -0.288000
0.535600 0.363600 0.665200 0.000000 0.000000 -1.000000 0.000000 0.008600
0.535300 0.362900 0.647700 0.000000 0.000000 -0.956300 -0.258000 -0.137400
0.535300 0.360100 0.559000 0.000000 0.000000 -0.602500 -0.439300 -0.666400
0.535600 0.477200 0.829900 0.000000 0.000000 -0.957600 0.000000 -0.288000
0.535600 0.465000 0.665200 0.000000 0.000000 -1.000000 0.000000 0.008600
0.535300 0.463700 0.647700 0.000000 0.000000 -0.806600 0.578400 -0.122100
0.535300 0.457000 0.559000 0.000000 0.000000 -0.557900 0.516100 -0.649900
0.535600 0.484900 0.829900 0.000000 0.000000 -0.957600 0.000000 -0.288000
0.535600 0.470600 0.665200 0.000000 0.000000 -0.943200 0.160600 -0.290800
0.561200 0.469100 0.647700 0.000000 0.000000 -0.214100 0.921400 -0.324400
0.561200 0.464800 0.572000 0.000000 0.000000 0.055900 0.835100 -0.547300
0.587200 0.390500 -0.389800 0.000000 0.000000 -0.906400 0.192600 0.376000
0.587200 0.407800 -0.479200 0.000000 0.000000 -0.708000 0.314300 0.632400
0.481400 0.740400 -0.602300 0.000000 0.000000 -0.218700 0.090800 0.971500
0.577700 0.543600 -0.547300 0.000000 0.000000 -0.007100 0.342100 0.939600
0.578200 0.407800 -0.479200 0.000000 0.000000 0.000000 0.444800 0.895600
0.578200 0.305300 -0.428800 0.000000 0.000000 0.000000 0.453600 0.891200
0.578200 0.241300 -0.395100 0.000000 0.000000 0.000000 0.467100 0.884200
0.567200 0.214100 -0.380800 0.000000 0.000000 -0.173900 0.705400 0.687100
0.558200 0.214100 -0.380800 0.000000 0.000000 0.000000 0.565300 0.824900
0.535600 0.216400 0.829900 0.000000 0.000000 -0.957600 0.000000 -0.288000
0.535600 0.216400 0.665200 0.000000 0.000000 -0.796400 0.020600 -0.604400
0.589500 0.216400 0.601100 0.000000 0.000000 -0.732900 0.678700 0.046500
0.589500 0.216400 0.480600 0.000000 0.000000 -0.746600 0.665300 -0.000000
0.589500 0.216400 0.328300 0.000000 0.000000 -0.746400 0.665500 0.000000
0.589500 0.216400 0.129000 0.000000 0.000000 -0.746400 0.665500 -0.000000
0.589500 0.216400 -0.125700 0.000000 0.000000 -0.746400 0.665500 -0.000000
0.589500 0.216400 -0.216000 0.000000 0.000000 -0.747700 0.664000 0.005400
0.587100 0.216200 -0.381800 0.000000 0.000000 -0.623800 0.654100 0.427800
0.578200 0.216200 -0.381800 0.000000 0.000000 0.000000 0.449200 0.893400
0.595100 0.263100 0.328300 0.000000 0.000000 0.000000 1.000000 -0.000000
0.595100 0.263100 0.480600 0.000000 0.000000 0.000000 1.000000 -0.000000
0.613000 0.263100 0.480600 0.000000 0.000000 0.000000 1.000000 -0.000000
0.612900 0.263100 0.328300 0.000000 0.000000 0.000000 1.000000 -0.000000
0.595100 0.263100 0.601100 0.000000 0.000000 0.000000 1.000000 -0.000000
0.595900 0.244800 0.651600 0.000000 0.000000 -0.818800 0.000000 -0.574100
0.595100 0.263100 0.129000 0.000000 0.000000 0.000000 1.000000 -0.000000
0.612900 0.263100 0.129000 0.000000 0.000000 0.000000 1.000000 -0.000000
0.612900 0.263100 -0.125700 0.000000 0.000000 0.000000 1.000000 -0.000000
0.595100 0.263100 -0.125700 0.000000 0.000000 0.000000 1.000000 -0.000000
0.560600 0.150300 0.328200 0.000000 0.000000 0.000000 1.000000 -0.000000
0.560600 0.150300 0.480400 0.000000 0.000000 0.000000 1.000000 -0.000000
0.576000 0.150300 0.651600 0.000000 0.000000 -0.685000 0.588500 -0.429500
0.576000 0.214100 0.651600 0.000000 0.000000 -0.464000 0.752100 -0.467900
0.560600 0.150300 0.600900 0.000000 0.000000 0.000000 1.000000 -0.000000
0.560600 0.150300 0.129100 0.000000 0.000000 0.000000 1.000000 -0.000000
0.560600 0.150300 -0.125500 0.000000 0.000000 0.000000 1.000000 -0.000000
0.595900 0.216400 0.651600 0.000000 0.000000 -0.691900 0.547000 -0.471200
0.567100 0.150300 0.651300 0.000000 0.000000 0.000000 1.000000 -0.000000
0.321100 0.740400 -0.602300 0.000000 0.000000 0.000000 0.135800 0.990700
0.342200 0.543600 -0.547300 0.000000 0.000000 0.000000 0.269200 0.963100
0.327500 0.740400 -0.602300 0.000000 0.000000 0.000000 0.000000 1.000000
0.559200 0.779000 -0.497600 0.000000 0.000000 -0.626800 0.655500 0.421300
0.504800 0.788800 -0.595400 0.000000 0.000000 -0.638400 0.448800 0.625300
0.617000 0.779000 -0.475700 0.000000 0.000000 0.234900 0.723200 0.649500
0.568800 0.779000 -0.477300 0.000000 0.000000 -0.214600 0.577600 0.787600
0.563300 0.836900 -0.477300 0.000000 0.000000 -0.517600 0.560400 0.646500
0.588700 0.840200 -0.475700 0.000000 0.000000 0.373300 0.691500 0.618500
0.553700 0.830600 -0.497600 0.000000 0.000000 -0.791600 0.495700 0.357400
0.617000 0.779000 -0.490800 0.000000 0.000000 0.549300 0.835600 -0.001500
0.588400 0.840200 -0.495200 0.000000 0.000000 0.522100 0.852900 -0.008000
0.083600 0.275800 0.652500 0.000000 0.000000 0.637700 0.770300 -0.000000
0.000000 0.275800 0.649300 0.000000 0.000000 0.000000 1.000000 -0.000000
0.000000 0.275800 0.820600 0.000000 0.000000 0.000000 1.000000 -0.000000
0.083600 0.275800 0.822500 0.000000 0.000000 0.637700 0.770300 -0.000000
0.083600 0.275800 0.635900 0.000000 0.000000 0.637700 0.770300 -0.000000
0.000000 0.275800 0.632400 0.000000 0.000000 0.000000 1.000000 -0.000000
0.000000 0.275800 0.587500 0.000000 0.000000 0.000400 0.999900 -0.014000
0.083600 0.275800 0.590000 0.000000 0.000000 0.635200 0.772300 -0.010400
0.083600 0.272600 0.472900 0.000000 0.000000 0.638900 0.769000 -0.019500
0.000000 0.272600 0.471200 0.000000 0.000000 0.000500 0.999700 -0.025600
0.083600 0.269100 0.325000 0.000000 0.000000 0.633300 0.773600 -0.023900
0.000000 0.269100 0.324200 0.000000 0.000000 0.000200 0.999500 -0.031300
0.083600 0.261600 0.131500 0.000000 0.000000 0.634100 0.773100 -0.015000
0.000000 0.261600 0.132100 0.000000 0.000000 -0.000100 0.999800 -0.019600
0.083600 0.261600 -0.115800 0.000000 0.000000 0.651900 0.755700 0.062500
0.000000 0.261600 -0.113600 0.000000 0.000000 0.002100 0.996700 0.081500
0.000000 0.272600 -0.179300 0.000000 0.000000 0.010200 0.952500 0.304500
0.083600 0.272600 -0.182200 0.000000 0.000000 0.678100 0.697500 0.231600
0.083600 0.298600 -0.231900 0.000000 0.000000 0.685500 0.594700 0.420000
0.000000 0.298600 -0.231800 0.000000 0.000000 0.005100 0.822200 0.569200
0.083600 0.327600 -0.263400 0.000000 0.000000 0.690400 0.439600 0.574600
0.000000 0.327600 -0.263400 0.000000 0.000000 0.000000 0.609500 0.792800
0.083600 0.329700 -0.264500 0.000000 0.000000 0.627700 0.447400 0.637000
0.000000 0.329700 -0.264500 0.000000 0.000000 0.000000 0.573600 0.819100
0.000000 0.349000 -0.282100 0.000000 0.000000 0.000000 0.644300 0.764800
0.083600 0.349000 -0.282100 0.000000 0.000000 0.661300 0.483100 0.573800
0.083600 0.402500 -0.323700 0.000000 0.000000 0.670700 0.388000 0.632100
0.000000 0.402500 -0.323700 0.000000 0.000000 0.000000 0.525500 0.850800
0.083600 0.472200 -0.357000 0.000000 0.000000 0.641000 0.348100 0.684000
0.000000 0.472200 -0.357000 0.000000 0.000000 0.000000 0.453600 0.891200
0.000000 0.590900 -0.421200 0.000000 0.000000 0.000000 0.408600 0.912700
0.083600 0.590900 -0.421200 0.000000 0.000000 0.661300 0.306900 0.684500
0.083600 0.743400 -0.476200 0.000000 0.000000 0.676900 0.128700 0.724700
0.000000 0.743400 -0.476200 0.000000 0.000000 0.000000 0.172200 0.985100
0.085500 0.265800 0.822600 0.000000 0.000000 0.983100 0.183000 -0.000000
0.085500 0.265800 0.652700 0.000000 0.000000 0.983100 0.183000 -0.000000
0.085500 0.265800 0.636000 0.000000 0.000000 0.983100 0.183000 -0.000000
0.085500 0.265800 0.590100 0.000000 0.000000 0.983100 0.183000 -0.002600
0.085500 0.262500 0.473000 0.000000 0.000000 0.982800 0.184600 -0.003200
0.085600 0.259000 0.325000 0.000000 0.000000 0.981400 0.192100 -0.005500
0.085700 0.251600 0.131500 0.000000 0.000000 0.979300 0.202600 -0.002800
0.085600 0.251600 -0.115900 0.000000 0.000000 0.980500 0.196000 0.010800
0.085400 0.262700 -0.184000 0.000000 0.000000 0.983500 0.172900 0.052900
0.085000 0.289800 -0.237100 0.000000 0.000000 0.989800 0.121700 0.074800
0.085100 0.320600 -0.270700 0.000000 0.000000 0.989700 0.087500 0.113200
0.085100 0.322600 -0.271800 0.000000 0.000000 0.989300 0.083800 0.119700
0.085100 0.342000 -0.289400 0.000000 0.000000 0.988800 0.094000 0.115800
0.085200 0.395700 -0.331100 0.000000 0.000000 0.986900 0.083700 0.137800
0.085300 0.467500 -0.366000 0.000000 0.000000 0.986200 0.074600 0.147700
0.085300 0.587400 -0.430700 0.000000 0.000000 0.985900 0.068100 0.153100
0.085300 0.743300 -0.485600 0.000000 0.000000 0.983800 0.028400 0.177100
0.617600 0.543600 0.601100 0.000000 0.000000 0.707100 0.000000 -0.707100
0.617600 0.471100 0.601100 0.000000 0.000000 0.714500 -0.482300 -0.506800
0.617600 0.263100 0.480600 0.000000 0.000000 0.000000 1.000000 -0.000000
0.617600 0.263100 0.328300 0.000000 0.000000 0.000000 1.000000 -0.000000
0.617600 0.263100 0.601100 0.000000 0.000000 0.301500 0.904500 -0.301500
0.617500 0.263100 0.129000 0.000000 0.000000 0.000000 1.000000 -0.000000
0.617500 0.263100 -0.125700 0.000000 0.000000 0.000000 1.000000 -0.000000
0.617500 0.263100 -0.216000 0.000000 0.000000 0.000000 0.959400 0.281900
0.617600 0.543600 -0.406500 0.000000 0.000000 0.000000 0.220500 0.975400
0.630400 0.750800 -0.454700 0.000000 0.000000 0.000000 0.226600 0.974000
0.617000 0.407800 -0.376700 0.000000 0.000000 0.133800 0.365800 0.921000
0.617600 0.305300 -0.281600 0.000000 0.000000 0.012200 0.778400 0.627700
0.617600 0.308300 0.601100 0.000000 0.000000 0.788700 0.303300 -0.534700
0.591700 0.465900 0.585500 0.000000 0.000000 0.505500 -0.466500 -0.725800
0.539900 0.364100 0.559000 0.000000 0.000000 0.570100 0.080400 -0.817600
0.539900 0.453300 0.559000 0.000000 0.000000 0.531800 -0.051800 -0.845300
0.565800 0.461100 0.572000 0.000000 0.000000 0.509300 -0.447600 -0.735000
0.617600 0.543600 0.672300 0.000000 0.000000 1.000000 0.000000 -0.000000
0.617600 0.471100 0.672300 0.000000 0.000000 0.868200 -0.496300 -0.000000
0.617600 0.308300 0.672300 0.000000 0.000000 0.883200 0.468900 -0.000000
0.617600 0.263100 0.672300 0.000000 0.000000 0.707100 0.707100 -0.000000
0.591700 0.465900 0.656600 0.000000 0.000000 0.191800 -0.981400 -0.000000
0.539900 0.364100 0.680800 0.000000 0.000000 0.896400 0.443100 -0.000000
0.539900 0.453300 0.680800 0.000000 0.000000 0.946500 -0.322800 -0.000000
0.565800 0.461100 0.643200 0.000000 0.000000 0.241200 -0.970500 -0.000000
0.623800 0.263100 0.480600 0.000000 0.000000 0.707000 0.707200 -0.000300
0.623800 0.263100 0.328300 0.000000 0.000000 0.707100 0.707100 -0.000000
0.623900 0.263100 0.601100 0.000000 0.000000 0.707200 0.707000 -0.000300
0.623800 0.263100 0.129000 0.000000 0.000000 0.707100 0.707100 -0.000000
0.623800 0.263100 -0.125700 0.000000 0.000000 0.707100 0.707100 -0.000000
0.623800 0.263100 -0.216000 0.000000 0.000000 0.776400 0.604700 0.177700
0.623900 0.543600 -0.406500 0.000000 0.000000 0.699800 0.138300 0.700800
0.636700 0.750800 -0.454700 0.000000 0.000000 0.694000 0.369700 0.617800
0.623800 0.305300 -0.281600 0.000000 0.000000 0.727300 0.542600 0.420300
0.623800 0.390500 -0.373700 0.000000 0.000000 0.956700 0.175100 0.232500
0.623900 0.263100 0.672300 0.000000 0.000000 0.707100 0.707100 -0.000000
0.623800 0.248500 0.480600 0.000000 0.000000 0.707200 0.707000 -0.000300
0.623800 0.248500 0.328300 0.000000 0.000000 0.707100 0.707100 -0.000000
0.623900 0.248500 0.601100 0.000000 0.000000 0.707000 0.707200 -0.000300
0.623800 0.248500 0.129000 0.000000 0.000000 0.707100 0.707100 -0.000000
0.623800 0.248500 -0.125700 0.000000 0.000000 0.705800 0.708400 0.004100
0.623800 0.249600 -0.220000 0.000000 0.000000 0.650900 0.728300 0.214200
0.623900 0.540400 -0.437700 0.000000 0.000000 0.706600 0.160900 0.689100
0.636700 0.747400 -0.485800 0.000000 0.000000 0.917800 0.268500 0.292500
0.623800 0.383900 -0.389700 0.000000 0.000000 0.652200 0.405900 0.640200
0.623800 0.294100 -0.290900 0.000000 0.000000 0.687700 0.578300 0.438800
0.623900 0.248500 0.672300 0.000000 0.000000 0.707100 0.707100 -0.000000
0.630800 0.248500 0.328300 0.000000 0.000000 0.000000 1.000000 -0.000000
0.630800 0.248500 0.480600 0.000000 0.000000 0.000000 1.000000 -0.000000
0.630800 0.248500 0.601100 0.000000 0.000000 0.000000 1.000000 -0.000000
0.630700 0.248500 0.129000 0.000000 0.000000 0.000000 1.000000 -0.000000
0.630700 0.248500 -0.125700 0.000000 0.000000 0.000000 1.000000 0.005800
0.630800 0.249600 -0.220000 0.000000 0.000000 0.000000 0.959300 0.282300
0.630800 0.540100 -0.437600 0.000000 0.000000 -0.002700 0.260400 0.965500
0.643400 0.742800 -0.484700 0.000000 0.000000 -0.004300 0.226600 0.974000
0.630800 0.294100 -0.290900 0.000000 0.000000 0.000000 0.796600 0.604500
0.630800 0.383900 -0.389700 0.000000 0.000000 0.000000 0.535700 0.844400
0.630800 0.248500 0.672300 0.000000 0.000000 0.000000 1.000000 -0.000000
0.621100 0.779000 -0.475700 0.000000 0.000000 0.415100 0.838800 0.352200
0.621100 0.779000 -0.490800 0.000000 0.000000 0.494500 0.869100 -0.013000
0.487900 0.150300 0.664000 0.000000 0.000000 -0.707100 0.707100 -0.000000
0.487900 0.150300 0.829200 0.000000 0.000000 -0.602200 0.777700 -0.180300
0.487900 0.150300 0.648900 0.000000 0.000000 -0.707100 0.707100 -0.000000
0.487900 0.150300 0.599400 0.000000 0.000000 -0.707100 0.707100 -0.000000
0.487900 0.150300 0.479400 0.000000 0.000000 -0.307300 0.902400 0.301900
0.487900 0.150300 0.327800 0.000000 0.000000 0.000000 1.000000 -0.000000
0.161600 0.150300 0.325700 0.000000 0.000000 0.000000 1.000000 -0.000000
0.106600 0.150300 0.131200 0.000000 0.000000 0.630900 0.775900 -0.000000
0.106600 0.150300 0.325400 0.000000 0.000000 0.637300 0.770600 -0.000500
0.150200 0.150300 0.325700 0.000000 0.000000 0.000000 1.000000 -0.000000
0.476700 0.150300 0.327700 0.000000 0.000000 0.000000 -1.000000 -0.000000
0.106600 0.150300 -0.117000 0.000000 0.000000 0.630900 0.775900 -0.000000
0.106600 0.150300 -0.205000 0.000000 0.000000 0.636400 0.771400 0.000700
0.106600 0.150300 -0.320200 0.000000 0.000000 0.585200 0.744000 0.322400
0.106600 0.214100 -0.380800 0.000000 0.000000 0.624900 0.443100 0.642800
0.106600 0.216200 -0.381800 0.000000 0.000000 0.657900 0.338100 0.672900
0.106600 0.241300 -0.395100 0.000000 0.000000 0.651700 0.355000 0.670200
0.106600 0.305300 -0.428800 0.000000 0.000000 0.644400 0.347900 0.681000
0.106600 0.407800 -0.479200 0.000000 0.000000 0.647700 0.338800 0.682400
0.106600 0.543600 -0.547300 0.000000 0.000000 0.625700 0.281300 0.727600
0.103700 0.549500 -0.531500 0.000000 0.000000 0.985400 0.063600 0.157700
0.103700 0.746300 -0.586400 0.000000 0.000000 0.984200 0.021000 0.175900
0.103800 0.415700 -0.464200 0.000000 0.000000 0.986500 0.073000 0.146700
0.103900 0.316800 -0.416400 0.000000 0.000000 0.987000 0.075700 0.141700
0.104100 0.253000 -0.382800 0.000000 0.000000 0.988800 0.072600 0.130200
0.104200 0.228000 -0.369600 0.000000 0.000000 0.989400 0.069800 0.127200
0.104200 0.226000 -0.368500 0.000000 0.000000 0.990100 0.082500 0.113200
0.104300 0.164900 -0.311500 0.000000 0.000000 0.990900 0.123500 0.052800
0.103400 0.166900 -0.201900 0.000000 0.000000 0.983700 0.179500 0.010800
0.103100 0.167100 -0.116800 0.000000 0.000000 0.979200 0.202900 0.000800
0.103100 0.167100 0.131300 0.000000 0.000000 0.979300 0.202600 -0.000500
0.103400 0.167100 0.325300 0.000000 0.000000 0.982000 0.188900 -0.002300
0.103400 0.167100 0.473700 0.000000 0.000000 0.982600 0.185800 -0.000400
0.103500 0.167100 0.591200 0.000000 0.000000 0.983500 0.181100 -0.000800
0.103500 0.167100 0.637500 0.000000 0.000000 0.983600 0.180400 -0.000000
0.103500 0.167100 0.654000 0.000000 0.000000 0.983600 0.180400 -0.000000
0.103500 0.167100 0.823300 0.000000 0.000000 0.983600 0.180600 -0.000700
0.106600 0.740400 -0.602300 0.000000 0.000000 0.617300 0.108600 0.779200
0.106600 0.150300 0.473800 0.000000 0.000000 0.637600 0.770300 -0.000200
0.106600 0.150300 0.591300 0.000000 0.000000 0.639700 0.768600 -0.000000
0.106600 0.150300 0.637700 0.000000 0.000000 0.639700 0.768600 -0.000000
0.106600 0.150300 0.654200 0.000000 0.000000 0.639700 0.768600 -0.000000
0.106600 0.150300 0.823500 0.000000 0.000000 0.639900 0.768400 -0.000500
0.476700 0.131900 0.829000 0.000000 0.000000 0.000000 1.000000 -0.000000
0.487900 0.131900 0.829200 0.000000 0.000000 -0.729700 0.647900 -0.218500
0.487900 0.131900 0.664000 0.000000 0.000000 -0.707100 0.707100 -0.000000
0.476700 0.131900 0.663700 0.000000 0.000000 0.000000 1.000000 -0.000000
0.487900 0.131900 0.648900 0.000000 0.000000 -0.707100 0.707100 -0.000000
0.476700 0.131900 0.648600 0.000000 0.000000 0.000000 1.000000 -0.000000
0.487900 0.131900 0.599400 0.000000 0.000000 -0.707100 0.707100 -0.000000
0.476700 0.131900 0.599200 0.000000 0.000000 0.000000 1.000000 -0.000000
0.487900 0.131900 0.479400 0.000000 0.000000 -0.582000 0.578300 0.571700
0.476700 0.131900 0.479200 0.000000 0.000000 -0.011500 0.706700 0.707400
0.476700 0.150300 0.479200 0.000000 0.000000 -0.011500 0.707500 0.706600
0.150200 0.150300 0.655300 0.000000 0.000000 0.707100 0.707100 -0.000000
0.150200 0.150300 0.824100 0.000000 0.000000 0.707100 0.707100 -0.000000
0.150200 0.150300 0.639000 0.000000 0.000000 0.707100 0.707100 -0.000000
0.150200 0.150300 0.592300 0.000000 0.000000 0.707100 0.707100 -0.000000
0.150200 0.150300 0.474400 0.000000 0.000000 0.295800 0.906600 0.301000
0.487900 0.136000 0.829200 0.000000 0.000000 -0.958000 0.000000 -0.286800
0.487900 0.136000 0.664000 0.000000 0.000000 -1.000000 0.000000 -0.000000
0.150200 0.136000 0.824100 0.000000 0.000000 1.000000 0.000000 -0.000000
0.150200 0.136000 0.655300 0.000000 0.000000 1.000000 0.000000 -0.000000
0.487900 0.136000 0.648900 0.000000 0.000000 -1.000000 0.000000 -0.000000
0.150200 0.136000 0.639000 0.000000 0.000000 1.000000 0.000000 -0.000000
0.487900 0.136000 0.599400 0.000000 0.000000 -1.000000 0.000000 -0.000000
0.150200 0.136000 0.592300 0.000000 0.000000 1.000000 0.000000 -0.000000
0.487900 0.136000 0.479400 0.000000 0.000000 -0.713400 0.000000 0.700800
0.476700 0.136000 0.479200 0.000000 0.000000 -0.016200 0.000000 0.999900
0.150200 0.136000 0.474400 0.000000 0.000000 0.700900 0.000000 0.713300
0.150200 0.131900 0.824100 0.000000 0.000000 0.707100 0.707100 -0.000000
0.150200 0.131900 0.655300 0.000000 0.000000 0.707100 0.707100 -0.000000
0.150200 0.131900 0.639000 0.000000 0.000000 0.707100 0.707100 -0.000000
0.150200 0.131900 0.592300 0.000000 0.000000 0.707100 0.707100 -0.000000
0.150200 0.131900 0.474400 0.000000 0.000000 0.572700 0.576400 0.582900
0.083700 0.409200 0.980600 0.000000 0.000000 0.091400 0.153300 -0.983900
0.083600 0.275800 0.897000 0.000000 0.000000 0.725100 0.575300 -0.378400
0.000000 0.275800 0.895900 0.000000 0.000000 0.004400 0.877100 -0.480300
0.000000 0.409200 0.980600 0.000000 0.000000 0.000000 0.279100 -0.960300
0.085500 0.265800 0.897000 0.000000 0.000000 0.979000 0.172600 -0.108600
0.085500 0.399100 0.980600 0.000000 0.000000 0.786000 0.133100 0.603800
0.103600 0.260700 0.980600 0.000000 0.000000 0.630500 0.099700 -0.769700
0.103600 0.167100 0.897500 0.000000 0.000000 0.979400 0.176500 -0.098200
0.106700 0.243800 0.980600 0.000000 0.000000 0.528900 0.335200 -0.779700
0.106600 0.150300 0.897500 0.000000 0.000000 0.568000 0.754800 -0.328000
0.150200 0.150300 0.897900 0.000000 0.000000 0.813000 0.530600 -0.239900
0.150200 0.243800 0.980600 0.000000 0.000000 0.266700 -0.011300 -0.963700
0.150200 0.234800 0.989500 0.000000 0.000000 0.630700 -0.295000 -0.717800
0.150200 0.136000 0.897900 0.000000 0.000000 1.000000 0.000000 -0.000000
0.150200 0.131900 0.897900 0.000000 0.000000 0.628500 0.713400 -0.309900
0.150200 0.230800 0.989500 0.000000 0.000000 0.633500 0.282400 -0.720400
0.451200 0.131900 0.900800 0.000000 0.000000 -0.624300 0.712600 -0.319900
0.441200 0.131900 0.900700 0.000000 0.000000 0.004000 0.913300 -0.407300
0.441200 0.230800 0.989500 0.000000 0.000000 0.001500 0.358600 -0.933500
0.451200 0.230800 0.989500 0.000000 0.000000 -0.634800 0.276200 -0.721600
0.451200 0.136000 0.900800 0.000000 0.000000 -1.000000 0.000000 -0.000000
0.451200 0.234800 0.989500 0.000000 0.000000 -0.630300 -0.297100 -0.717300
0.451200 0.150300 0.900800 0.000000 0.000000 -0.813800 0.528100 -0.242600
0.451200 0.243800 0.980500 0.000000 0.000000 -0.263600 -0.016600 -0.964500
0.490000 0.243800 0.980500 0.000000 0.000000 0.000100 0.344600 -0.938700
0.490000 0.150300 0.901100 0.000000 0.000000 0.003700 0.907900 -0.419200
0.498900 0.150300 0.901200 0.000000 0.000000 -0.621900 0.709800 -0.330800
0.498900 0.243800 0.980500 0.000000 0.000000 -0.637200 0.265500 -0.723600
0.498900 0.214100 0.901200 0.000000 0.000000 -1.000000 0.000000 -0.000000
0.498900 0.280900 0.980500 0.000000 0.000000 -1.000000 0.000000 -0.000000
0.498900 0.216400 0.901200 0.000000 0.000000 -1.000000 0.000000 -0.000000
0.498900 0.309300 0.980500 0.000000 0.000000 -0.707100 0.000000 -0.707100
0.498900 0.244800 0.901200 0.000000 0.000000 -1.000000 0.000000 -0.000000
0.498900 0.327600 0.980500 0.000000 0.000000 -1.000000 0.000000 -0.000000
0.498900 0.263100 0.901200 0.000000 0.000000 -1.000000 0.000000 -0.000000
0.498900 0.368800 0.980500 0.000000 0.000000 -0.707100 0.000000 -0.707100
0.498900 0.304400 0.901200 0.000000 0.000000 -1.000000 0.000000 -0.000000
0.498900 0.442700 0.980500 0.000000 0.000000 -0.707200 0.000100 -0.707100
0.498900 0.373300 0.901200 0.000000 0.000000 -1.000000 0.000000 -0.000000
0.498900 0.484400 0.901200 0.000000 0.000000 -1.000000 0.000000 -0.000000
0.498900 0.494300 0.980500 0.000000 0.000000 -0.898300 0.000000 -0.439500
0.498900 0.504900 0.980500 0.000000 0.000000 -1.000000 0.000000 -0.000000
0.498900 0.493300 0.901200 0.000000 0.000000 -1.000000 0.000000 -0.000000
0.498900 0.515400 0.980500 0.000000 0.000000 -1.000000 0.000000 -0.000000
0.498900 0.502200 0.901200 0.000000 0.000000 -1.000000 0.000000 -0.000000
0.498900 0.526000 0.980500 0.000000 0.000000 -1.000000 0.000000 -0.000000
0.498900 0.511100 0.901200 0.000000 0.000000 -1.000000 0.000000 -0.000000
0.498900 0.543600 0.980500 0.000000 0.000000 -1.000000 0.000000 -0.000000
0.498900 0.543600 0.901200 0.000000 0.000000 -1.000000 0.000000 -0.000000
0.498900 0.543600 0.885400 0.000000 0.000000 -0.957600 0.000000 -0.288000
0.498900 0.509300 0.885400 0.000000 0.000000 -0.957600 0.000000 -0.288000
0.498900 0.500600 0.885400 0.000000 0.000000 -0.957600 0.000000 -0.288000
0.498900 0.491900 0.885400 0.000000 0.000000 -0.957600 0.000000 -0.288000
0.498900 0.483200 0.885400 0.000000 0.000000 -0.957600 0.000000 -0.288000
0.498900 0.372700 0.885400 0.000000 0.000000 -0.957600 0.000000 -0.288000
0.498900 0.304400 0.885400 0.000000 0.000000 -0.957600 0.000000 -0.288000
0.498900 0.263100 0.885400 0.000000 0.000000 -0.957600 0.000000 -0.288000
0.498900 0.244800 0.885400 0.000000 0.000000 -0.957600 0.000000 -0.288000
0.498900 0.216400 0.885400 0.000000 0.000000 -0.957600 0.000000 -0.288000
0.498900 0.214100 0.885400 0.000000 0.000000 -0.957600 0.000000 -0.288000
0.498900 0.150300 0.885400 0.000000 0.000000 -0.601600 0.778000 -0.180900
0.490000 0.150300 0.885300 0.000000 0.000000 0.000000 1.000000 -0.000000
0.451200 0.150300 0.885000 0.000000 0.000000 -0.729700 0.647900 -0.218500
0.451200 0.136000 0.885000 0.000000 0.000000 -0.958000 0.000000 -0.286800
0.451200 0.131900 0.885000 0.000000 0.000000 -0.602200 0.777700 -0.180300
0.441200 0.131900 0.884900 0.000000 0.000000 0.000000 1.000000 -0.000000
0.150200 0.136000 0.881700 0.000000 0.000000 1.000000 0.000000 -0.000000
0.150200 0.131900 0.881700 0.000000 0.000000 0.707100 0.707100 -0.000000
0.150200 0.150300 0.881700 0.000000 0.000000 0.707100 0.707100 -0.000000
0.106600 0.150300 0.881300 0.000000 0.000000 0.642000 0.766700 -0.000000
0.103600 0.167100 0.881200 0.000000 0.000000 0.984000 0.178300 -0.000500
0.085500 0.265800 0.880700 0.000000 0.000000 0.983000 0.183400 -0.000100
0.083600 0.275800 0.880700 0.000000 0.000000 0.637700 0.770300 -0.000000
0.000000 0.275800 0.879500 0.000000 0.000000 0.000000 1.000000 -0.000000
0.083700 0.480300 0.980600 0.000000 0.000000 0.000000 0.000000 -1.000000
0.000000 0.480300 0.980600 0.000000 0.000000 0.000000 0.000000 -1.000000
0.133500 0.482000 0.980600 0.000000 0.000000 -0.000100 -0.000000 -1.000000
0.454700 0.439100 0.980500 0.000000 0.000000 -0.000100 0.000700 -1.000000
0.141100 0.413800 0.980600 0.000000 0.000000 -0.000200 -0.000000 -1.000000
0.441200 0.243800 0.980500 0.000000 0.000000 -0.000200 -0.382700 -0.923900
0.441200 0.234800 0.989500 0.000000 0.000000 -0.000100 -0.382600 -0.923900
0.489800 0.309800 0.980500 0.000000 0.000000 0.000000 0.000000 -1.000000
0.489600 0.369400 0.980500 0.000000 0.000000 0.000000 0.000000 -1.000000
0.451200 0.372000 0.980500 0.000000 0.000000 0.000000 0.000000 -1.000000
0.161600 0.150300 0.474600 0.000000 0.000000 -0.011400 0.706800 0.707300
0.161600 0.136000 0.474600 0.000000 0.000000 -0.016100 0.000000 0.999900
0.161600 0.131900 0.474600 0.000000 0.000000 -0.011400 0.707400 0.706700
0.161600 0.131900 0.592500 0.000000 0.000000 0.000000 1.000000 -0.000000
0.161600 0.131900 0.639300 0.000000 0.000000 0.000000 1.000000 -0.000000
0.161600 0.131900 0.655600 0.000000 0.000000 0.000000 1.000000 -0.000000
0.161600 0.131900 0.824300 0.000000 0.000000 0.000000 1.000000 -0.000000
0.160400 0.131900 0.881800 0.000000 0.000000 0.000000 1.000000 -0.000000
0.160400 0.131900 0.898000 0.000000 0.000000 0.002500 0.915800 -0.401500
0.160400 0.230800 0.989500 0.000000 0.000000 0.000100 0.364800 -0.931100
0.160400 0.234800 0.989500 0.000000 0.000000 0.000000 -0.380100 -0.924900
0.160400 0.243800 0.980600 0.000000 0.000000 -0.000100 -0.380200 -0.924900
0.129800 0.412900 0.980600 0.000000 0.000000 0.000000 0.000000 -1.000000
0.481400 0.826000 -0.602300 0.000000 0.000000 -0.616600 0.578100 0.534400
0.327500 0.826000 -0.602300 0.000000 0.000000 -0.634400 0.568400 0.523900
0.083600 0.760700 -0.476200 0.000000 0.000000 0.524700 0.528800 0.667100
0.000000 0.760700 -0.476200 0.000000 0.000000 0.000000 0.645100 0.764100
0.085300 0.762300 -0.485600 0.000000 0.000000 0.674700 0.714200 0.186400
0.103700 0.764900 -0.586400 0.000000 0.000000 0.688500 0.716300 0.113700
0.106600 0.764100 -0.602300 0.000000 0.000000 0.305200 0.864700 0.398900
0.490800 0.831800 -0.565500 0.000000 0.000000 -0.886000 -0.206200 0.415400
0.000000 0.762300 -0.485600 0.000000 0.000000 0.000000 0.995300 0.097000
0.000000 0.764900 -0.586400 0.000000 0.000000 0.000000 0.999900 -0.012200
0.000000 0.764100 -0.602300 0.000000 0.000000 0.000000 0.999800 0.021400
0.329700 0.826700 -0.609800 0.000000 0.000000 -0.653000 0.741100 -0.156300
0.481600 0.826500 -0.610100 0.000000 0.000000 0.222400 0.972600 0.067700
0.485600 0.835300 -0.750400 0.000000 0.000000 -0.395000 0.917600 -0.045000
0.370700 0.839500 -0.716100 0.000000 0.000000 -0.608200 0.790000 -0.077400
0.000000 0.764800 -0.609800 0.000000 0.000000 0.000000 0.994400 0.105800
0.106600 0.764800 -0.609800 0.000000 0.000000 0.000000 0.994400 0.105800
0.106600 0.777500 -0.716100 0.000000 0.000000 0.000000 0.747900 -0.663800
0.000000 0.777500 -0.716100 0.000000 0.000000 0.000000 0.747900 -0.663800
0.315100 0.764800 -0.609800 0.000000 0.000000 0.000000 0.994400 0.105800
0.354500 0.777500 -0.716100 0.000000 0.000000 0.000000 0.747900 -0.663800
0.568900 0.844300 -0.864500 0.000000 0.000000 0.374200 0.922600 0.093800
0.568900 0.846200 -0.877000 0.000000 0.000000 0.435100 0.707900 -0.556400
0.534000 0.845600 -0.873000 0.000000 0.000000 -0.031300 0.841400 -0.539500
0.504100 0.834700 -0.792400 0.000000 0.000000 -0.383600 0.905800 -0.179700
0.354200 0.746500 -0.716100 0.000000 0.000000 0.000000 -0.707100 -0.707100
0.106600 0.746500 -0.716100 0.000000 0.000000 0.000000 -0.707100 -0.707100
0.000000 0.746500 -0.716100 0.000000 0.000000 0.000000 -0.707100 -0.707100
0.378200 0.843900 -0.797300 0.000000 0.000000 -0.692200 0.720800 -0.037200
0.378200 0.746500 -0.797300 0.000000 0.000000 -0.761900 -0.640700 -0.095300
0.370700 0.746500 -0.716100 0.000000 0.000000 -0.397700 -0.858700 -0.323200
0.525900 0.828300 -0.877000 0.000000 0.000000 -0.134400 -0.595100 -0.792300
0.558900 0.819700 -0.877000 0.000000 0.000000 -0.363600 -0.461100 -0.809500
0.582600 0.775300 -0.877000 0.000000 0.000000 -0.615700 -0.122800 -0.778400
0.592600 0.786800 -0.877000 0.000000 0.000000 0.745200 0.123000 -0.655300
0.399900 0.833300 -0.877000 0.000000 0.000000 0.299000 -0.301300 -0.905400
0.399900 0.744800 -0.877000 0.000000 0.000000 0.530500 -0.628300 -0.569000
0.389900 0.746500 -0.877000 0.000000 0.000000 -0.572200 -0.532300 -0.623900
0.389900 0.850800 -0.877000 0.000000 0.000000 -0.510700 0.633100 -0.581700
0.493200 0.846400 -0.750400 0.000000 0.000000 -0.808100 0.561300 -0.178700
0.511000 0.845900 -0.792400 0.000000 0.000000 -0.734000 0.483500 -0.476900
0.568900 0.844100 -0.853000 0.000000 0.000000 0.049200 0.998600 0.017400
0.563300 0.836900 -0.534100 0.000000 0.000000 -0.484300 0.874900 0.006200
0.579000 0.840200 -0.495200 0.000000 0.000000 -0.808600 -0.429300 0.402200
0.553700 0.830600 -0.534100 0.000000 0.000000 -0.238800 0.971100 -0.000000
0.452100 0.832900 -0.877000 0.000000 0.000000 -0.001100 -0.617300 -0.786700
0.451500 0.849300 -0.873000 0.000000 0.000000 0.043100 0.842100 -0.537600
0.312900 0.764100 -0.602300 0.000000 0.000000 0.000000 0.673500 0.739200
0.312900 0.740400 -0.602300 0.000000 0.000000 0.000000 0.000000 1.000000
0.321100 0.764100 -0.602300 0.000000 0.000000 -0.276900 0.399700 0.873800
0.364400 0.777500 -0.716100 0.000000 0.000000 -0.292100 0.247800 -0.923700
0.323400 0.764800 -0.609800 0.000000 0.000000 -0.638100 0.757900 -0.136000
0.364000 0.746500 -0.716100 0.000000 0.000000 0.000000 -0.707100 -0.707100
0.354200 0.746500 -0.708900 0.000000 0.000000 0.000000 -1.000000 -0.000000
0.106600 0.746500 -0.708900 0.000000 0.000000 0.000000 -1.000000 -0.000000
0.000000 0.746500 -0.708900 0.000000 0.000000 0.000000 -1.000000 -0.000000
0.370700 0.746500 -0.708900 0.000000 0.000000 -0.024500 -0.999700 -0.000000
0.364000 0.746500 -0.708900 0.000000 0.000000 0.000000 -1.000000 -0.000000
0.387900 0.744800 -0.792700 0.000000 0.000000 -0.160300 -0.986700 -0.026600
0.380200 0.744800 -0.746200 0.000000 0.000000 -0.238200 -0.970900 -0.022500
0.592600 0.785900 -0.864900 0.000000 0.000000 0.989600 0.143100 0.012500
0.558900 0.819700 -0.865100 0.000000 0.000000 -0.619200 -0.785200 -0.000000
0.525900 0.828300 -0.865100 0.000000 0.000000 -0.157900 -0.987500 -0.000000
0.579200 0.740200 -0.877000 0.000000 0.000000 -0.616900 -0.538000 -0.574400
0.589200 0.739800 -0.877000 0.000000 0.000000 0.543300 -0.607900 -0.579100
0.589200 0.739800 -0.865100 0.000000 0.000000 0.667300 -0.744800 -0.000600
0.579200 0.740200 -0.865100 0.000000 0.000000 -0.753700 -0.657200 -0.000000
0.582600 0.775300 -0.865100 0.000000 0.000000 -0.980700 -0.195600 -0.000000
0.399900 0.833300 -0.865100 0.000000 0.000000 0.704400 -0.709800 -0.000000
0.399900 0.744800 -0.865100 0.000000 0.000000 0.356600 -0.934100 -0.015400
0.452100 0.832900 -0.865100 0.000000 0.000000 -0.034900 -0.999400 -0.000000
-0.527000 0.911700 -0.593800 0.000000 0.000000 0.572700 0.786400 -0.231400
-0.484700 0.906900 -0.498700 0.000000 0.000000 0.877900 0.438000 -0.193800
-0.511000 0.845900 -0.792400 0.000000 0.000000 0.320800 0.907200 -0.272100
-0.568900 0.844100 -0.853000 0.000000 0.000000 0.268100 0.920800 -0.283500
-0.478000 0.900500 -0.374100 0.000000 0.000000 0.540300 -0.820900 0.184900
-0.482500 0.899500 -0.373700 0.000000 0.000000 0.368700 -0.899800 0.233200
-0.494900 0.830600 -0.586400 0.000000 0.000000 0.354100 -0.895900 0.268400
-0.490600 0.830600 -0.591100 0.000000 0.000000 0.943300 -0.328100 0.050900
-0.405300 0.970700 0.353800 0.000000 0.000000 0.567200 -0.815300 -0.117000
-0.408200 0.969500 0.355400 0.000000 0.000000 0.671800 -0.732100 -0.112500
-0.410000 0.976100 0.293700 0.000000 0.000000 0.616600 -0.783300 -0.079700
-0.407000 0.977200 0.293800 0.000000 0.000000 0.580700 -0.810100 -0.081000
-0.409500 0.986200 0.139800 0.000000 0.000000 0.579000 -0.813300 -0.057200
-0.412700 0.985100 0.139800 0.000000 0.000000 0.582000 -0.811200 -0.056200
-0.415300 0.992500 0.003200 0.000000 0.000000 0.589100 -0.807800 -0.020100
-0.412200 0.993600 0.003000 0.000000 0.000000 0.541700 -0.839600 0.041200
-0.428300 0.980900 -0.068500 0.000000 0.000000 0.431300 -0.901000 0.047500
-0.431200 0.979900 -0.068100 0.000000 0.000000 0.633100 -0.773900 0.012000
-0.445200 0.966600 -0.123900 0.000000 0.000000 0.638700 -0.768700 0.033400
-0.457400 0.953900 -0.170800 0.000000 0.000000 0.650600 -0.755200 0.080300
-0.454400 0.954900 -0.171200 0.000000 0.000000 0.645100 -0.761900 0.058000
-0.442300 0.967600 -0.124300 0.000000 0.000000 0.585100 -0.810900 0.009400
-0.249000 1.028000 0.424000 0.000000 0.000000 0.109700 -0.980100 -0.165500
-0.252700 1.003500 0.538200 0.000000 0.000000 0.143100 -0.940600 -0.307900
-0.371200 0.984600 0.503800 0.000000 0.000000 0.455000 -0.863100 -0.219200
-0.366400 1.006200 0.424000 0.000000 0.000000 0.493100 -0.852500 -0.173400
-0.368600 1.014600 0.353800 0.000000 0.000000 0.495600 -0.861100 -0.113800
-0.242200 1.037000 0.353800 0.000000 0.000000 0.099600 -0.988700 -0.112100
-0.371100 1.021100 0.293800 0.000000 0.000000 0.502300 -0.860100 -0.089200
-0.235400 1.044100 0.293800 0.000000 0.000000 0.091200 -0.992700 -0.079500
-0.374000 1.032000 0.139800 0.000000 0.000000 0.500900 -0.864500 -0.042500
-0.213900 1.052500 0.139800 0.000000 0.000000 0.073600 -0.996600 -0.037500
-0.277200 1.047400 0.003000 0.000000 0.000000 0.045600 -0.995400 -0.084400
-0.230500 1.057200 0.003000 0.000000 0.000000 0.114500 -0.991000 0.069800
-0.302400 1.044700 0.003000 0.000000 0.000000 0.212600 -0.976500 -0.036900
-0.374800 1.034500 0.003000 0.000000 0.000000 0.495600 -0.860900 0.115000
-0.389600 1.011600 0.139800 0.000000 0.000000 0.787100 -0.615200 -0.045300
-0.388100 1.019000 0.003000 0.000000 0.000000 0.731400 -0.671700 0.118100
-0.387000 1.001700 0.293800 0.000000 0.000000 0.771400 -0.632100 -0.073400
-0.385100 0.995200 0.353800 0.000000 0.000000 0.764000 -0.637500 -0.099700
-0.382900 0.986600 0.424000 0.000000 0.000000 0.762900 -0.630400 -0.143200
-0.403300 0.962100 0.414800 0.000000 0.000000 0.575400 -0.807900 -0.127300
-0.433100 0.934800 0.533200 0.000000 0.000000 0.445900 -0.760700 0.471700
-0.436300 0.929800 0.538600 0.000000 0.000000 0.712500 0.143400 0.686900
-0.421400 0.929900 0.490300 0.000000 0.000000 0.743100 -0.669100 0.009400
-0.414900 0.936900 0.482800 0.000000 0.000000 0.671000 -0.732900 -0.112100
-0.414900 0.937000 0.478300 0.000000 0.000000 0.912200 -0.314600 0.262500
-0.421300 0.930000 0.485700 0.000000 0.000000 0.825200 -0.516900 0.227700
-0.421200 0.930600 0.457400 0.000000 0.000000 0.452800 -0.812900 -0.366400
-0.414400 0.937700 0.450000 0.000000 0.000000 0.567800 -0.758200 -0.320600
-0.617700 0.682500 0.707200 0.000000 0.000000 0.838500 0.495400 0.227000
-0.585100 0.674100 0.723200 0.000000 0.000000 0.236000 0.971300 0.029100
-0.590900 0.674800 0.687100 0.000000 0.000000 0.313200 0.935800 -0.162100
-0.618300 0.683100 0.679000 0.000000 0.000000 0.491100 -0.465300 -0.736400
-0.632500 0.682300 0.760100 0.000000 0.000000 0.327400 0.707000 0.626900
-0.620300 0.673900 0.775600 0.000000 0.000000 0.160400 0.915200 0.369700
-0.584200 0.674000 0.728900 0.000000 0.000000 0.262300 0.964200 0.038700
-0.617500 0.682400 0.711800 0.000000 0.000000 0.894300 0.447400 -0.000100
-0.527500 0.819800 0.574900 0.000000 0.000000 0.434600 -0.786200 -0.439400
-0.523500 0.819100 0.603200 0.000000 0.000000 0.822300 -0.558900 0.107400
-0.537800 0.818900 0.656100 0.000000 0.000000 0.707300 0.113400 0.697700
-0.522800 0.819000 0.607800 0.000000 0.000000 0.756300 -0.652300 -0.050000
-0.232700 0.968300 0.627300 0.000000 0.000000 0.124500 -0.918400 -0.375600
-0.393700 0.936700 0.621300 0.000000 0.000000 -0.370800 -0.895700 0.245400
-0.399400 0.953800 0.503800 0.000000 0.000000 0.739200 -0.673200 -0.021300
-0.425500 0.936800 0.553500 0.000000 0.000000 -0.117800 -0.988900 0.090000
-0.385300 0.971800 0.503800 0.000000 0.000000 0.702500 -0.708900 -0.063000
-0.411200 0.936700 0.586900 0.000000 0.000000 -0.051000 -0.996000 0.073700
-0.226900 0.936800 0.704100 0.000000 0.000000 -0.059600 -0.960100 0.273300
-0.330900 0.936900 0.660900 0.000000 0.000000 -0.185000 -0.906600 0.379300
-0.120700 0.973500 0.631500 0.000000 0.000000 -0.007600 -0.934600 -0.355700
-0.115200 0.936700 0.719200 0.000000 0.000000 -0.035400 -0.963100 0.266900
-0.125700 1.007600 0.538200 0.000000 0.000000 -0.046600 -0.959700 -0.277100
-0.122700 1.031700 0.424000 0.000000 0.000000 -0.057300 -0.984400 -0.166200
-0.118800 1.040300 0.353800 0.000000 0.000000 -0.062900 -0.990800 -0.119500
-0.115300 1.047100 0.293800 0.000000 0.000000 -0.067900 -0.994000 -0.085200
-0.105400 1.055200 0.139800 0.000000 0.000000 -0.077800 -0.996000 -0.043400
-0.093700 1.058800 0.003000 0.000000 0.000000 -0.114500 -0.989900 0.084200
-0.057600 0.968900 0.633900 0.000000 0.000000 0.035500 -0.944000 -0.328000
0.000000 0.977300 0.636100 0.000000 0.000000 0.148600 -0.934100 -0.324500
0.000000 0.936600 0.726300 0.000000 0.000000 0.008100 -0.959200 0.282600
-0.056300 0.997900 0.538200 0.000000 0.000000 -0.025800 -0.966400 -0.255700
-0.055000 1.021700 0.424000 0.000000 0.000000 -0.079400 -0.984600 -0.156000
-0.053700 1.030100 0.353800 0.000000 0.000000 -0.094200 -0.988800 -0.115700
-0.052600 1.036700 0.293800 0.000000 0.000000 -0.100700 -0.991400 -0.083600
-0.049800 1.044800 0.139800 0.000000 0.000000 -0.067000 -0.996500 -0.049400
-0.046900 1.048100 0.003000 0.000000 0.000000 -0.053000 -0.998300 0.023200
0.000000 1.001900 0.538200 0.000000 0.000000 0.068700 -0.970400 -0.231600
0.000000 1.020200 0.424000 0.000000 0.000000 -0.028300 -0.990100 -0.137800
0.000000 1.028300 0.353800 0.000000 0.000000 -0.033900 -0.993200 -0.111700
0.000000 1.034800 0.293800 0.000000 0.000000 -0.025800 -0.996200 -0.083800
0.000000 1.048100 0.139800 0.000000 0.000000 0.064900 -0.996400 -0.053800
0.000000 1.050700 0.003000 0.000000 0.000000 0.039700 -0.999100 0.014400
-0.448500 0.974200 -0.209100 0.000000 0.000000 0.963000 -0.222400 -0.151900
-0.422200 0.999000 -0.129900 0.000000 0.000000 0.784700 -0.476000 -0.397100
-0.449700 0.977000 -0.214500 0.000000 0.000000 0.974400 -0.032000 -0.222400
-0.473500 0.905200 -0.381400 0.000000 0.000000 0.935700 -0.352700 0.009300
-0.408100 0.992400 -0.023500 0.000000 0.000000 -0.122300 -0.831200 0.542300
-0.408600 0.991500 -0.057300 0.000000 0.000000 -0.080800 -0.792900 -0.604000
-0.387200 1.008900 -0.052100 0.000000 0.000000 0.877300 -0.091400 -0.471200
-0.390400 1.009300 -0.019000 0.000000 0.000000 0.717400 -0.093900 0.690300
-0.341400 1.023200 -0.100100 0.000000 0.000000 0.332600 -0.730000 -0.597100
-0.295300 1.029900 -0.094000 0.000000 0.000000 0.600400 -0.612100 -0.514600
-0.120000 1.043500 -0.087500 0.000000 0.000000 -0.011800 -0.753200 -0.657700
-0.238000 1.038200 -0.086500 0.000000 0.000000 0.128300 -0.768500 -0.626800
0.000000 1.043700 -0.087900 0.000000 0.000000 -0.001000 -0.732600 -0.680600
-0.378400 1.017300 -0.081300 0.000000 0.000000 0.393200 -0.919100 0.025700
-0.341400 1.054900 -0.100100 0.000000 0.000000 0.263400 -0.000300 -0.964700
-0.295300 1.052300 -0.094000 0.000000 0.000000 0.434300 -0.215900 -0.874500
-0.295300 1.034400 -0.094000 0.000000 0.000000 0.668500 0.000000 -0.743700
-0.341400 1.027600 -0.100100 0.000000 0.000000 0.266300 -0.014400 -0.963800
-0.238000 1.069900 -0.086500 0.000000 0.000000 0.056500 -0.000300 -0.998400
-0.120000 1.075200 -0.087500 0.000000 0.000000 -0.005900 0.000000 -1.000000
-0.120000 1.048000 -0.087500 0.000000 0.000000 -0.005900 0.000000 -1.000000
-0.238000 1.042700 -0.086500 0.000000 0.000000 0.060600 0.000000 -0.998200
0.000000 1.075400 -0.087900 0.000000 0.000000 -0.003300 0.000000 -1.000000
0.000000 1.048200 -0.087900 0.000000 0.000000 -0.003300 0.000000 -1.000000
-0.456800 0.994000 -0.248000 0.000000 0.000000 0.979700 0.068900 -0.188000
-0.415900 1.031400 -0.135700 0.000000 0.000000 0.689100 -0.230400 -0.687100
-0.421300 1.003500 -0.130700 0.000000 0.000000 0.738900 -0.253500 -0.624300
-0.493200 0.846400 -0.750400 0.000000 0.000000 0.580200 0.786500 -0.211400
-0.490800 0.831800 -0.602800 0.000000 0.000000 0.989600 -0.141400 -0.028000
-0.265600 1.034200 -0.090100 0.000000 0.000000 -0.388700 -0.684700 -0.616500
-0.265600 1.038700 -0.090100 0.000000 0.000000 -0.493500 0.000000 -0.869800
-0.265600 1.056600 -0.090100 0.000000 0.000000 -0.126200 -0.234900 -0.963800
-0.441000 0.930600 0.454700 0.000000 0.000000 -0.438000 -0.430500 -0.789200
-0.434200 0.937700 0.447200 0.000000 0.000000 -0.288400 -0.822100 -0.491000
-0.638100 0.683100 0.676200 0.000000 0.000000 -0.464400 -0.423800 -0.777700
-0.636200 0.674800 0.684400 0.000000 0.000000 -0.246100 -0.709100 -0.660800
-0.547300 0.819800 0.572200 0.000000 0.000000 -0.451800 -0.346700 -0.822000
-0.566000 0.839600 -0.490200 0.000000 0.000000 -0.428000 -0.834000 0.348200
-0.553700 0.830600 -0.497600 0.000000 0.000000 0.158000 -0.935500 0.316000
-0.544100 0.880500 -0.365300 0.000000 0.000000 -0.518800 -0.764800 0.382000
-0.545300 0.887900 -0.366500 0.000000 0.000000 -0.962200 -0.116100 0.246400
-0.440100 0.945600 0.387100 0.000000 0.000000 -0.404600 -0.908800 -0.101900
-0.438900 0.941900 0.453300 0.000000 0.000000 -0.855000 -0.215200 -0.471900
-0.441800 0.953000 0.387800 0.000000 0.000000 -0.974100 -0.225400 0.017500
-0.447000 0.963200 0.293000 0.000000 0.000000 -0.976600 -0.213300 0.026600
-0.445400 0.955800 0.292500 0.000000 0.000000 -0.420600 -0.905900 -0.049800
-0.452400 0.972300 0.139100 0.000000 0.000000 -0.977900 -0.209000 0.009500
-0.450800 0.964800 0.138800 0.000000 0.000000 -0.432000 -0.900800 -0.042900
-0.452100 0.972600 0.005500 0.000000 0.000000 -0.400100 -0.911800 0.092000
-0.453700 0.980000 0.005400 0.000000 0.000000 -0.972000 -0.208700 0.107600
-0.466700 0.967800 -0.062200 0.000000 0.000000 -0.950400 -0.185600 0.249600
-0.465100 0.960400 -0.061600 0.000000 0.000000 -0.375300 -0.886200 0.271800
-0.492700 0.942300 -0.163600 0.000000 0.000000 -0.945900 -0.148700 0.288400
-0.491300 0.934900 -0.162800 0.000000 0.000000 -0.386100 -0.860000 0.333800
-0.479000 0.947500 -0.116300 0.000000 0.000000 -0.376900 -0.870100 0.317500
-0.480600 0.954900 -0.117000 0.000000 0.000000 -0.941800 -0.176600 0.286000
-0.445700 0.930600 0.460800 0.000000 0.000000 -0.788000 0.101900 -0.607200
-0.552000 0.819800 0.578300 0.000000 0.000000 -0.790100 0.072100 -0.608700
-0.642800 0.683100 0.682300 0.000000 0.000000 -0.738400 -0.362000 -0.568900
-0.643100 0.674800 0.690500 0.000000 0.000000 -0.565700 -0.611800 -0.552900
-0.406000 0.960900 0.416400 0.000000 0.000000 0.733800 -0.669700 -0.113900
-0.403900 0.957300 0.451300 0.000000 0.000000 0.852200 -0.521000 -0.049100
-0.401700 0.958600 0.452100 0.000000 0.000000 0.657900 -0.741900 -0.129700
-0.231000 0.943900 0.709200 0.000000 0.000000 -0.264300 0.263700 0.927700
-0.117000 0.943800 0.724700 0.000000 0.000000 -0.095200 0.310900 0.945700
-0.337600 0.943700 0.664800 0.000000 0.000000 -0.471300 0.210400 0.856500
-0.394800 0.942800 0.624500 0.000000 0.000000 -0.700900 0.239400 0.671800
-0.433000 0.941200 0.550700 0.000000 0.000000 -0.921600 -0.084500 0.378800
-0.442900 0.937800 0.532900 0.000000 0.000000 -0.559300 0.708800 0.429800
0.000000 0.943700 0.731900 0.000000 0.000000 -0.057500 0.334600 0.940600
-0.421100 0.942000 0.584600 0.000000 0.000000 -0.892400 -0.084800 0.443300
-0.648900 0.673100 0.771700 0.000000 0.000000 -0.561600 0.779000 0.279000
-0.641900 0.681500 0.763500 0.000000 0.000000 -0.415900 0.768700 0.486000
-0.546500 0.819100 0.658700 0.000000 0.000000 -0.380600 0.745100 0.547700
-0.449100 0.930700 0.540400 0.000000 0.000000 -0.412900 0.803300 0.429300
-0.116400 0.945700 0.717400 0.000000 0.000000 -0.024000 0.967700 0.250800
-0.229500 0.946100 0.702200 0.000000 0.000000 -0.077800 0.955400 0.284800
-0.335000 0.946300 0.658500 0.000000 0.000000 -0.183000 0.931300 0.315100
-0.391300 0.946200 0.620500 0.000000 0.000000 -0.397600 0.837100 0.375700
-0.441900 0.939500 0.527500 0.000000 0.000000 -0.729200 0.682200 0.053600
-0.429900 0.945700 0.548000 0.000000 0.000000 -0.725700 0.644500 0.240900
0.000400 0.945600 0.724500 0.000000 0.000000 -0.014200 0.968700 0.247900
-0.417400 0.946300 0.582500 0.000000 0.000000 -0.640400 0.700300 0.315500
-0.642500 0.677600 0.748300 0.000000 0.000000 -0.860600 0.495800 -0.116400
-0.648100 0.667900 0.757400 0.000000 0.000000 -0.915800 0.358400 -0.181500
-0.548200 0.815700 0.643200 0.000000 0.000000 -0.801800 0.595900 -0.043800
-0.450600 0.926500 0.525300 0.000000 0.000000 -0.807800 0.583600 -0.082100
-0.266900 1.056800 -0.087100 0.000000 0.000000 -0.527300 -0.831800 -0.173000
-0.266900 1.040800 -0.087100 0.000000 0.000000 -0.917600 0.000000 -0.397600
-0.277700 1.049000 -0.000300 0.000000 0.000000 -0.626900 -0.734100 -0.260900
-0.266900 1.036700 -0.087100 0.000000 0.000000 -0.948300 -0.226300 -0.222400
-0.294500 1.052700 -0.090700 0.000000 0.000000 0.653600 -0.754000 -0.065600
-0.294500 1.036800 -0.090700 0.000000 0.000000 0.971800 0.000000 -0.235600
-0.294500 1.032700 -0.090700 0.000000 0.000000 0.973200 -0.225400 -0.044800
-0.301100 1.046400 -0.000300 0.000000 0.000000 0.641700 -0.754600 -0.137100
-0.413000 0.988700 -0.016500 0.000000 0.000000 -0.360100 -0.898400 -0.251300
-0.387000 1.013700 -0.010000 0.000000 0.000000 0.847400 -0.526100 0.071200
-0.382200 1.013100 -0.058700 0.000000 0.000000 0.750600 -0.636100 0.178500
-0.413700 0.987500 -0.066400 0.000000 0.000000 0.559400 -0.819200 -0.126400
-0.411800 0.997700 -0.023700 0.000000 0.000000 0.610900 -0.772200 0.174700
-0.394200 1.014600 -0.019300 0.000000 0.000000 0.607300 -0.787500 0.105000
-0.390900 1.014200 -0.052400 0.000000 0.000000 0.620500 -0.784000 -0.017600
-0.412300 0.996800 -0.057600 0.000000 0.000000 0.650700 -0.758500 -0.034200
-0.375100 0.983300 0.485400 0.000000 0.000000 0.874800 -0.382200 0.297600
-0.391800 0.965400 0.484500 0.000000 0.000000 0.385300 -0.888600 0.248700
-0.392400 0.967400 0.454000 0.000000 0.000000 0.373300 -0.841700 -0.390100
-0.373800 0.987400 0.456000 0.000000 0.000000 0.882300 -0.322700 -0.342700
-0.394300 0.962900 0.488400 0.000000 0.000000 0.878500 -0.338200 -0.337400
-0.395000 0.965400 0.449900 0.000000 0.000000 0.874800 -0.448400 0.183600
-0.373400 0.985400 0.489500 0.000000 0.000000 0.209200 -0.868100 -0.450100
-0.371700 0.990500 0.452500 0.000000 0.000000 0.592900 -0.779000 0.204200
-0.397700 0.968500 0.450200 0.000000 0.000000 0.862100 -0.248200 0.441700
-0.397000 0.965900 0.488600 0.000000 0.000000 0.856000 -0.173700 -0.486800
-0.376000 0.988400 0.489700 0.000000 0.000000 0.194100 -0.831000 -0.521400
-0.374300 0.993600 0.452800 0.000000 0.000000 0.146500 -0.923300 0.355000
-0.484200 0.898600 -0.373300 0.000000 0.000000 0.409800 -0.882500 0.230700
-0.496500 0.830600 -0.582300 0.000000 0.000000 0.535000 -0.812200 0.232800
-0.457900 0.953000 -0.170400 0.000000 0.000000 0.694400 -0.718300 0.042900
-0.445700 0.965700 -0.123600 0.000000 0.000000 0.703300 -0.710900 -0.000200
-0.431700 0.979000 -0.067800 0.000000 0.000000 0.702500 -0.711500 -0.016000
-0.415900 0.991600 0.003300 0.000000 0.000000 0.683300 -0.729100 -0.039400
-0.413400 0.984200 0.139700 0.000000 0.000000 0.642100 -0.764600 -0.056300
-0.410600 0.975200 0.293700 0.000000 0.000000 0.678800 -0.730100 -0.078500
-0.408600 0.968300 0.356900 0.000000 0.000000 0.736200 -0.667500 -0.111700
-0.406200 0.959800 0.417800 0.000000 0.000000 0.780700 -0.602500 -0.165700
-0.585800 0.674100 0.725900 0.000000 0.000000 0.277100 0.958700 -0.064200
-0.618700 0.682500 0.709400 0.000000 0.000000 0.960500 0.261100 -0.096000
-0.524300 0.819100 0.605400 0.000000 0.000000 0.767800 -0.639600 -0.036800
-0.422500 0.929900 0.487900 0.000000 0.000000 0.785400 -0.610000 0.105400
-0.416000 0.937000 0.480400 0.000000 0.000000 0.803800 -0.591000 0.068300
-0.403700 0.956100 0.450700 0.000000 0.000000 0.983900 -0.169300 0.057800
0.432200 0.542100 0.516200 0.000000 0.000000 0.619100 -0.331400 -0.711900
0.404600 0.555600 0.517500 0.000000 0.000000 -0.418000 0.016800 -0.908300
0.414800 0.581000 0.519900 0.000000 0.000000 -0.530200 0.366900 -0.764400
0.447000 0.574000 0.519200 0.000000 0.000000 0.704600 -0.148100 -0.694000
0.408800 0.514700 0.513700 0.000000 0.000000 0.492300 -0.478700 -0.727000
0.388600 0.533800 0.515500 0.000000 0.000000 -0.489000 0.533300 -0.690300
0.367600 0.517000 0.513900 0.000000 0.000000 -0.784500 0.240800 -0.571500
0.378300 0.493700 0.511700 0.000000 0.000000 -0.218000 -0.737100 -0.639700
0.408800 0.701600 0.531100 0.000000 0.000000 0.492200 0.606300 -0.624500
0.388600 0.682600 0.529300 0.000000 0.000000 -0.487000 -0.394900 -0.779100
0.367600 0.699300 0.530900 0.000000 0.000000 -0.784900 -0.131100 -0.605600
0.378300 0.722600 0.533000 0.000000 0.000000 -0.218200 0.841200 -0.494800
0.432200 0.674300 0.528500 0.000000 0.000000 0.618600 0.457100 -0.639000
0.404600 0.660800 0.527300 0.000000 0.000000 -0.586600 -0.098800 -0.803800
0.414800 0.635400 0.524900 0.000000 0.000000 -0.301100 -0.264800 -0.916100
0.447000 0.642400 0.525600 0.000000 0.000000 0.705900 0.273800 -0.653200
0.417800 0.614900 0.523000 0.000000 0.000000 -0.657900 0.089700 -0.747700
0.451000 0.616200 0.523100 0.000000 0.000000 0.708900 0.140600 -0.691200
0.451200 0.602800 0.521900 0.000000 0.000000 0.601100 0.613800 -0.511800
0.451000 0.600200 0.521600 0.000000 0.000000 0.708000 -0.007700 -0.706200
0.417800 0.601400 0.521800 0.000000 0.000000 -0.661900 0.036600 -0.748700
0.417500 0.602700 0.521900 0.000000 0.000000 -0.644200 0.560200 -0.520800
0.447000 0.573800 0.521300 0.000000 0.000000 0.957700 -0.286400 -0.027300
0.432200 0.541900 0.518400 0.000000 0.000000 0.842700 -0.536100 -0.049900
0.408800 0.514500 0.515800 0.000000 0.000000 0.671000 -0.738100 -0.070300
0.378300 0.493500 0.513900 0.000000 0.000000 -0.265900 -0.959900 -0.089000
0.378300 0.722400 0.535200 0.000000 0.000000 -0.265000 0.960100 0.089400
0.408800 0.701400 0.533200 0.000000 0.000000 0.670300 0.738700 0.070400
0.432200 0.674100 0.530700 0.000000 0.000000 0.842000 0.537100 0.050000
0.447000 0.642200 0.527700 0.000000 0.000000 0.957700 0.286400 0.027300
0.451000 0.616000 0.525200 0.000000 0.000000 0.993600 0.112900 0.010500
0.451200 0.602600 0.524000 0.000000 0.000000 0.732600 0.677500 0.064500
0.451000 0.600000 0.523800 0.000000 0.000000 0.993600 -0.112900 -0.010500
0.404600 0.555000 0.523800 0.000000 0.000000 -0.423200 -0.151800 0.893200
0.432200 0.541500 0.522600 0.000000 0.000000 0.619100 -0.457500 0.638300
0.447000 0.573400 0.525600 0.000000 0.000000 0.704200 -0.273100 0.655400
0.414800 0.580400 0.526200 0.000000 0.000000 -0.528800 0.218700 0.820100
0.388600 0.533200 0.521800 0.000000 0.000000 -0.486300 0.396300 0.778800
0.408800 0.514200 0.520000 0.000000 0.000000 0.486200 -0.597200 0.637900
0.367600 0.516500 0.520300 0.000000 0.000000 -0.783500 0.132500 0.607100
0.378300 0.493200 0.518100 0.000000 0.000000 -0.219600 -0.831700 0.509900
0.378300 0.722000 0.539400 0.000000 0.000000 -0.218200 0.736300 0.640500
0.367600 0.698700 0.537200 0.000000 0.000000 -0.785300 -0.241700 0.570100
0.388600 0.682000 0.535700 0.000000 0.000000 -0.486000 -0.533400 0.692300
0.408800 0.701000 0.537400 0.000000 0.000000 0.492600 0.479100 0.726500
0.404600 0.660200 0.533600 0.000000 0.000000 -0.586800 -0.244100 0.772100
0.432200 0.673700 0.534900 0.000000 0.000000 0.618400 0.331400 0.712500
0.447000 0.641800 0.531900 0.000000 0.000000 0.705200 0.148600 0.693300
0.414800 0.634800 0.531300 0.000000 0.000000 -0.302000 -0.428600 0.851500
0.417800 0.614300 0.529400 0.000000 0.000000 -0.661100 -0.035200 0.749500
0.451000 0.615600 0.529500 0.000000 0.000000 0.711900 0.022500 0.701900
0.417500 0.602200 0.528200 0.000000 0.000000 -0.642600 0.478900 0.598100
0.417800 0.600900 0.528100 0.000000 0.000000 -0.656700 -0.091200 0.748600
0.451000 0.599600 0.528000 0.000000 0.000000 0.709300 -0.139500 0.690900
0.451200 0.602200 0.528200 0.000000 0.000000 0.601500 0.505800 0.618400
0.388600 0.533600 0.517600 0.000000 0.000000 -0.723100 0.687600 0.065500
0.404600 0.555400 0.519600 0.000000 0.000000 -0.987200 -0.158900 -0.015100
0.367600 0.516800 0.516000 0.000000 0.000000 -0.975000 0.221600 0.016600
0.367600 0.698900 0.535100 0.000000 0.000000 -0.972700 -0.230900 -0.022000
0.388600 0.682200 0.533600 0.000000 0.000000 -0.722000 -0.688900 -0.064200
0.404600 0.660400 0.531500 0.000000 0.000000 -0.959600 -0.280200 -0.026700
0.417800 0.614700 0.525100 0.000000 0.000000 -0.999200 0.040800 0.003800
0.414800 0.635200 0.527000 0.000000 0.000000 -0.654600 -0.752700 -0.070100
0.417800 0.601200 0.523900 0.000000 0.000000 -0.999200 -0.038800 -0.004500
0.417500 0.602500 0.524000 0.000000 0.000000 -0.783300 0.618800 0.058900
0.401500 0.557600 0.519800 0.000000 0.000000 -0.458000 -0.884900 -0.084300
0.401500 0.557800 0.517700 0.000000 0.000000 -0.306100 -0.525100 -0.794100
0.401500 0.557300 0.524100 0.000000 0.000000 -0.291700 -0.650900 0.700800
0.408500 0.575100 0.525700 0.000000 0.000000 -0.098800 0.458000 0.883500
0.408500 0.575500 0.521500 0.000000 0.000000 -0.177000 0.979800 0.093300
0.414800 0.580800 0.522000 0.000000 0.000000 -0.874100 0.483500 0.045900
0.408500 0.575700 0.519400 0.000000 0.000000 -0.095800 0.613100 -0.784200
0.404200 0.653600 0.533000 0.000000 0.000000 -0.441900 0.226500 0.868000
0.411200 0.634800 0.531300 0.000000 0.000000 0.119000 -0.717100 0.686800
0.404200 0.653800 0.530900 0.000000 0.000000 -0.823800 0.564400 0.053800
0.411200 0.635400 0.524900 0.000000 0.000000 0.118900 -0.576400 -0.808500
0.404200 0.654200 0.526700 0.000000 0.000000 -0.446600 0.380500 -0.809800
0.411200 0.635200 0.527000 0.000000 0.000000 0.180200 -0.979400 -0.091200
0.357000 0.632300 0.531000 0.000000 0.000000 -0.284700 0.558600 0.779100
0.362700 0.616500 0.529600 0.000000 0.000000 0.251700 -0.726400 0.639600
0.357000 0.632500 0.528900 0.000000 0.000000 -0.412800 0.906700 0.086400
0.362700 0.617100 0.523200 0.000000 0.000000 0.251500 -0.595700 -0.762800
0.357000 0.632900 0.524700 0.000000 0.000000 -0.285100 0.693400 -0.661700
0.362700 0.616900 0.525300 0.000000 0.000000 0.354400 -0.931100 -0.086700
0.353800 0.574000 0.521300 0.000000 0.000000 -0.326400 -0.941200 -0.087600
0.353800 0.574200 0.519200 0.000000 0.000000 -0.222500 -0.575100 -0.787300
0.358300 0.593700 0.521000 0.000000 0.000000 0.248900 0.750100 -0.612700
0.358300 0.593500 0.523200 0.000000 0.000000 0.338800 0.936800 0.087200
0.353800 0.573600 0.525600 0.000000 0.000000 -0.223100 -0.711400 0.666500
0.358300 0.593100 0.527400 0.000000 0.000000 0.249100 0.624700 0.740100
0.408800 0.701200 0.535300 0.000000 0.000000 0.670300 0.738700 0.070400
0.378300 0.722200 0.537300 0.000000 0.000000 -0.265200 0.959800 0.091400
0.432200 0.673900 0.532800 0.000000 0.000000 0.842100 0.536900 0.051100
0.447000 0.642000 0.529800 0.000000 0.000000 0.957700 0.286400 0.027300
0.451000 0.615800 0.527400 0.000000 0.000000 0.993500 0.112900 0.010500
0.451000 0.599800 0.525900 0.000000 0.000000 0.993500 -0.112900 -0.010800
0.451200 0.602400 0.526100 0.000000 0.000000 0.732600 0.677500 0.064500
0.447000 0.573600 0.523400 0.000000 0.000000 0.957700 -0.286600 -0.026700
0.432200 0.541700 0.520500 0.000000 0.000000 0.842600 -0.536100 -0.051100
0.408800 0.514300 0.517900 0.000000 0.000000 0.669600 -0.740800 -0.053200
0.378300 0.493300 0.516000 0.000000 0.000000 -0.262800 -0.962400 -0.069300
0.388600 0.682400 0.531400 0.000000 0.000000 -0.722200 -0.688700 -0.064100
0.367600 0.699100 0.533000 0.000000 0.000000 -0.972700 -0.230800 -0.021900
0.404600 0.660600 0.529400 0.000000 0.000000 -0.959600 -0.280300 -0.026700
0.404200 0.654000 0.528800 0.000000 0.000000 -0.823800 0.564400 0.053800
0.357000 0.632700 0.526800 0.000000 0.000000 -0.412800 0.906700 0.086400
0.367600 0.516700 0.518100 0.000000 0.000000 -0.970700 0.239700 0.016200
0.388600 0.533400 0.519700 0.000000 0.000000 -0.722600 0.688200 0.065100
0.404600 0.555200 0.521700 0.000000 0.000000 -0.987800 -0.155500 -0.010100
0.401500 0.557400 0.521900 0.000000 0.000000 -0.458500 -0.886500 -0.062600
0.353800 0.573800 0.523500 0.000000 0.000000 -0.326500 -0.941100 -0.087600
0.408500 0.575300 0.523600 0.000000 0.000000 -0.177000 0.979800 0.093300
0.358300 0.593300 0.525300 0.000000 0.000000 0.338900 0.936600 0.089200
0.414800 0.580600 0.524100 0.000000 0.000000 -0.874200 0.483300 0.046000
0.417500 0.602300 0.526100 0.000000 0.000000 -0.792200 0.608600 0.044200
0.417800 0.601100 0.526000 0.000000 0.000000 -0.998600 -0.052300 -0.003600
0.417800 0.614500 0.527300 0.000000 0.000000 -0.999200 0.039800 0.003700
0.414800 0.635000 0.529200 0.000000 0.000000 -0.653700 -0.753500 -0.070100
0.411200 0.635000 0.529200 0.000000 0.000000 0.180100 -0.979400 -0.091200
0.362700 0.616700 0.527500 0.000000 0.000000 0.354400 -0.931100 -0.086700
0.417500 0.613000 0.529300 0.000000 0.000000 -0.643500 -0.559900 0.521900
0.417500 0.613200 0.527100 0.000000 0.000000 -0.781400 -0.621400 -0.057800
0.451200 0.613200 0.527100 0.000000 0.000000 0.733100 -0.677200 -0.063100
0.451200 0.613000 0.529300 0.000000 0.000000 0.600100 -0.603300 0.525200
0.417500 0.613400 0.525000 0.000000 0.000000 -0.782300 -0.620100 -0.059300
0.451200 0.613400 0.525000 0.000000 0.000000 0.733600 -0.676500 -0.064400
0.451200 0.613600 0.522900 0.000000 0.000000 0.602200 -0.504800 -0.618500
0.417500 0.613600 0.522900 0.000000 0.000000 -0.646200 -0.461600 -0.607700
0.187000 0.574000 0.519200 0.000000 0.000000 -0.704700 -0.147000 -0.694100
0.219200 0.581000 0.519900 0.000000 0.000000 0.303300 0.430800 -0.849900
0.229300 0.555600 0.517500 0.000000 0.000000 0.229100 -0.025100 -0.973100
0.201700 0.542100 0.516200 0.000000 0.000000 -0.619800 -0.330900 -0.711600
0.245400 0.533800 0.515500 0.000000 0.000000 0.489300 0.533900 -0.689600
0.225100 0.514700 0.513700 0.000000 0.000000 -0.492400 -0.478600 -0.727000
0.255600 0.493700 0.511700 0.000000 0.000000 0.218000 -0.737100 -0.639700
0.266300 0.517000 0.513900 0.000000 0.000000 0.784600 0.239900 -0.571800
0.255600 0.722600 0.533000 0.000000 0.000000 0.218200 0.841500 -0.494200
0.266300 0.699300 0.530900 0.000000 0.000000 0.785600 -0.130300 -0.604800
0.245400 0.682600 0.529300 0.000000 0.000000 0.487000 -0.396400 -0.778200
0.225100 0.701600 0.531100 0.000000 0.000000 -0.492700 0.606200 -0.624300
0.229300 0.660800 0.527300 0.000000 0.000000 0.229500 0.204200 -0.951600
0.201700 0.674300 0.528500 0.000000 0.000000 -0.619300 0.455900 -0.639200
0.187000 0.642400 0.525600 0.000000 0.000000 -0.705800 0.273500 -0.653500
0.219200 0.635400 0.524900 0.000000 0.000000 0.301000 -0.264000 -0.916300
0.183000 0.616200 0.523100 0.000000 0.000000 -0.703400 0.153400 -0.694000
0.216200 0.614900 0.523000 0.000000 0.000000 0.668800 0.064500 -0.740700
0.216400 0.602700 0.521900 0.000000 0.000000 0.623800 0.582200 -0.521400
0.216200 0.601400 0.521800 0.000000 0.000000 0.673400 0.059500 -0.736900
0.183000 0.600200 0.521600 0.000000 0.000000 -0.702500 -0.020300 -0.711400
0.182700 0.602800 0.521900 0.000000 0.000000 -0.612900 0.603000 -0.510700
0.201700 0.541900 0.518400 0.000000 0.000000 -0.843300 -0.535100 -0.049800
0.187000 0.573800 0.521300 0.000000 0.000000 -0.958100 -0.285200 -0.027100
0.225100 0.514500 0.515800 0.000000 0.000000 -0.671000 -0.738100 -0.070300
0.255600 0.493500 0.513900 0.000000 0.000000 0.265600 -0.959900 -0.089400
0.225100 0.701400 0.533200 0.000000 0.000000 -0.670300 0.738800 0.070300
0.255600 0.722400 0.535200 0.000000 0.000000 0.264900 0.960100 0.089400
0.201700 0.674100 0.530700 0.000000 0.000000 -0.842700 0.536000 0.049900
0.187000 0.642200 0.527700 0.000000 0.000000 -0.958100 0.285200 0.027100
0.183000 0.616000 0.525200 0.000000 0.000000 -0.991200 0.131700 0.012300
0.183000 0.600000 0.523800 0.000000 0.000000 -0.991200 -0.131700 -0.012300
0.182700 0.602600 0.524000 0.000000 0.000000 -0.745400 0.663600 0.063300
0.187000 0.573400 0.525600 0.000000 0.000000 -0.704200 -0.272200 0.655700
0.201700 0.541500 0.522600 0.000000 0.000000 -0.619300 -0.457600 0.638000
0.229300 0.555000 0.523800 0.000000 0.000000 0.229900 -0.205100 0.951400
0.219200 0.580400 0.526200 0.000000 0.000000 0.302100 0.264800 0.915800
0.225100 0.514200 0.520000 0.000000 0.000000 -0.486800 -0.596500 0.638100
0.245400 0.533200 0.521800 0.000000 0.000000 0.486000 0.397100 0.778500
0.255600 0.493200 0.518100 0.000000 0.000000 0.220200 -0.831600 0.509900
0.266300 0.516500 0.520300 0.000000 0.000000 0.783700 0.131000 0.607200
0.245400 0.682000 0.535700 0.000000 0.000000 0.487300 -0.533500 0.691300
0.266300 0.698700 0.537200 0.000000 0.000000 0.785400 -0.240700 0.570300
0.255600 0.722000 0.539400 0.000000 0.000000 0.218200 0.736300 0.640500
0.225100 0.701000 0.537400 0.000000 0.000000 -0.492400 0.479700 0.726200
0.201700 0.673700 0.534900 0.000000 0.000000 -0.619600 0.330500 0.711900
0.229300 0.660200 0.533600 0.000000 0.000000 0.228900 0.025600 0.973100
0.187000 0.641800 0.531900 0.000000 0.000000 -0.705200 0.147600 0.693500
0.219200 0.634800 0.531300 0.000000 0.000000 0.302000 -0.428600 0.851500
0.183000 0.615600 0.529500 0.000000 0.000000 -0.706100 0.035200 0.707300
0.216200 0.614300 0.529400 0.000000 0.000000 0.672100 -0.059200 0.738100
0.182700 0.602200 0.528200 0.000000 0.000000 -0.613000 0.495200 0.615600
0.183000 0.599600 0.528000 0.000000 0.000000 -0.703600 -0.152600 0.694000
0.216200 0.600900 0.528100 0.000000 0.000000 0.667800 -0.065900 0.741400
0.216400 0.602200 0.528200 0.000000 0.000000 0.621600 0.500300 0.602800
0.229300 0.555400 0.519600 0.000000 0.000000 0.892300 -0.449400 -0.042800
0.245400 0.533600 0.517600 0.000000 0.000000 0.722400 0.688400 0.065100
0.266300 0.516800 0.516000 0.000000 0.000000 0.975300 0.220300 0.015600
0.266300 0.698900 0.535100 0.000000 0.000000 0.973000 -0.229700 -0.021800
0.245400 0.682200 0.533600 0.000000 0.000000 0.721800 -0.689100 -0.064100
0.229300 0.660400 0.531500 0.000000 0.000000 0.892300 0.449400 0.042900
0.219200 0.635200 0.527000 0.000000 0.000000 0.654600 -0.752700 -0.070100
0.216200 0.614700 0.525100 0.000000 0.000000 1.000000 0.003900 0.000400
0.216400 0.602500 0.524000 0.000000 0.000000 0.760400 0.646300 0.063400
0.216200 0.601200 0.523900 0.000000 0.000000 1.000000 -0.001300 -0.000000
0.232500 0.555600 0.517500 0.000000 0.000000 0.000000 -0.637200 -0.770700
0.232500 0.555400 0.519600 0.000000 0.000000 0.000000 -0.995500 -0.094800
0.222700 0.580400 0.526200 0.000000 0.000000 0.000000 0.637200 0.770700
0.232500 0.555000 0.523800 0.000000 0.000000 0.000000 -0.770700 0.637200
0.222700 0.581000 0.519900 0.000000 0.000000 0.000000 0.770700 -0.637200
0.219200 0.580800 0.522000 0.000000 0.000000 0.653900 0.753200 0.071700
0.222700 0.580800 0.522000 0.000000 0.000000 0.000000 0.995500 0.094800
0.222700 0.634800 0.531300 0.000000 0.000000 -0.096700 -0.730200 0.676400
0.232500 0.660200 0.533600 0.000000 0.000000 0.118000 0.664800 0.737700
0.232500 0.660400 0.531500 0.000000 0.000000 0.159400 0.982800 0.093600
0.232500 0.660800 0.527300 0.000000 0.000000 0.118100 0.790500 -0.601000
0.222700 0.635400 0.524900 0.000000 0.000000 -0.096500 -0.591600 -0.800400
0.222700 0.635200 0.527000 0.000000 0.000000 -0.143900 -0.985300 -0.091700
0.317000 0.606900 0.528700 0.000000 0.000000 -0.220600 -0.798100 0.560700
0.317000 0.632300 0.531000 0.000000 0.000000 0.201300 0.533000 0.821800
0.317000 0.632500 0.528900 0.000000 0.000000 0.314800 0.944900 0.090000
0.317000 0.607500 0.522300 0.000000 0.000000 -0.220400 -0.679800 -0.699600
0.317000 0.632900 0.524700 0.000000 0.000000 0.201600 0.676400 -0.708400
0.317000 0.607300 0.524400 0.000000 0.000000 -0.284800 -0.954500 -0.088800
0.317000 0.555600 0.517500 0.000000 0.000000 0.000000 -0.637200 -0.770700
0.317000 0.555400 0.519600 0.000000 0.000000 0.000000 -0.995500 -0.094800
0.317000 0.581000 0.519900 0.000000 0.000000 0.000000 0.770700 -0.637200
0.317000 0.580800 0.522000 0.000000 0.000000 0.000000 0.995500 0.094800
0.317000 0.580400 0.526200 0.000000 0.000000 0.000000 0.637200 0.770700
0.317000 0.555000 0.523800 0.000000 0.000000 0.000000 -0.770700 0.637200
0.255600 0.722200 0.537300 0.000000 0.000000 0.265200 0.959800 0.091400
0.225100 0.701200 0.535300 0.000000 0.000000 -0.670300 0.738700 0.070400
0.201700 0.673900 0.532800 0.000000 0.000000 -0.842800 0.535800 0.051000
0.187000 0.642000 0.529800 0.000000 0.000000 -0.958100 0.285100 0.027100
0.183000 0.615800 0.527400 0.000000 0.000000 -0.991200 0.131700 0.012300
0.182700 0.602400 0.526100 0.000000 0.000000 -0.745400 0.663600 0.063200
0.183000 0.599800 0.525900 0.000000 0.000000 -0.991200 -0.131700 -0.012500
0.201700 0.541700 0.520500 0.000000 0.000000 -0.843100 -0.535400 -0.050700
0.187000 0.573600 0.523400 0.000000 0.000000 -0.958000 -0.285400 -0.026600
0.225100 0.514300 0.517900 0.000000 0.000000 -0.669900 -0.740500 -0.052900
0.255600 0.493300 0.516000 0.000000 0.000000 0.262800 -0.962400 -0.068500
0.266300 0.699100 0.533000 0.000000 0.000000 0.973000 -0.229700 -0.021900
0.245400 0.682400 0.531400 0.000000 0.000000 0.722000 -0.688900 -0.064200
0.229300 0.660600 0.529400 0.000000 0.000000 0.892300 0.449400 0.042800
0.232500 0.660600 0.529400 0.000000 0.000000 0.159400 0.982800 0.093600
0.317000 0.632700 0.526800 0.000000 0.000000 0.314800 0.944900 0.090000
0.266300 0.516700 0.518100 0.000000 0.000000 0.971200 0.237800 0.017200
0.245400 0.533400 0.519700 0.000000 0.000000 0.721900 0.688900 0.065600
0.229300 0.555200 0.521700 0.000000 0.000000 0.892300 -0.449400 -0.042800
0.232500 0.555200 0.521700 0.000000 0.000000 0.000000 -0.995500 -0.094800
0.317000 0.555200 0.521700 0.000000 0.000000 0.000000 -0.995500 -0.094800
0.222700 0.580600 0.524100 0.000000 0.000000 0.000000 0.995500 0.094800
0.317000 0.580600 0.524100 0.000000 0.000000 0.000000 0.995500 0.094800
0.219200 0.580600 0.524100 0.000000 0.000000 0.654000 0.753100 0.071600
0.216200 0.601100 0.526000 0.000000 0.000000 0.999900 -0.011000 -0.002100
0.216400 0.602300 0.526100 0.000000 0.000000 0.768300 0.638500 0.044300
0.216200 0.614500 0.527300 0.000000 0.000000 1.000000 0.003100 0.000400
0.219200 0.635000 0.529200 0.000000 0.000000 0.653700 -0.753500 -0.070100
0.222700 0.635000 0.529200 0.000000 0.000000 -0.143900 -0.985300 -0.091700
0.317000 0.607100 0.526600 0.000000 0.000000 -0.284800 -0.954500 -0.088800
0.182700 0.613200 0.527100 0.000000 0.000000 -0.745800 -0.663300 -0.061700
0.216400 0.613200 0.527100 0.000000 0.000000 0.758000 -0.649400 -0.060300
0.216400 0.613000 0.529300 0.000000 0.000000 0.622600 -0.581800 0.523300
0.182700 0.613000 0.529300 0.000000 0.000000 -0.611500 -0.592700 0.524200
0.182700 0.613400 0.525000 0.000000 0.000000 -0.746400 -0.662500 -0.063200
0.216400 0.613400 0.525000 0.000000 0.000000 0.758800 -0.648400 -0.061900
0.182700 0.613600 0.522900 0.000000 0.000000 -0.613700 -0.494200 -0.615700
0.216400 0.613600 0.522900 0.000000 0.000000 0.624900 -0.483500 -0.613000
0.363900 0.538400 0.535500 0.000000 0.000000 0.263900 -0.960500 -0.088300
0.374600 0.544700 0.536100 0.000000 0.000000 0.754600 -0.653500 -0.060000
0.374600 0.535600 0.634100 0.000000 0.000000 0.747100 -0.661600 0.064900
0.363900 0.529300 0.633500 0.000000 0.000000 0.268700 -0.962800 0.028300
0.259700 0.544700 0.536100 0.000000 0.000000 -0.754600 -0.653500 -0.060000
0.259700 0.535600 0.634100 0.000000 0.000000 -0.747500 -0.661100 0.064700
0.255300 0.546100 0.635100 0.000000 0.000000 -0.916200 -0.391600 0.084700
0.255300 0.555200 0.537100 0.000000 0.000000 -0.723200 -0.647400 0.240500
0.243600 0.611500 0.641100 0.000000 0.000000 -0.917000 0.366900 0.156800
0.243600 0.620600 0.543100 0.000000 0.000000 -0.951400 0.034200 0.306000
0.237100 0.604900 0.541700 0.000000 0.000000 -0.920900 0.388200 0.035700
0.237100 0.595800 0.639700 0.000000 0.000000 -0.914300 0.372400 0.159300
0.270400 0.663700 0.547200 0.000000 0.000000 -0.198700 0.976000 0.088700
0.259700 0.659200 0.546700 0.000000 0.000000 -0.709800 0.701500 0.064700
0.259700 0.650000 0.644700 0.000000 0.000000 -0.705300 0.683100 0.189400
0.270400 0.654600 0.645200 0.000000 0.000000 -0.207800 0.956500 0.204900
0.390700 0.611500 0.641100 0.000000 0.000000 0.917100 0.366600 0.156500
0.397200 0.595800 0.639700 0.000000 0.000000 0.914300 0.372700 0.158700
0.397200 0.604900 0.541700 0.000000 0.000000 0.920900 0.388200 0.035700
0.390700 0.620600 0.543100 0.000000 0.000000 0.951300 0.035000 0.306300
0.379000 0.546100 0.635100 0.000000 0.000000 0.916900 -0.390100 0.084500
0.379000 0.555200 0.537100 0.000000 0.000000 0.723700 -0.646700 0.240800
0.363900 0.542900 0.487700 0.000000 0.000000 0.238800 -0.795200 -0.557300
0.348200 0.565200 0.476300 0.000000 0.000000 0.060100 -0.197000 -0.978600
0.355300 0.569700 0.476700 0.000000 0.000000 0.208500 -0.076700 -0.975000
0.374600 0.549100 0.488200 0.000000 0.000000 0.656100 -0.529100 -0.538100
0.276200 0.576400 0.477400 0.000000 0.000000 -0.225400 0.000200 -0.974300
0.279000 0.569700 0.476700 0.000000 0.000000 -0.209500 -0.076700 -0.974800
0.259700 0.549100 0.488200 0.000000 0.000000 -0.655600 -0.529100 -0.538700
0.255300 0.559700 0.489200 0.000000 0.000000 -0.790300 -0.278400 -0.545800
0.264500 0.610600 0.480500 0.000000 0.000000 -0.218700 0.174000 -0.960100
0.237100 0.609300 0.493800 0.000000 0.000000 -0.783000 0.383500 -0.489700
0.243600 0.625100 0.495300 0.000000 0.000000 -0.791800 0.374300 -0.482700
0.268700 0.620700 0.481500 0.000000 0.000000 -0.221400 0.184500 -0.957600
0.286100 0.648300 0.484100 0.000000 0.000000 -0.036300 0.375300 -0.926200
0.279000 0.645600 0.483800 0.000000 0.000000 -0.193200 0.289800 -0.937400
0.259700 0.663600 0.498900 0.000000 0.000000 -0.623900 0.658500 -0.420800
0.270400 0.668200 0.499300 0.000000 0.000000 -0.188700 0.896300 -0.401200
0.369800 0.610600 0.480500 0.000000 0.000000 0.222900 0.170900 -0.959700
0.365600 0.620700 0.481500 0.000000 0.000000 0.221100 0.184000 -0.957700
0.390700 0.625100 0.495300 0.000000 0.000000 0.791900 0.374200 -0.482600
0.397200 0.609300 0.493800 0.000000 0.000000 0.783700 0.383000 -0.489000
0.379000 0.559700 0.489200 0.000000 0.000000 0.791500 -0.277200 -0.544700
0.358100 0.576400 0.477400 0.000000 0.000000 0.226300 0.001100 -0.974100
0.361900 0.530800 0.646600 0.000000 0.000000 0.253700 -0.956100 0.146900
0.372200 0.536800 0.647100 0.000000 0.000000 0.728800 -0.655900 0.196800
0.262100 0.536800 0.647100 0.000000 0.000000 -0.729200 -0.655300 0.197100
0.257900 0.546900 0.648100 0.000000 0.000000 -0.896500 -0.392600 0.205000
0.240600 0.594600 0.652500 0.000000 0.000000 -0.892200 0.358100 0.275300
0.246800 0.609600 0.653900 0.000000 0.000000 -0.896800 0.346400 0.275200
0.262100 0.646400 0.657400 0.000000 0.000000 -0.685000 0.654800 0.319300
0.272400 0.650700 0.657800 0.000000 0.000000 -0.192300 0.929400 0.315200
0.393700 0.594600 0.652500 0.000000 0.000000 0.891900 0.358300 0.275700
0.387500 0.609600 0.653900 0.000000 0.000000 0.896900 0.346000 0.275400
0.376400 0.546900 0.648100 0.000000 0.000000 0.896900 -0.391900 0.204800
0.347500 0.541500 0.741000 0.000000 0.000000 0.266800 -0.963100 0.036100
0.354400 0.545800 0.741400 0.000000 0.000000 0.756500 -0.649800 0.074000
0.354400 0.533300 0.876100 0.000000 0.000000 0.762200 -0.644600 -0.059800
0.347500 0.529000 0.875600 0.000000 0.000000 0.277500 -0.956600 -0.088800
0.279900 0.545800 0.741400 0.000000 0.000000 -0.756500 -0.649800 0.074000
0.279900 0.533300 0.876100 0.000000 0.000000 -0.762200 -0.644600 -0.059800
0.277100 0.539900 0.876700 0.000000 0.000000 -0.922500 -0.384300 -0.035800
0.277100 0.552500 0.742100 0.000000 0.000000 -0.916000 -0.391100 0.089000
0.269800 0.595800 0.746100 0.000000 0.000000 -0.915700 0.369100 0.158800
0.265600 0.585900 0.745200 0.000000 0.000000 -0.922800 0.352500 0.155800
0.265600 0.573400 0.879800 0.000000 0.000000 -0.929300 0.367700 0.034200
0.269800 0.583300 0.880700 0.000000 0.000000 -0.922700 0.383800 0.035600
0.286800 0.622800 0.748600 0.000000 0.000000 -0.178100 0.962200 0.206000
0.279900 0.620100 0.748400 0.000000 0.000000 -0.692400 0.693100 0.200500
0.279900 0.607600 0.883000 0.000000 0.000000 -0.695100 0.715800 0.066800
0.286800 0.610200 0.883200 0.000000 0.000000 -0.180000 0.979400 0.091700
0.364500 0.583300 0.880700 0.000000 0.000000 0.922700 0.383800 0.035600
0.368700 0.573400 0.879800 0.000000 0.000000 0.929300 0.367700 0.034200
0.368700 0.585900 0.745200 0.000000 0.000000 0.922800 0.352200 0.156000
0.364500 0.595800 0.746100 0.000000 0.000000 0.915600 0.369300 0.159000
0.357200 0.539900 0.876700 0.000000 0.000000 0.922500 -0.384300 -0.035800
0.357200 0.552500 0.742100 0.000000 0.000000 0.915800 -0.391700 0.089400
0.355500 0.545300 0.735700 0.000000 0.000000 0.736800 -0.645300 0.201800
0.358400 0.552100 0.736400 0.000000 0.000000 0.893800 -0.396000 0.210600
0.348400 0.540800 0.735300 0.000000 0.000000 0.269400 -0.950500 0.154600
0.275900 0.552100 0.736400 0.000000 0.000000 -0.893900 -0.395500 0.211000
0.278800 0.545300 0.735700 0.000000 0.000000 -0.736800 -0.645300 0.201800
0.268400 0.596700 0.740500 0.000000 0.000000 -0.895300 0.348800 0.277200
0.264100 0.586500 0.739600 0.000000 0.000000 -0.902500 0.330400 0.276200
0.278800 0.621700 0.742800 0.000000 0.000000 -0.675800 0.661900 0.324300
0.285900 0.624500 0.743100 0.000000 0.000000 -0.182700 0.930900 0.316200
0.370200 0.586500 0.739600 0.000000 0.000000 0.902600 0.330200 0.276000
0.365900 0.596700 0.740500 0.000000 0.000000 0.895200 0.349000 0.277000
0.347500 0.610200 0.883200 0.000000 0.000000 0.180200 0.979400 0.091300
0.354400 0.607600 0.883000 0.000000 0.000000 0.695000 0.716000 0.066500
0.354400 0.620100 0.748400 0.000000 0.000000 0.693000 0.692200 0.201600
0.347500 0.622800 0.748600 0.000000 0.000000 0.177300 0.962200 0.207000
0.355500 0.621700 0.742800 0.000000 0.000000 0.676500 0.662000 0.322700
0.348400 0.624500 0.743100 0.000000 0.000000 0.182200 0.931500 0.314800
0.372200 0.646400 0.657400 0.000000 0.000000 0.684900 0.654800 0.319800
0.361900 0.650700 0.657800 0.000000 0.000000 0.192500 0.929200 0.315500
0.374600 0.650000 0.644700 0.000000 0.000000 0.705300 0.683100 0.189400
0.363900 0.654600 0.645200 0.000000 0.000000 0.207800 0.956500 0.204900
0.363900 0.663700 0.547200 0.000000 0.000000 0.198900 0.976000 0.088600
0.374600 0.659200 0.546700 0.000000 0.000000 0.709600 0.701600 0.064600
0.374600 0.663600 0.498900 0.000000 0.000000 0.624500 0.657200 -0.422000
0.355300 0.645600 0.483800 0.000000 0.000000 0.194100 0.289900 -0.937200
0.348200 0.648300 0.484100 0.000000 0.000000 0.036300 0.375300 -0.926200
0.363900 0.668200 0.499300 0.000000 0.000000 0.187500 0.896200 -0.402000
0.286800 0.541500 0.741000 0.000000 0.000000 -0.266800 -0.963100 0.036100
0.286800 0.529000 0.875600 0.000000 0.000000 -0.277500 -0.956600 -0.088800
0.285900 0.540800 0.735300 0.000000 0.000000 -0.269400 -0.950500 0.154600
0.272400 0.530800 0.646600 0.000000 0.000000 -0.253300 -0.956100 0.147300
0.270400 0.529300 0.633500 0.000000 0.000000 -0.268300 -0.962900 0.027800
0.270400 0.538400 0.535500 0.000000 0.000000 -0.263900 -0.960500 -0.088300
0.286100 0.565200 0.476300 0.000000 0.000000 -0.060100 -0.197000 -0.978600
0.270400 0.542900 0.487700 0.000000 0.000000 -0.238800 -0.795200 -0.557300
0.265600 0.567500 0.879200 0.000000 0.000000 -0.930400 -0.364900 -0.034000
0.265000 0.569100 0.879400 0.000000 0.000000 -0.813300 0.579300 0.053800
0.265000 0.581600 0.744800 0.000000 0.000000 -0.789400 0.593300 0.157700
0.265600 0.580000 0.744600 0.000000 0.000000 -0.921800 -0.377300 0.088700
0.264100 0.580500 0.739000 0.000000 0.000000 -0.903000 -0.375900 0.208300
0.263500 0.582100 0.739100 0.000000 0.000000 -0.789200 0.555600 0.261700
0.239900 0.590200 0.652100 0.000000 0.000000 -0.802600 0.533200 0.267400
0.240600 0.588600 0.652000 0.000000 0.000000 -0.894300 -0.397800 0.205100
0.236400 0.591400 0.639300 0.000000 0.000000 -0.847900 0.505500 0.159600
0.237100 0.589800 0.639100 0.000000 0.000000 -0.913500 -0.398000 0.084500
0.237100 0.599000 0.541100 0.000000 0.000000 -0.921600 -0.386600 -0.035600
0.236400 0.600600 0.541300 0.000000 0.000000 -0.835800 0.546700 0.050500
0.263800 0.606100 0.480100 0.000000 0.000000 -0.229400 0.661700 -0.713800
0.264500 0.604600 0.480000 0.000000 0.000000 -0.220900 -0.016500 -0.975200
0.237100 0.603400 0.493300 0.000000 0.000000 -0.787900 -0.294900 -0.540700
0.236400 0.605000 0.493400 0.000000 0.000000 -0.775100 0.502600 -0.382900
0.369800 0.604600 0.480000 0.000000 0.000000 0.225000 -0.013000 -0.974300
0.370400 0.606100 0.480100 0.000000 0.000000 0.221600 0.669700 -0.708800
0.397900 0.605000 0.493400 0.000000 0.000000 0.775000 0.502500 -0.383200
0.397200 0.603400 0.493300 0.000000 0.000000 0.787200 -0.297100 -0.540400
0.397200 0.589800 0.639100 0.000000 0.000000 0.912700 -0.400100 0.083200
0.397200 0.599000 0.541100 0.000000 0.000000 0.920500 -0.389200 -0.036000
0.397900 0.600600 0.541300 0.000000 0.000000 0.835800 0.546700 0.050500
0.397900 0.591400 0.639300 0.000000 0.000000 0.847900 0.505800 0.159000
0.393700 0.588600 0.652000 0.000000 0.000000 0.894100 -0.397900 0.205700
0.394400 0.590200 0.652100 0.000000 0.000000 0.802200 0.533300 0.268400
0.370800 0.582100 0.739100 0.000000 0.000000 0.789400 0.555500 0.261200
0.370200 0.580500 0.739000 0.000000 0.000000 0.903100 -0.375800 0.207900
0.369300 0.581600 0.744800 0.000000 0.000000 0.789400 0.593300 0.157700
0.368700 0.580000 0.744600 0.000000 0.000000 0.921800 -0.377300 0.088600
0.369300 0.569100 0.879400 0.000000 0.000000 0.813300 0.579300 0.053800
0.368700 0.567500 0.879200 0.000000 0.000000 0.930500 -0.364800 -0.033900
0.369300 0.571800 0.879600 0.000000 0.000000 0.828900 -0.557000 -0.051700
0.369300 0.584300 0.745000 0.000000 0.000000 0.785400 -0.617200 0.045900
0.370800 0.584900 0.739400 0.000000 0.000000 0.789700 -0.593800 0.154400
0.394400 0.593000 0.652400 0.000000 0.000000 0.805800 -0.568400 0.166100
0.397900 0.594200 0.639500 0.000000 0.000000 0.846800 -0.528700 0.058100
0.397900 0.603300 0.541500 0.000000 0.000000 0.836400 -0.545800 -0.050200
0.397900 0.607800 0.493700 0.000000 0.000000 0.785400 -0.415400 -0.458900
0.370400 0.609100 0.480400 0.000000 0.000000 0.226500 -0.546900 -0.806000
0.263800 0.609100 0.480400 0.000000 0.000000 -0.233800 -0.537900 -0.809900
0.236400 0.607800 0.493700 0.000000 0.000000 -0.784500 -0.415700 -0.460300
0.236400 0.603300 0.541500 0.000000 0.000000 -0.836400 -0.545800 -0.050200
0.236400 0.594200 0.639500 0.000000 0.000000 -0.846800 -0.528600 0.058900
0.239900 0.593000 0.652400 0.000000 0.000000 -0.806300 -0.568000 0.165300
0.263500 0.584900 0.739400 0.000000 0.000000 -0.789700 -0.593800 0.154400
0.265000 0.584300 0.745000 0.000000 0.000000 -0.785400 -0.617200 0.045900
0.265000 0.571800 0.879600 0.000000 0.000000 -0.828900 -0.557000 -0.051700
0.390700 0.623900 0.507600 0.000000 0.000000 0.951500 0.093800 -0.292900
0.397200 0.608200 0.506100 0.000000 0.000000 0.920900 0.388100 0.035300
0.363900 0.667000 0.511600 0.000000 0.000000 0.198500 0.975700 0.092800
0.374600 0.662500 0.511200 0.000000 0.000000 0.710300 0.700900 0.065300
0.270400 0.667000 0.511600 0.000000 0.000000 -0.199400 0.975600 0.091800
0.259700 0.662500 0.511200 0.000000 0.000000 -0.709600 0.701700 0.064400
0.237100 0.608200 0.506100 0.000000 0.000000 -0.920700 0.388500 0.036200
0.243600 0.623900 0.507600 0.000000 0.000000 -0.951500 0.093800 -0.292900
0.236400 0.606600 0.505900 0.000000 0.000000 -0.835500 -0.547000 -0.052200
0.237100 0.602300 0.505500 0.000000 0.000000 -0.921600 -0.386500 -0.035300
0.236400 0.603900 0.505700 0.000000 0.000000 -0.835400 0.547600 0.047700
0.255300 0.558500 0.501500 0.000000 0.000000 -0.720500 -0.595700 -0.355000
0.259700 0.548000 0.500500 0.000000 0.000000 -0.754600 -0.653500 -0.059500
0.270400 0.541700 0.499900 0.000000 0.000000 -0.262900 -0.960600 -0.090700
0.363900 0.541700 0.499900 0.000000 0.000000 0.262900 -0.960600 -0.090700
0.374600 0.548000 0.500500 0.000000 0.000000 0.754900 -0.653100 -0.059900
0.379000 0.558500 0.501500 0.000000 0.000000 0.720500 -0.594800 -0.356400
0.397200 0.602300 0.505500 0.000000 0.000000 0.920400 -0.389300 -0.035500
0.397900 0.603900 0.505700 0.000000 0.000000 0.835400 0.547600 0.047800
0.397900 0.606600 0.505900 0.000000 0.000000 0.835800 -0.546400 -0.053700
0.397200 0.607700 0.511500 0.000000 0.000000 0.920900 0.388100 0.036000
0.397900 0.606100 0.511300 0.000000 0.000000 0.836200 -0.546000 -0.050700
0.390700 0.623400 0.512900 0.000000 0.000000 0.924600 -0.379300 -0.035500
0.363900 0.666500 0.517000 0.000000 0.000000 0.198600 0.975900 0.090700
0.374600 0.662000 0.516500 0.000000 0.000000 0.710100 0.701000 0.065600
0.270400 0.666500 0.517000 0.000000 0.000000 -0.198700 0.975900 0.090800
0.259700 0.662000 0.516500 0.000000 0.000000 -0.710100 0.701000 0.065700
0.237100 0.607700 0.511500 0.000000 0.000000 -0.920900 0.388100 0.036000
0.243600 0.623400 0.512900 0.000000 0.000000 -0.924600 -0.379300 -0.035500
0.236400 0.606100 0.511300 0.000000 0.000000 -0.836200 -0.546000 -0.050700
0.236400 0.603400 0.511100 0.000000 0.000000 -0.836100 0.546200 0.050700
0.237100 0.601800 0.510900 0.000000 0.000000 -0.921600 -0.386500 -0.035800
0.255300 0.558000 0.506900 0.000000 0.000000 -0.385900 -0.918600 -0.085600
0.259700 0.547500 0.505900 0.000000 0.000000 -0.754500 -0.653500 -0.060600
0.270400 0.541200 0.505300 0.000000 0.000000 -0.263900 -0.960400 -0.089100
0.363900 0.541200 0.505300 0.000000 0.000000 0.263900 -0.960400 -0.089100
0.374600 0.547500 0.505900 0.000000 0.000000 0.754500 -0.653500 -0.060600
0.379000 0.558000 0.506900 0.000000 0.000000 0.385800 -0.918600 -0.085300
0.397900 0.603400 0.511100 0.000000 0.000000 0.836100 0.546200 0.050700
0.397200 0.601800 0.510900 0.000000 0.000000 0.920500 -0.389200 -0.036100
0.277100 0.613400 0.747700 0.000000 0.000000 -0.916600 0.365900 0.161000
0.277100 0.600900 0.882300 0.000000 0.000000 -0.923800 0.381200 0.035400
0.275900 0.614800 0.742200 0.000000 0.000000 -0.895400 0.347500 0.278400
0.257900 0.636300 0.656400 0.000000 0.000000 -0.897300 0.346700 0.273200
0.255300 0.639500 0.643700 0.000000 0.000000 -0.916800 0.368200 0.154500
0.255300 0.648600 0.545800 0.000000 0.000000 -0.722300 0.594700 0.353100
0.255300 0.651400 0.515500 0.000000 0.000000 -0.380200 0.920900 0.086300
0.255300 0.651900 0.510200 0.000000 0.000000 -0.719100 0.650800 -0.243600
0.255300 0.653000 0.497900 0.000000 0.000000 -0.790500 0.374700 -0.484500
0.276200 0.638800 0.483200 0.000000 0.000000 -0.224000 0.179800 -0.957900
0.358100 0.638800 0.483200 0.000000 0.000000 0.224300 0.180200 -0.957700
0.379000 0.653000 0.497900 0.000000 0.000000 0.790100 0.375100 -0.484800
0.379000 0.651900 0.510200 0.000000 0.000000 0.719200 0.650800 -0.243300
0.379000 0.651400 0.515500 0.000000 0.000000 0.380300 0.920900 0.086000
0.379000 0.639500 0.643700 0.000000 0.000000 0.916700 0.368600 0.154200
0.379000 0.648600 0.545800 0.000000 0.000000 0.722900 0.593900 0.353000
0.376400 0.636300 0.656400 0.000000 0.000000 0.897000 0.347100 0.273600
0.358400 0.614800 0.742200 0.000000 0.000000 0.895300 0.347700 0.278400
0.357200 0.613400 0.747700 0.000000 0.000000 0.916600 0.365900 0.161000
0.357200 0.600900 0.882300 0.000000 0.000000 0.923800 0.381200 0.035400
0.271600 0.615500 0.519200 0.000000 0.000000 -0.381900 0.919700 0.091000
0.280200 0.636200 0.521200 0.000000 0.000000 -0.924600 -0.379200 -0.036700
0.280200 0.636500 0.518300 0.000000 0.000000 -0.795300 -0.356200 0.490500
0.271600 0.615800 0.516400 0.000000 0.000000 -0.347800 0.723000 0.597000
0.354100 0.636200 0.521200 0.000000 0.000000 0.924700 -0.378900 -0.036300
0.362700 0.615500 0.519200 0.000000 0.000000 0.382600 0.919400 0.091000
0.362700 0.615800 0.516400 0.000000 0.000000 0.348600 0.722600 0.597000
0.354100 0.636500 0.518300 0.000000 0.000000 0.795400 -0.356100 0.490500
0.269400 0.571000 0.743800 0.000000 0.000000 -0.916200 -0.391600 0.085600
0.269400 0.558400 0.878400 0.000000 0.000000 -0.923500 -0.381800 -0.035700
0.268000 0.571200 0.738100 0.000000 0.000000 -0.896100 -0.393000 0.206400
0.246300 0.574900 0.650700 0.000000 0.000000 -0.896500 -0.391200 0.208000
0.243000 0.575500 0.637800 0.000000 0.000000 -0.917300 -0.388400 0.088000
0.243000 0.584600 0.539800 0.000000 0.000000 -0.952100 -0.094000 0.291000
0.243000 0.587900 0.504200 0.000000 0.000000 -0.952200 -0.039400 -0.303000
0.243000 0.587400 0.509600 0.000000 0.000000 -0.925100 0.378200 0.035100
0.243000 0.589000 0.492000 0.000000 0.000000 -0.792800 -0.277800 -0.542600
0.268300 0.595400 0.479100 0.000000 0.000000 -0.223300 -0.000700 -0.974700
0.391200 0.589000 0.492000 0.000000 0.000000 0.791800 -0.279500 -0.543000
0.366000 0.595400 0.479100 0.000000 0.000000 0.224300 -0.001700 -0.974500
0.391200 0.587900 0.504200 0.000000 0.000000 0.951500 -0.041400 -0.304800
0.391200 0.587400 0.509600 0.000000 0.000000 0.924900 0.378500 0.035100
0.391200 0.575500 0.637800 0.000000 0.000000 0.916800 -0.390300 0.085000
0.391200 0.584600 0.539800 0.000000 0.000000 0.951500 -0.096100 0.292200
0.388000 0.574900 0.650700 0.000000 0.000000 0.896800 -0.391900 0.205400
0.366300 0.571200 0.738100 0.000000 0.000000 0.896400 -0.392500 0.206000
0.364900 0.571000 0.743800 0.000000 0.000000 0.916300 -0.391100 0.086000
0.364900 0.558400 0.878400 0.000000 0.000000 0.923500 -0.381900 -0.035600
0.280100 0.572400 0.512300 0.000000 0.000000 -0.796000 0.251700 0.550500
0.280100 0.572100 0.515200 0.000000 0.000000 -0.922800 0.383600 0.036600
0.271100 0.593900 0.517200 0.000000 0.000000 -0.382200 -0.920700 -0.078600
0.271100 0.594100 0.514300 0.000000 0.000000 -0.349600 -0.817000 0.458600
0.363200 0.593900 0.517200 0.000000 0.000000 0.379400 -0.921800 -0.079300
0.354100 0.572100 0.515200 0.000000 0.000000 0.923300 0.382300 0.036500
0.354100 0.572400 0.512300 0.000000 0.000000 0.796500 0.250800 0.550200
0.363200 0.594100 0.514300 0.000000 0.000000 0.347700 -0.817900 0.458500
0.238100 0.625700 0.513100 0.000000 0.000000 -0.923800 -0.381100 -0.035900
0.238100 0.626200 0.507800 0.000000 0.000000 -0.754000 -0.255400 -0.605200
0.238100 0.622900 0.543400 0.000000 0.000000 -0.752500 -0.361500 0.550500
0.249800 0.650800 0.546000 0.000000 0.000000 -0.315000 0.691400 0.650200
0.249800 0.654200 0.510400 0.000000 0.000000 -0.311200 0.805000 -0.505100
0.249800 0.653700 0.515800 0.000000 0.000000 -0.382200 0.920100 0.085800
0.384500 0.650800 0.546000 0.000000 0.000000 0.314200 0.690200 0.651900
0.396200 0.622900 0.543400 0.000000 0.000000 0.751700 -0.360900 0.552000
0.396200 0.625700 0.513100 0.000000 0.000000 0.923700 -0.381500 -0.035700
0.396200 0.626200 0.507800 0.000000 0.000000 0.753800 -0.255700 -0.605300
0.384500 0.654200 0.510400 0.000000 0.000000 0.310700 0.805400 -0.504800
0.384500 0.653700 0.515800 0.000000 0.000000 0.382100 0.920200 0.085500
0.249800 0.556300 0.501300 0.000000 0.000000 -0.314100 -0.695900 -0.645900
0.249800 0.555800 0.506600 0.000000 0.000000 -0.382700 -0.919800 -0.086000
0.249800 0.553000 0.536800 0.000000 0.000000 -0.318400 -0.804200 0.501900
0.237600 0.582300 0.539600 0.000000 0.000000 -0.752600 0.255300 0.606900
0.237600 0.585600 0.504000 0.000000 0.000000 -0.754100 0.362200 -0.547800
0.237600 0.585100 0.509400 0.000000 0.000000 -0.923300 0.382400 0.035400
0.384500 0.553000 0.536800 0.000000 0.000000 0.318100 -0.804400 0.501700
0.396700 0.582300 0.539600 0.000000 0.000000 0.755000 0.254800 0.604200
0.384500 0.555800 0.506600 0.000000 0.000000 0.383300 -0.919600 -0.085900
0.384500 0.556300 0.501300 0.000000 0.000000 0.314800 -0.695400 -0.646000
0.396700 0.585600 0.504000 0.000000 0.000000 0.756500 0.360700 -0.545400
0.396700 0.585100 0.509400 0.000000 0.000000 0.926300 0.375200 0.034800
0.239600 0.629100 0.516200 0.000000 0.000000 -0.384800 0.919100 0.085200
0.239600 0.629500 0.511800 0.000000 0.000000 -0.753000 0.565600 0.336400
0.239600 0.626800 0.540000 0.000000 0.000000 -0.751100 0.620900 -0.224200
0.248300 0.647600 0.542000 0.000000 0.000000 -0.951000 0.148800 -0.271000
0.248300 0.650200 0.513700 0.000000 0.000000 -0.950500 0.083700 0.299200
0.248300 0.649800 0.518100 0.000000 0.000000 -0.923500 -0.382000 -0.035100
0.394700 0.626800 0.540000 0.000000 0.000000 0.748900 0.624100 -0.222700
0.386000 0.647600 0.542000 0.000000 0.000000 0.952800 0.141500 -0.268700
0.394700 0.629100 0.516200 0.000000 0.000000 0.384300 0.919300 0.085300
0.394700 0.629500 0.511800 0.000000 0.000000 0.752800 0.565100 0.337700
0.386000 0.650200 0.513700 0.000000 0.000000 0.950000 0.084300 0.300600
0.386000 0.649800 0.518100 0.000000 0.000000 0.923500 -0.382100 -0.034900
0.248200 0.559700 0.505300 0.000000 0.000000 -0.952200 -0.141900 0.270500
0.248200 0.559300 0.509700 0.000000 0.000000 -0.925700 0.376800 0.033700
0.239100 0.578900 0.535600 0.000000 0.000000 -0.757200 -0.566500 -0.325200
0.248200 0.557100 0.533500 0.000000 0.000000 -0.951800 -0.093000 -0.292300
0.239100 0.581100 0.511700 0.000000 0.000000 -0.389400 -0.917100 -0.085300
0.239100 0.581500 0.507300 0.000000 0.000000 -0.757200 -0.613200 0.225200
0.386100 0.557100 0.533500 0.000000 0.000000 0.951800 -0.092600 -0.292500
0.395100 0.578900 0.535600 0.000000 0.000000 0.749500 -0.569200 -0.338000
0.386100 0.559700 0.505300 0.000000 0.000000 0.952700 -0.140800 0.269300
0.386100 0.559300 0.509700 0.000000 0.000000 0.925500 0.377300 0.033500
0.395100 0.581500 0.507300 0.000000 0.000000 0.749200 -0.619300 0.235000
0.395100 0.581100 0.511700 0.000000 0.000000 0.378700 -0.921500 -0.086000
0.280200 0.634900 0.534900 0.000000 0.000000 -0.797300 -0.245300 -0.551400
0.271600 0.614200 0.533000 0.000000 0.000000 -0.346200 0.827400 -0.442200
0.362700 0.614200 0.533000 0.000000 0.000000 0.346400 0.827700 -0.441500
0.354100 0.634900 0.534900 0.000000 0.000000 0.797300 -0.246900 -0.550800
0.271100 0.592600 0.531000 0.000000 0.000000 -0.345200 -0.737300 -0.580700
0.280100 0.570800 0.528900 0.000000 0.000000 -0.794900 0.362600 -0.486500
0.354100 0.570800 0.528900 0.000000 0.000000 0.795600 0.361300 -0.486300
0.363200 0.592600 0.531000 0.000000 0.000000 0.344400 -0.737700 -0.580700
0.386000 0.647800 0.539200 0.000000 0.000000 0.920800 -0.388700 -0.031000
0.384500 0.651200 0.542600 0.000000 0.000000 0.380300 0.919900 0.096000
0.354100 0.635100 0.533200 0.000000 0.000000 0.922000 -0.385000 -0.040000
0.362700 0.614400 0.531200 0.000000 0.000000 0.384600 0.918400 0.092600
0.394700 0.627100 0.537300 0.000000 0.000000 0.380600 0.920000 0.093300
0.396200 0.623200 0.540000 0.000000 0.000000 0.924100 -0.380600 -0.034900
0.390700 0.620900 0.539800 0.000000 0.000000 0.924600 -0.379200 -0.034900
0.397200 0.605200 0.538400 0.000000 0.000000 0.920900 0.388200 0.035700
0.397900 0.603600 0.538200 0.000000 0.000000 0.835900 -0.546500 -0.050200
0.397200 0.599300 0.537800 0.000000 0.000000 0.920500 -0.389200 -0.035800
0.397900 0.600900 0.538000 0.000000 0.000000 0.836400 0.545800 0.050200
0.391200 0.584900 0.536500 0.000000 0.000000 0.924700 0.379000 0.034800
0.396700 0.582600 0.536300 0.000000 0.000000 0.926000 0.376000 0.034700
0.395100 0.579100 0.532800 0.000000 0.000000 0.376600 -0.923100 -0.077500
0.363200 0.592700 0.529200 0.000000 0.000000 0.384000 -0.920500 -0.072500
0.354100 0.571000 0.527200 0.000000 0.000000 0.925800 0.376000 0.038100
0.386100 0.557400 0.530800 0.000000 0.000000 0.922600 0.383600 0.041100
0.384500 0.553300 0.533500 0.000000 0.000000 0.386100 -0.918600 -0.084000
0.379000 0.555500 0.533700 0.000000 0.000000 0.386800 -0.918400 -0.083300
0.374600 0.545000 0.532800 0.000000 0.000000 0.754300 -0.653800 -0.060000
0.363900 0.538700 0.532200 0.000000 0.000000 0.263800 -0.960500 -0.088300
0.270400 0.538700 0.532200 0.000000 0.000000 -0.263800 -0.960500 -0.088300
0.259700 0.545000 0.532800 0.000000 0.000000 -0.754300 -0.653800 -0.060100
0.255300 0.555500 0.533700 0.000000 0.000000 -0.386500 -0.918500 -0.083500
0.249800 0.553300 0.533500 0.000000 0.000000 -0.386300 -0.918500 -0.084100
0.248200 0.557400 0.530800 0.000000 0.000000 -0.922800 0.383100 0.041100
0.280100 0.571000 0.527200 0.000000 0.000000 -0.925200 0.377600 0.038800
0.271100 0.592700 0.529200 0.000000 0.000000 -0.386300 -0.919500 -0.072900
0.239100 0.579100 0.532800 0.000000 0.000000 -0.387500 -0.918600 -0.077600
0.237600 0.582600 0.536300 0.000000 0.000000 -0.922900 0.383400 0.035300
0.243000 0.584900 0.536500 0.000000 0.000000 -0.924900 0.378700 0.034800
0.237100 0.599300 0.537800 0.000000 0.000000 -0.921600 -0.386500 -0.035500
0.236400 0.600900 0.538000 0.000000 0.000000 -0.836400 0.545800 0.050200
0.237100 0.605200 0.538400 0.000000 0.000000 -0.920900 0.388200 0.035700
0.236400 0.603600 0.538200 0.000000 0.000000 -0.835900 -0.546500 -0.050200
0.243600 0.620900 0.539800 0.000000 0.000000 -0.924700 -0.379000 -0.034600
0.238100 0.623200 0.540000 0.000000 0.000000 -0.924800 -0.378900 -0.033300
0.239600 0.627100 0.537300 0.000000 0.000000 -0.381000 0.919800 0.094200
0.271600 0.614400 0.531200 0.000000 0.000000 -0.384200 0.918500 0.093000
0.280200 0.635100 0.533200 0.000000 0.000000 -0.922200 -0.384800 -0.038800
0.248300 0.647800 0.539200 0.000000 0.000000 -0.920900 -0.388800 -0.029000
0.249800 0.651200 0.542600 0.000000 0.000000 -0.384300 0.918000 0.098000
0.255300 0.648900 0.542400 0.000000 0.000000 -0.382800 0.919700 0.086600
0.259700 0.659500 0.543400 0.000000 0.000000 -0.710000 0.701200 0.064300
0.270400 0.664000 0.543800 0.000000 0.000000 -0.198500 0.976100 0.088500
0.363900 0.664000 0.543800 0.000000 0.000000 0.198600 0.976100 0.088700
0.374600 0.659500 0.543400 0.000000 0.000000 0.709900 0.701300 0.064500
0.379000 0.648900 0.542400 0.000000 0.000000 0.382900 0.919700 0.086600
0.242100 0.590200 0.652100 0.000000 0.000000 -0.685100 0.686100 0.244600
0.242100 0.593000 0.652400 0.000000 0.000000 -0.682800 -0.721900 0.112700
0.238700 0.594200 0.639500 0.000000 0.000000 -0.671100 -0.741200 0.017400
0.238700 0.591400 0.639300 0.000000 0.000000 -0.668700 0.726800 0.156700
0.238700 0.603300 0.541500 0.000000 0.000000 -0.706900 -0.704400 -0.064700
0.238700 0.600600 0.541300 0.000000 0.000000 -0.707400 0.703800 0.065000
0.238700 0.603600 0.538200 0.000000 0.000000 -0.707300 -0.703900 -0.064700
0.238700 0.600900 0.538000 0.000000 0.000000 -0.706900 0.704400 0.064700
0.392200 0.593000 0.652400 0.000000 0.000000 0.682800 -0.721700 0.113300
0.392200 0.590200 0.652100 0.000000 0.000000 0.685200 0.685900 0.245200
0.395600 0.591400 0.639300 0.000000 0.000000 0.669000 0.726700 0.156200
0.395600 0.594200 0.639500 0.000000 0.000000 0.671400 -0.740900 0.016900
0.395600 0.600600 0.541300 0.000000 0.000000 0.707400 0.703800 0.065000
0.395600 0.603300 0.541500 0.000000 0.000000 0.706900 -0.704400 -0.064700
0.395600 0.600900 0.538000 0.000000 0.000000 0.706900 0.704400 0.064700
0.395600 0.603600 0.538200 0.000000 0.000000 0.707300 -0.703900 -0.064700
0.238700 0.603900 0.505700 0.000000 0.000000 -0.708000 0.703400 0.062200
0.238700 0.606600 0.505900 0.000000 0.000000 -0.707700 -0.703300 -0.067000
0.238700 0.607500 0.496500 0.000000 0.000000 -0.461700 -0.810500 -0.360400
0.238700 0.604700 0.496200 0.000000 0.000000 -0.438600 0.875700 -0.201900
0.265400 0.608800 0.483200 0.000000 0.000000 -0.193000 -0.692500 -0.695100
0.265400 0.605900 0.482900 0.000000 0.000000 -0.176400 0.808200 -0.561800
0.395600 0.606600 0.505900 0.000000 0.000000 0.706500 -0.704100 -0.070900
0.395600 0.603900 0.505700 0.000000 0.000000 0.706900 0.704900 0.058600
0.395500 0.604700 0.496200 0.000000 0.000000 0.439800 0.874300 -0.205400
0.395500 0.607500 0.496500 0.000000 0.000000 0.462200 -0.808700 -0.363800
0.368900 0.608800 0.483200 0.000000 0.000000 0.193200 -0.692300 -0.695200
0.368900 0.605900 0.482900 0.000000 0.000000 0.176800 0.808300 -0.561600
0.265000 0.582100 0.739100 0.000000 0.000000 -0.684300 0.687600 0.243000
0.265000 0.584900 0.739400 0.000000 0.000000 -0.681200 -0.724100 0.107600
0.369300 0.584900 0.739400 0.000000 0.000000 0.681900 -0.723600 0.106800
0.369300 0.582100 0.739100 0.000000 0.000000 0.684900 0.687200 0.242100
0.266500 0.581600 0.744800 0.000000 0.000000 -0.727700 0.668500 0.153700
0.266500 0.569100 0.879400 0.000000 0.000000 -0.702900 0.708300 0.065800
0.266500 0.571800 0.879600 0.000000 0.000000 -0.711300 -0.699900 -0.065000
0.266500 0.584300 0.745000 0.000000 0.000000 -0.730000 -0.682800 0.028700
0.367800 0.581600 0.744800 0.000000 0.000000 0.727900 0.668000 0.154800
0.367800 0.584300 0.745000 0.000000 0.000000 0.730300 -0.682500 0.029800
0.367800 0.571800 0.879600 0.000000 0.000000 0.711300 -0.699900 -0.065000
0.367800 0.569100 0.879400 0.000000 0.000000 0.702900 0.708300 0.065800
0.238700 0.603400 0.511100 0.000000 0.000000 -0.707100 0.704000 0.065300
0.238700 0.606100 0.511300 0.000000 0.000000 -0.707100 -0.704100 -0.065300
0.395600 0.603400 0.511100 0.000000 0.000000 0.707100 0.704000 0.065300
0.395600 0.606100 0.511300 0.000000 0.000000 0.707100 -0.704100 -0.065300
0.295300 0.636000 0.482900 0.000000 0.000000 0.121000 -0.575200 -0.809000
0.290300 0.634100 0.482700 0.000000 0.000000 0.407000 -0.345100 -0.845700
0.339000 0.636000 0.482900 0.000000 0.000000 -0.121000 -0.575200 -0.809000
0.344000 0.634100 0.482700 0.000000 0.000000 -0.407800 -0.344900 -0.845400
0.346000 0.585400 0.478200 0.000000 0.000000 -0.652000 0.333800 -0.680800
0.344000 0.580700 0.477800 0.000000 0.000000 -0.482800 0.473600 -0.736600
0.288300 0.585400 0.478200 0.000000 0.000000 0.652000 0.333800 -0.680800
0.290300 0.580700 0.477800 0.000000 0.000000 0.482800 0.473600 -0.736600
0.283100 0.616600 0.481100 0.000000 0.000000 0.655000 -0.200700 -0.728500
0.280100 0.609400 0.480400 0.000000 0.000000 0.654300 -0.196000 -0.730400
0.354200 0.609400 0.480400 0.000000 0.000000 -0.654700 -0.195200 -0.730200
0.351200 0.616600 0.481100 0.000000 0.000000 -0.654800 -0.200700 -0.728700
0.339000 0.577500 0.477500 0.000000 0.000000 -0.177600 0.674600 -0.716500
0.295300 0.577500 0.477500 0.000000 0.000000 0.177600 0.674600 -0.716500
0.354200 0.605300 0.480000 0.000000 0.000000 -0.651900 0.329600 -0.682900
0.354600 0.606300 0.480100 0.000000 0.000000 -0.462900 0.664900 -0.586100
0.280100 0.605300 0.480000 0.000000 0.000000 0.651900 0.329600 -0.682900
0.279700 0.606300 0.480100 0.000000 0.000000 0.462900 0.664900 -0.586100
0.279700 0.608400 0.480300 0.000000 0.000000 0.454200 -0.543800 -0.705700
0.354600 0.608400 0.480300 0.000000 0.000000 -0.455100 -0.544800 -0.704300
0.288300 0.629300 0.482300 0.000000 0.000000 0.652600 -0.203500 -0.729800
0.346000 0.629300 0.482300 0.000000 0.000000 -0.652500 -0.204100 -0.729800
0.351500 0.598800 0.479400 0.000000 0.000000 -0.654000 0.332400 -0.679600
0.282800 0.598800 0.479400 0.000000 0.000000 0.654000 0.332400 -0.679600
0.279600 0.607700 0.482200 0.000000 0.000000 0.798700 -0.397200 -0.452000
0.279600 0.606600 0.482100 0.000000 0.000000 0.815100 0.460700 -0.351400
0.354700 0.607700 0.482200 0.000000 0.000000 -0.810100 -0.378400 -0.447900
0.354700 0.606600 0.482100 0.000000 0.000000 -0.815100 0.460600 -0.351400
0.295300 0.634500 0.498700 0.000000 0.000000 0.181300 -0.979000 -0.092900
0.290300 0.632600 0.498500 0.000000 0.000000 0.695900 -0.714900 -0.068000
0.339000 0.634500 0.498700 0.000000 0.000000 -0.181300 -0.979000 -0.092900
0.344000 0.632600 0.498500 0.000000 0.000000 -0.696000 -0.714900 -0.067900
0.344000 0.579200 0.493500 0.000000 0.000000 -0.762700 0.643900 0.060400
0.346000 0.584000 0.494000 0.000000 0.000000 -0.924200 0.380400 0.033700
0.288300 0.584000 0.494000 0.000000 0.000000 0.924200 0.380400 0.033700
0.290300 0.579200 0.493500 0.000000 0.000000 0.762700 0.643900 0.060400
0.283100 0.615100 0.496900 0.000000 0.000000 0.924200 -0.380400 -0.035200
0.280100 0.608000 0.496200 0.000000 0.000000 0.931300 -0.362800 -0.032200
0.354200 0.608000 0.496200 0.000000 0.000000 -0.931300 -0.362900 -0.032200
0.351200 0.615100 0.496900 0.000000 0.000000 -0.924200 -0.380400 -0.035200
0.339000 0.576100 0.493200 0.000000 0.000000 -0.276900 0.956900 0.087500
0.295300 0.576100 0.493200 0.000000 0.000000 0.276900 0.956900 0.087500
0.354200 0.603800 0.495800 0.000000 0.000000 -0.932400 0.359900 0.034200
0.354600 0.604900 0.495900 0.000000 0.000000 -0.985100 0.171300 0.012500
0.279700 0.604900 0.495900 0.000000 0.000000 0.985100 0.171300 0.012500
0.280100 0.603800 0.495800 0.000000 0.000000 0.932400 0.359900 0.034200
0.279700 0.606900 0.496100 0.000000 0.000000 0.984400 -0.175300 -0.015600
0.354600 0.606900 0.496100 0.000000 0.000000 -0.984000 -0.177100 -0.019300
0.288300 0.627800 0.498000 0.000000 0.000000 0.924900 -0.378500 -0.036100
0.346000 0.627800 0.498000 0.000000 0.000000 -0.924900 -0.378600 -0.036000
0.351500 0.597300 0.495200 0.000000 0.000000 -0.924600 0.379300 0.035400
0.282800 0.597300 0.495200 0.000000 0.000000 0.924600 0.379300 0.035400
0.354600 0.605500 0.496000 0.000000 0.000000 -1.000000 0.000600 -0.007200
0.354600 0.606200 0.496000 0.000000 0.000000 -1.000000 0.000500 -0.007200
0.279700 0.605500 0.496000 0.000000 0.000000 1.000000 0.000600 -0.007200
0.279700 0.606200 0.496000 0.000000 0.000000 1.000000 -0.002200 -0.004000
0.578800 0.848200 -0.851700 0.000000 0.000000 0.704900 -0.651200 0.281000
0.530000 0.912400 -0.601700 0.000000 0.000000 0.847100 -0.450900 0.281300
0.503200 0.901600 -0.538300 0.000000 0.000000 0.094900 -0.953000 0.287600
0.539800 0.836900 -0.786100 0.000000 0.000000 0.314300 -0.906200 0.283000
0.343800 1.031000 -0.096300 0.000000 0.000000 0.086400 -0.747100 0.659100
0.344100 1.055900 -0.098100 0.000000 0.000000 0.296900 0.065300 0.952700
0.239500 1.071200 -0.085200 0.000000 0.000000 0.063100 0.090100 0.993900
0.239600 1.046200 -0.082900 0.000000 0.000000 -0.030000 -0.760000 0.649200
0.120800 1.076600 -0.086200 0.000000 0.000000 -0.003700 0.091600 0.995800
0.120900 1.051600 -0.083900 0.000000 0.000000 -0.022500 -0.786600 0.617000
0.000000 1.077000 -0.086600 0.000000 0.000000 -0.003000 0.090900 0.995900
0.000000 1.051800 -0.084300 0.000000 0.000000 -0.007600 -0.805300 0.592800
0.417600 1.032900 -0.138200 0.000000 0.000000 0.728400 0.206900 0.653200
0.421700 1.007200 -0.133900 0.000000 0.000000 0.473000 -0.678900 0.561600
0.454600 0.976800 -0.229200 0.000000 0.000000 0.325400 -0.861100 0.390700
0.458300 0.996000 -0.252500 0.000000 0.000000 0.979000 0.035900 0.200600
0.495500 0.908500 -0.559200 0.000000 0.000000 -0.934800 -0.353400 -0.036200
0.529300 0.837000 -0.795000 0.000000 0.000000 -0.985600 -0.120100 -0.119200
0.344000 1.034900 -0.107600 0.000000 0.000000 -0.244900 -0.966300 -0.079700
0.239200 1.050400 -0.094500 0.000000 0.000000 -0.100100 -0.991200 -0.086000
0.120700 1.055700 -0.095300 0.000000 0.000000 -0.024100 -0.996400 -0.081000
0.000000 1.056500 -0.095600 0.000000 0.000000 -0.008600 -0.992600 -0.121000
0.448600 0.985400 -0.235100 0.000000 0.000000 -0.796100 -0.603300 -0.047500
0.416000 1.012100 -0.147600 0.000000 0.000000 -0.420600 -0.907100 0.014400
0.000100 1.054000 -0.112300 0.000000 0.000000 -0.011400 -0.921900 -0.387200
0.120400 1.052600 -0.112100 0.000000 0.000000 -0.024100 -0.929500 -0.368000
0.238600 1.047200 -0.111500 0.000000 0.000000 -0.112900 -0.933700 -0.339800
0.344400 1.031300 -0.123900 0.000000 0.000000 -0.328200 -0.916800 -0.227500
0.405500 1.010500 -0.169000 0.000000 0.000000 -0.406200 -0.910200 -0.080800
0.443400 0.994800 -0.260600 0.000000 0.000000 -0.782700 -0.619000 -0.064500
0.505700 0.909300 -0.634900 0.000000 0.000000 -0.977600 -0.162600 -0.133500
0.545000 0.845600 -0.856700 0.000000 0.000000 -0.959800 0.177200 -0.217800
0.120100 1.069900 -0.125000 0.000000 0.000000 -0.014500 -0.597900 -0.801500
0.000100 1.071800 -0.125200 0.000000 0.000000 -0.007900 -0.586800 -0.809700
0.238100 1.064400 -0.124700 0.000000 0.000000 -0.100500 -0.606400 -0.788800
0.344700 1.048200 -0.136400 0.000000 0.000000 -0.467700 -0.520200 -0.714600
0.397400 1.029000 -0.185400 0.000000 0.000000 -0.711800 -0.607700 -0.352100
0.439400 1.002000 -0.280300 0.000000 0.000000 -0.818800 -0.572300 -0.045800
0.513600 0.909900 -0.693300 0.000000 0.000000 -0.962200 -0.237900 -0.132600
0.557200 0.852300 -0.904300 0.000000 0.000000 -0.970400 0.118300 -0.210500
-0.530000 0.912400 -0.601700 0.000000 0.000000 -0.814700 -0.519000 0.258700
-0.578800 0.848200 -0.851700 0.000000 0.000000 -0.697600 -0.649300 0.302900
-0.539800 0.836900 -0.786100 0.000000 0.000000 -0.322800 -0.891200 0.318900
-0.503200 0.901600 -0.538300 0.000000 0.000000 -0.062600 -0.966500 0.248800
-0.344100 1.055900 -0.098100 0.000000 0.000000 -0.285800 0.081700 0.954800
-0.343800 1.031000 -0.096300 0.000000 0.000000 -0.056300 -0.744700 0.665000
-0.239600 1.046200 -0.082900 0.000000 0.000000 0.032400 -0.760300 0.648700
-0.239500 1.071200 -0.085200 0.000000 0.000000 -0.061300 0.091700 0.993900
-0.120900 1.051600 -0.083900 0.000000 0.000000 0.024600 -0.787000 0.616400
-0.120800 1.076600 -0.086200 0.000000 0.000000 0.003600 0.091600 0.995800
0.000000 1.077000 -0.086600 0.000000 0.000000 0.003100 0.091000 0.995800
0.000000 1.051800 -0.084300 0.000000 0.000000 0.003300 -0.806300 0.591500
-0.421700 1.007200 -0.133900 0.000000 0.000000 -0.482600 -0.678000 0.554500
-0.417600 1.032900 -0.138200 0.000000 0.000000 -0.743400 0.224000 0.630200
-0.458300 0.996000 -0.252500 0.000000 0.000000 -0.972600 0.080300 0.218100
-0.454600 0.976800 -0.229200 0.000000 0.000000 -0.329800 -0.864300 0.379700
-0.529300 0.837000 -0.795000 0.000000 0.000000 0.976700 -0.183600 -0.110700
-0.495500 0.908500 -0.559200 0.000000 0.000000 0.927800 -0.370700 -0.040900
-0.344000 1.034900 -0.107600 0.000000 0.000000 0.254900 -0.963200 -0.084800
-0.239200 1.050400 -0.094500 0.000000 0.000000 0.099500 -0.991200 -0.086700
-0.120700 1.055700 -0.095300 0.000000 0.000000 0.025200 -0.996500 -0.080300
0.000000 1.056500 -0.095600 0.000000 0.000000 0.006200 -0.992800 -0.119400
-0.448600 0.985400 -0.235100 0.000000 0.000000 0.753200 -0.654500 -0.065500
-0.416000 1.012100 -0.147600 0.000000 0.000000 0.433500 -0.900800 0.027400
-0.120400 1.052600 -0.112100 0.000000 0.000000 0.024600 -0.929400 -0.368200
-0.000100 1.054000 -0.112300 0.000000 0.000000 0.010100 -0.921600 -0.388000
-0.238600 1.047200 -0.111500 0.000000 0.000000 0.112000 -0.934000 -0.339100
-0.344400 1.031300 -0.123900 0.000000 0.000000 0.322900 -0.919300 -0.225000
-0.405500 1.010500 -0.169000 0.000000 0.000000 0.474900 -0.877800 -0.062800
-0.443400 0.994800 -0.260600 0.000000 0.000000 0.781500 -0.619200 -0.076300
-0.505700 0.909300 -0.634900 0.000000 0.000000 0.984900 -0.107000 -0.136100
-0.545000 0.845600 -0.856700 0.000000 0.000000 0.959200 0.176800 -0.220700
-0.000100 1.071800 -0.125200 0.000000 0.000000 0.005800 -0.588100 -0.808800
-0.120100 1.069900 -0.125000 0.000000 0.000000 0.015700 -0.598500 -0.801000
-0.238100 1.064400 -0.124700 0.000000 0.000000 0.100500 -0.606400 -0.788800
-0.344700 1.048200 -0.136400 0.000000 0.000000 0.467700 -0.520200 -0.714600
-0.397400 1.029000 -0.185400 0.000000 0.000000 0.711800 -0.607700 -0.352100
-0.439400 1.002000 -0.280300 0.000000 0.000000 0.818800 -0.572300 -0.045800
-0.513600 0.909900 -0.693300 0.000000 0.000000 0.962200 -0.237900 -0.132600
-0.557200 0.852300 -0.904300 0.000000 0.000000 0.970400 0.118300 -0.210500
0.104600 0.696300 0.546300 0.000000 0.000000 0.747400 0.164300 -0.643800
0.099900 0.706100 0.544700 0.000000 0.000000 0.674100 0.305900 -0.672300
0.100800 0.708300 0.551800 0.000000 0.000000 0.828600 0.557700 -0.049100
0.106000 0.697500 0.553600 0.000000 0.000000 0.956400 0.292000 -0.008100
0.092500 0.713900 0.542200 0.000000 0.000000 0.565400 0.429600 -0.704100
0.092600 0.717000 0.549100 0.000000 0.000000 0.628500 0.769500 -0.113900
0.082300 0.722500 0.545600 0.000000 0.000000 0.374800 0.904200 -0.204700
0.083200 0.718800 0.539100 0.000000 0.000000 0.420600 0.514900 -0.746900
0.070800 0.724400 0.541800 0.000000 0.000000 0.095800 0.951500 -0.292400
0.072900 0.720600 0.535700 0.000000 0.000000 0.268600 0.533600 -0.802000
0.062600 0.718800 0.532200 0.000000 0.000000 0.120100 0.495900 -0.860000
0.059400 0.722500 0.538000 0.000000 0.000000 -0.177900 0.905200 -0.386100
0.049100 0.717000 0.534500 0.000000 0.000000 -0.434400 0.768700 -0.469400
0.053300 0.713900 0.529100 0.000000 0.000000 -0.032500 0.434600 -0.900000
0.046000 0.706100 0.526700 0.000000 0.000000 -0.143500 0.311600 -0.939300
0.040900 0.708300 0.531800 0.000000 0.000000 -0.632900 0.555900 -0.538900
0.035700 0.697500 0.530100 0.000000 0.000000 -0.761000 0.293100 -0.578700
0.041200 0.696300 0.525100 0.000000 0.000000 -0.211800 0.165700 -0.963200
0.039600 0.685400 0.524500 0.000000 0.000000 -0.221300 0.001600 -0.975200
0.033900 0.685400 0.529500 0.000000 0.000000 -0.806000 0.000100 -0.591900
0.035700 0.673400 0.530100 0.000000 0.000000 -0.762700 -0.290600 -0.577800
0.041200 0.674500 0.525100 0.000000 0.000000 -0.213100 -0.165500 -0.962900
0.046000 0.664700 0.526700 0.000000 0.000000 -0.141400 -0.314900 -0.938600
0.040900 0.662500 0.531800 0.000000 0.000000 -0.631900 -0.557900 -0.538100
0.049100 0.653900 0.534500 0.000000 0.000000 -0.433300 -0.768400 -0.471000
0.053300 0.657000 0.529100 0.000000 0.000000 -0.033500 -0.433100 -0.900700
0.062600 0.652000 0.532200 0.000000 0.000000 0.119400 -0.498400 -0.858700
0.059400 0.648300 0.538000 0.000000 0.000000 -0.181100 -0.903800 -0.387900
0.072900 0.650300 0.535700 0.000000 0.000000 0.269400 -0.527500 -0.805700
0.070800 0.646400 0.541800 0.000000 0.000000 0.097700 -0.950200 -0.296100
0.083200 0.652000 0.539100 0.000000 0.000000 0.423000 -0.514300 -0.746000
0.082300 0.648300 0.545600 0.000000 0.000000 0.377500 -0.903400 -0.203400
0.092500 0.657000 0.542200 0.000000 0.000000 0.564600 -0.427500 -0.706000
0.092600 0.653900 0.549100 0.000000 0.000000 0.629400 -0.768400 -0.115600
0.099900 0.664700 0.544700 0.000000 0.000000 0.672700 -0.309100 -0.672200
0.100800 0.662500 0.551800 0.000000 0.000000 0.827400 -0.559400 -0.049600
0.104600 0.674500 0.546300 0.000000 0.000000 0.748500 -0.164300 -0.642500
0.106000 0.673400 0.553600 0.000000 0.000000 0.956800 -0.290600 -0.008200
0.106300 0.685400 0.546800 0.000000 0.000000 0.770400 0.000000 -0.637500
0.107800 0.685400 0.554200 0.000000 0.000000 0.999900 0.000400 0.010700
-0.009300 0.660300 0.672800 0.000000 0.000000 -0.766100 -0.589500 -0.255900
-0.015100 0.672200 0.670800 0.000000 0.000000 -0.901400 -0.311000 -0.301400
0.027900 0.672200 0.542100 0.000000 0.000000 -0.460900 -0.228100 -0.857600
0.033700 0.660300 0.544000 0.000000 0.000000 -0.357500 -0.437600 -0.825100
0.026000 0.685400 0.541400 0.000000 0.000000 -0.472900 0.000000 -0.881100
-0.017100 0.685400 0.670200 0.000000 0.000000 -0.948300 0.000000 -0.317300
-0.015100 0.698600 0.670800 0.000000 0.000000 -0.901400 0.310900 -0.301300
0.027900 0.698600 0.542100 0.000000 0.000000 -0.460900 0.228100 -0.857700
-0.009300 0.710500 0.672800 0.000000 0.000000 -0.766100 0.589600 -0.255800
0.033700 0.710500 0.544000 0.000000 0.000000 -0.358700 0.436800 -0.824900
-0.000300 0.720000 0.675800 0.000000 0.000000 -0.559000 0.807900 -0.186700
0.042700 0.720000 0.547000 0.000000 0.000000 -0.194100 0.594900 -0.780000
0.011000 0.726100 0.679500 0.000000 0.000000 -0.294900 0.950400 -0.098500
0.054000 0.726100 0.550800 0.000000 0.000000 -0.006200 0.702700 -0.711400
0.023500 0.728200 0.683700 0.000000 0.000000 0.000200 1.000000 0.000000
0.066500 0.728200 0.554900 0.000000 0.000000 0.212400 0.738600 -0.639900
0.036000 0.726100 0.687900 0.000000 0.000000 0.294400 0.950600 0.098300
0.079000 0.726100 0.559100 0.000000 0.000000 0.431900 0.702400 -0.565800
0.047300 0.720000 0.691700 0.000000 0.000000 0.558500 0.808300 0.186500
0.090300 0.720000 0.562900 0.000000 0.000000 0.627800 0.600000 -0.495800
0.056300 0.710500 0.694700 0.000000 0.000000 0.768400 0.586200 0.256800
0.099300 0.710500 0.565900 0.000000 0.000000 0.777500 0.432900 -0.456100
0.105100 0.698600 0.567800 0.000000 0.000000 0.877800 0.225500 -0.422600
0.062000 0.698600 0.696600 0.000000 0.000000 0.902200 0.308200 0.301900
0.064000 0.685400 0.697300 0.000000 0.000000 0.948300 -0.000000 0.317300
0.107000 0.685400 0.568500 0.000000 0.000000 0.919100 0.000000 -0.393900
0.062000 0.672200 0.696600 0.000000 0.000000 0.902200 -0.308400 0.301600
0.105100 0.672200 0.567800 0.000000 0.000000 0.877800 -0.225700 -0.422500
0.099300 0.660300 0.565900 0.000000 0.000000 0.777700 -0.432800 -0.456000
0.056300 0.660300 0.694700 0.000000 0.000000 0.768600 -0.586000 0.256600
0.047300 0.650800 0.691700 0.000000 0.000000 0.556000 -0.810200 0.185600
0.090300 0.650800 0.562900 0.000000 0.000000 0.626500 -0.601800 -0.495200
0.036000 0.644800 0.687900 0.000000 0.000000 0.291400 -0.951600 0.097300
0.079000 0.644800 0.559100 0.000000 0.000000 0.429100 -0.703000 -0.567200
0.066500 0.642700 0.554900 0.000000 0.000000 0.212400 -0.738600 -0.639900
0.023500 0.642700 0.683700 0.000000 0.000000 0.000200 -1.000000 0.000000
0.011000 0.644800 0.679500 0.000000 0.000000 -0.291900 -0.951500 -0.097500
0.054000 0.644800 0.550800 0.000000 0.000000 -0.003600 -0.702900 -0.711300
-0.000300 0.650800 0.675800 0.000000 0.000000 -0.556500 -0.809800 -0.185800
0.042700 0.650800 0.547000 0.000000 0.000000 -0.193300 -0.595700 -0.779600
0.098600 0.705100 0.544300 0.000000 0.000000 -0.266400 -0.390600 -0.881100
0.103100 0.695800 0.545800 0.000000 0.000000 -0.350200 -0.202900 -0.914400
0.091600 0.712500 0.541900 0.000000 0.000000 -0.120100 -0.529800 -0.839500
0.082800 0.717200 0.538900 0.000000 0.000000 0.053000 -0.604800 -0.794600
0.072900 0.718900 0.535700 0.000000 0.000000 0.239700 -0.652200 -0.719200
0.063100 0.717200 0.532400 0.000000 0.000000 0.433500 -0.629200 -0.645100
0.054300 0.712500 0.529400 0.000000 0.000000 0.602300 -0.520500 -0.605300
0.047300 0.705100 0.527100 0.000000 0.000000 0.735200 -0.384500 -0.558200
0.042700 0.695800 0.525600 0.000000 0.000000 0.828000 -0.202700 -0.522900
0.041200 0.685400 0.525100 0.000000 0.000000 0.871200 0.002100 -0.490900
0.042700 0.675100 0.525600 0.000000 0.000000 0.830500 0.201200 -0.519500
0.047300 0.665700 0.527100 0.000000 0.000000 0.736400 0.383100 -0.557700
0.054300 0.658300 0.529400 0.000000 0.000000 0.600700 0.522100 -0.605400
0.063100 0.653600 0.532400 0.000000 0.000000 0.434600 0.629800 -0.643700
0.072900 0.651900 0.535700 0.000000 0.000000 0.240600 0.652500 -0.718600
0.082800 0.653600 0.538900 0.000000 0.000000 0.056000 0.605400 -0.793900
0.091600 0.658300 0.541900 0.000000 0.000000 -0.121000 0.528300 -0.840400
0.098600 0.665700 0.544300 0.000000 0.000000 -0.267800 0.387400 -0.882200
0.103100 0.675100 0.545800 0.000000 0.000000 -0.352000 0.203600 -0.913600
0.104700 0.685400 0.546300 0.000000 0.000000 -0.387300 0.000300 -0.921900
0.097900 0.695600 0.559700 0.000000 0.000000 -0.887700 -0.312600 -0.338000
0.093400 0.704700 0.558200 0.000000 0.000000 -0.752000 -0.589100 -0.295700
0.086500 0.712000 0.555900 0.000000 0.000000 -0.544400 -0.807900 -0.225800
0.077800 0.716700 0.553000 0.000000 0.000000 -0.281300 -0.950300 -0.133500
0.068200 0.718300 0.549700 0.000000 0.000000 0.012100 -0.999300 -0.035900
0.058600 0.716700 0.546500 0.000000 0.000000 0.304600 -0.950400 0.062300
0.049900 0.712000 0.543600 0.000000 0.000000 0.571500 -0.807000 0.148700
0.043000 0.704700 0.541300 0.000000 0.000000 0.777300 -0.589800 0.218900
0.038500 0.695600 0.539800 0.000000 0.000000 0.912400 -0.310900 0.266200
0.037000 0.685400 0.539300 0.000000 0.000000 0.959000 -0.000300 0.283300
0.038500 0.675200 0.539800 0.000000 0.000000 0.912200 0.311100 0.266500
0.043000 0.666100 0.541300 0.000000 0.000000 0.777300 0.589900 0.218700
0.049900 0.658800 0.543600 0.000000 0.000000 0.571500 0.807000 0.148700
0.058600 0.654100 0.546500 0.000000 0.000000 0.304600 0.950400 0.062300
0.068200 0.652500 0.549700 0.000000 0.000000 0.012100 0.999300 -0.035900
0.077800 0.654100 0.553000 0.000000 0.000000 -0.279900 0.950600 -0.134300
0.086500 0.658800 0.555900 0.000000 0.000000 -0.544800 0.807200 -0.227300
0.093400 0.666100 0.558200 0.000000 0.000000 -0.752800 0.588500 -0.295000
0.097900 0.675200 0.559700 0.000000 0.000000 -0.888100 0.313500 -0.336200
0.099400 0.685400 0.560200 0.000000 0.000000 -0.934400 -0.000000 -0.356300
0.096400 0.708400 0.565400 0.000000 0.000000 0.646600 0.277900 -0.710400
0.101700 0.697500 0.567100 0.000000 0.000000 0.692800 0.144100 -0.706600
0.101800 0.697400 0.565900 0.000000 0.000000 0.582900 0.257000 0.770800
0.096600 0.708300 0.564200 0.000000 0.000000 0.452100 0.482300 0.750400
0.103500 0.685400 0.567700 0.000000 0.000000 0.713200 0.000800 -0.700900
0.103600 0.685400 0.566500 0.000000 0.000000 0.621800 0.000600 0.783200
0.101800 0.673400 0.565900 0.000000 0.000000 0.582500 -0.257600 0.770900
0.101700 0.673300 0.567100 0.000000 0.000000 0.692400 -0.144800 -0.706900
0.096400 0.662400 0.565400 0.000000 0.000000 0.631800 -0.270900 -0.726300
0.096600 0.662600 0.564200 0.000000 0.000000 0.467100 -0.485600 0.738900
0.088400 0.654000 0.561500 0.000000 0.000000 0.318100 -0.689700 0.650400
0.088200 0.653700 0.562600 0.000000 0.000000 0.525200 -0.346200 -0.777400
0.077900 0.648100 0.559200 0.000000 0.000000 0.415700 -0.384800 -0.824100
0.078100 0.648400 0.558000 0.000000 0.000000 0.072900 -0.807700 0.585100
0.066700 0.646500 0.554200 0.000000 0.000000 -0.167000 -0.857800 0.486100
0.066400 0.646200 0.555300 0.000000 0.000000 0.286700 -0.434200 -0.854000
0.055300 0.648400 0.550400 0.000000 0.000000 -0.422500 -0.796400 0.432700
0.054900 0.648100 0.551500 0.000000 0.000000 0.152000 -0.422000 -0.893800
0.044500 0.653700 0.548000 0.000000 0.000000 0.048300 -0.345600 -0.937100
0.045100 0.654000 0.547000 0.000000 0.000000 -0.642000 -0.703600 0.304600
0.036300 0.662400 0.545300 0.000000 0.000000 -0.040000 -0.250700 -0.967200
0.036900 0.662600 0.544300 0.000000 0.000000 -0.820000 -0.505400 0.268800
0.031000 0.673300 0.543500 0.000000 0.000000 -0.104700 -0.133400 -0.985500
0.031700 0.673400 0.542500 0.000000 0.000000 -0.934700 -0.262500 0.239800
0.029200 0.685400 0.542900 0.000000 0.000000 -0.141500 -0.001400 -0.989900
0.029900 0.685400 0.541900 0.000000 0.000000 -0.970400 -0.000400 0.241600
0.031000 0.697500 0.543500 0.000000 0.000000 -0.103500 0.135200 -0.985400
0.031700 0.697400 0.542500 0.000000 0.000000 -0.934400 0.263200 0.240100
0.036300 0.708400 0.545300 0.000000 0.000000 -0.062800 0.259000 -0.963800
0.036900 0.708300 0.544300 0.000000 0.000000 -0.816400 0.501200 0.286900
0.044500 0.717100 0.548000 0.000000 0.000000 0.023500 0.366400 -0.930200
0.045100 0.716900 0.547000 0.000000 0.000000 -0.635200 0.699400 0.327700
0.054900 0.722700 0.551500 0.000000 0.000000 0.151800 0.431600 -0.889200
0.055300 0.722400 0.550400 0.000000 0.000000 -0.421600 0.797800 0.431000
0.066700 0.724300 0.554200 0.000000 0.000000 -0.166700 0.857800 0.486100
0.066400 0.724600 0.555300 0.000000 0.000000 0.286700 0.443700 -0.849100
0.077900 0.722700 0.559200 0.000000 0.000000 0.411400 0.396800 -0.820600
0.078100 0.722400 0.558000 0.000000 0.000000 0.072100 0.808900 0.583500
0.088400 0.716900 0.561500 0.000000 0.000000 0.298200 0.682700 0.667100
0.088200 0.717100 0.562600 0.000000 0.000000 0.540500 0.366800 -0.757200
0.029800 0.672800 0.542700 0.000000 0.000000 0.408900 0.034400 -0.911900
0.035300 0.661500 0.544500 0.000000 0.000000 0.405700 0.070400 -0.911300
0.027900 0.685400 0.542100 0.000000 0.000000 0.426500 -0.000500 -0.904500
0.029800 0.698000 0.542700 0.000000 0.000000 0.408700 -0.033800 -0.912100
0.035300 0.709300 0.544500 0.000000 0.000000 0.406900 -0.071600 -0.910700
0.043800 0.718300 0.547400 0.000000 0.000000 0.378900 -0.090500 -0.921000
0.054600 0.724100 0.551000 0.000000 0.000000 0.346000 -0.108500 -0.932000
0.066500 0.726100 0.554900 0.000000 0.000000 0.313500 -0.120600 -0.941900
0.078400 0.724100 0.558900 0.000000 0.000000 0.276200 -0.126300 -0.952800
0.089200 0.718300 0.562500 0.000000 0.000000 0.254100 -0.091100 -0.962900
0.097700 0.709300 0.565400 0.000000 0.000000 0.217000 -0.074000 -0.973400
0.103200 0.698000 0.567200 0.000000 0.000000 0.208700 -0.035600 -0.977300
0.105100 0.685400 0.567800 0.000000 0.000000 0.220600 0.000400 -0.975400
0.103200 0.672800 0.567200 0.000000 0.000000 0.208900 0.035200 -0.977300
0.097700 0.661500 0.565400 0.000000 0.000000 0.217100 0.074000 -0.973300
0.089200 0.652500 0.562500 0.000000 0.000000 0.253500 0.091800 -0.963000
0.078400 0.646800 0.558900 0.000000 0.000000 0.273900 0.135700 -0.952200
0.066500 0.644800 0.554900 0.000000 0.000000 0.312600 0.128200 -0.941200
0.054600 0.646800 0.551000 0.000000 0.000000 0.347500 0.116500 -0.930400
0.043800 0.652500 0.547400 0.000000 0.000000 0.378300 0.089200 -0.921400
0.055000 0.723800 0.549900 0.000000 0.000000 -0.416200 0.799900 0.432300
0.066900 0.725700 0.553800 0.000000 0.000000 -0.164700 0.852700 0.495800
0.078700 0.723800 0.557800 0.000000 0.000000 0.072600 0.800100 0.595500
0.089400 0.718000 0.561400 0.000000 0.000000 0.305200 0.683400 0.663200
0.097800 0.709100 0.564200 0.000000 0.000000 0.477600 0.495000 0.725900
0.103300 0.697900 0.566000 0.000000 0.000000 0.587400 0.257800 0.767100
0.105100 0.685400 0.566600 0.000000 0.000000 0.627400 0.001200 0.778700
0.103300 0.672900 0.566000 0.000000 0.000000 0.587200 -0.259100 0.766800
0.097800 0.661700 0.564200 0.000000 0.000000 0.473500 -0.495600 0.728100
0.089400 0.652800 0.561400 0.000000 0.000000 0.303900 -0.681800 0.665400
0.078700 0.647000 0.557800 0.000000 0.000000 0.073300 -0.800900 0.594300
0.066900 0.645100 0.553800 0.000000 0.000000 -0.163400 -0.852500 0.496500
0.055000 0.647000 0.549900 0.000000 0.000000 -0.417400 -0.800100 0.430900
0.044400 0.652800 0.546300 0.000000 0.000000 -0.641900 -0.686200 0.342200
0.035900 0.661700 0.543500 0.000000 0.000000 -0.817600 -0.500200 0.285100
0.030500 0.672900 0.541700 0.000000 0.000000 -0.930100 -0.259200 0.260100
0.028600 0.685400 0.541100 0.000000 0.000000 -0.966400 0.000200 0.256900
0.030500 0.697900 0.541700 0.000000 0.000000 -0.930200 0.258700 0.260400
0.035900 0.709100 0.543500 0.000000 0.000000 -0.818800 0.501000 0.280200
0.044400 0.718000 0.546300 0.000000 0.000000 -0.642500 0.687200 0.339000
-0.514100 0.521200 0.624300 0.000000 0.000000 0.743100 0.165200 -0.648500
-0.519700 0.532600 0.622500 0.000000 0.000000 0.665200 0.316200 -0.676500
-0.518500 0.535200 0.630800 0.000000 0.000000 0.826000 0.560300 -0.062300
-0.512400 0.522600 0.632700 0.000000 0.000000 0.955800 0.293300 -0.020200
-0.528300 0.541600 0.619800 0.000000 0.000000 0.550600 0.421300 -0.720700
-0.528100 0.545200 0.627700 0.000000 0.000000 0.626700 0.768800 -0.126900
-0.540100 0.551700 0.623900 0.000000 0.000000 0.374400 0.903900 -0.206600
-0.539100 0.547400 0.616400 0.000000 0.000000 0.412300 0.503500 -0.759300
-0.553400 0.553900 0.619700 0.000000 0.000000 0.093500 0.950600 -0.295900
-0.551100 0.549400 0.612600 0.000000 0.000000 0.258100 0.528300 -0.808900
-0.563100 0.547400 0.608800 0.000000 0.000000 0.093700 0.517900 -0.850300
-0.566800 0.551700 0.615500 0.000000 0.000000 -0.189400 0.903300 -0.384900
-0.578800 0.545200 0.611700 0.000000 0.000000 -0.441400 0.768900 -0.462600
-0.574000 0.541600 0.605300 0.000000 0.000000 -0.035700 0.422900 -0.905500
-0.582600 0.532600 0.602600 0.000000 0.000000 -0.149900 0.310800 -0.938600
-0.588300 0.535200 0.608700 0.000000 0.000000 -0.642200 0.559200 -0.524300
-0.594400 0.522600 0.606700 0.000000 0.000000 -0.770700 0.292900 -0.566000
-0.588100 0.521200 0.600800 0.000000 0.000000 -0.219800 0.163200 -0.961800
-0.590000 0.508600 0.600200 0.000000 0.000000 -0.253500 0.000100 -0.967300
-0.596500 0.508600 0.606100 0.000000 0.000000 -0.816100 0.000500 -0.577900
-0.594400 0.494700 0.606700 0.000000 0.000000 -0.771400 -0.292700 -0.565100
-0.588100 0.496000 0.600800 0.000000 0.000000 -0.220000 -0.164200 -0.961600
-0.582600 0.484700 0.602600 0.000000 0.000000 -0.147000 -0.309100 -0.939600
-0.588300 0.482000 0.608700 0.000000 0.000000 -0.641300 -0.559100 -0.525500
-0.578800 0.472000 0.611700 0.000000 0.000000 -0.442300 -0.769600 -0.460500
-0.574000 0.475600 0.605300 0.000000 0.000000 -0.034500 -0.422000 -0.905900
-0.563100 0.469900 0.608800 0.000000 0.000000 0.098300 -0.514900 -0.851600
-0.566800 0.465600 0.615500 0.000000 0.000000 -0.185500 -0.904100 -0.385000
-0.551100 0.467900 0.612600 0.000000 0.000000 0.256900 -0.527300 -0.809900
-0.553400 0.463400 0.619700 0.000000 0.000000 0.094100 -0.949600 -0.298900
-0.539100 0.469900 0.616400 0.000000 0.000000 0.411200 -0.502500 -0.760500
-0.540100 0.465600 0.623900 0.000000 0.000000 0.372600 -0.903800 -0.210500
-0.528300 0.475600 0.619800 0.000000 0.000000 0.548200 -0.424100 -0.720900
-0.528100 0.472000 0.627700 0.000000 0.000000 0.625000 -0.770300 -0.126700
-0.519700 0.484700 0.622500 0.000000 0.000000 0.664900 -0.312700 -0.678400
-0.518500 0.482000 0.630800 0.000000 0.000000 0.826600 -0.559200 -0.063300
-0.514100 0.496000 0.624300 0.000000 0.000000 0.743600 -0.166000 -0.647700
-0.512400 0.494700 0.632700 0.000000 0.000000 0.956200 -0.292000 -0.018500
-0.512200 0.508600 0.624900 0.000000 0.000000 0.764300 0.000000 -0.644900
-0.510300 0.508600 0.633400 0.000000 0.000000 1.000000 -0.000600 -0.004700
-0.644000 0.479500 0.773000 0.000000 0.000000 -0.772100 -0.586700 -0.244300
-0.650700 0.493300 0.770900 0.000000 0.000000 -0.906100 -0.310600 -0.287100
-0.603200 0.493300 0.620800 0.000000 0.000000 -0.467100 -0.227300 -0.854500
-0.596500 0.479500 0.622900 0.000000 0.000000 -0.366700 -0.434400 -0.822700
-0.605500 0.508600 0.620100 0.000000 0.000000 -0.505900 -0.000400 -0.862600
-0.653100 0.508600 0.770200 0.000000 0.000000 -0.953200 -0.000500 -0.302300
-0.650700 0.524000 0.770900 0.000000 0.000000 -0.906300 0.310100 -0.287100
-0.603200 0.524000 0.620800 0.000000 0.000000 -0.467200 0.227000 -0.854500
-0.644000 0.537800 0.773000 0.000000 0.000000 -0.770700 0.588600 -0.244000
-0.596500 0.537800 0.622900 0.000000 0.000000 -0.367200 0.435400 -0.821900
-0.633600 0.548700 0.776400 0.000000 0.000000 -0.560800 0.808700 -0.177800
-0.586000 0.548700 0.626200 0.000000 0.000000 -0.202800 0.593000 -0.779200
-0.620400 0.555800 0.780500 0.000000 0.000000 -0.295300 0.950800 -0.093600
-0.572800 0.555800 0.630400 0.000000 0.000000 -0.017700 0.705100 -0.708900
-0.605800 0.558200 0.785200 0.000000 0.000000 0.000300 1.000000 0.000100
-0.558200 0.558200 0.635000 0.000000 0.000000 0.204800 0.738300 -0.642600
-0.591200 0.555800 0.789800 0.000000 0.000000 0.294900 0.950900 0.093500
-0.543600 0.555800 0.639700 0.000000 0.000000 0.420000 0.713100 -0.561400
-0.578000 0.548700 0.794000 0.000000 0.000000 0.561100 0.808400 0.177800
-0.530400 0.548700 0.643800 0.000000 0.000000 0.617000 0.593300 -0.516900
-0.567600 0.537800 0.797300 0.000000 0.000000 0.769700 0.590000 0.243800
-0.520000 0.537800 0.647100 0.000000 0.000000 0.773700 0.433300 -0.462200
-0.513300 0.524000 0.649300 0.000000 0.000000 0.874700 0.227700 -0.427900
-0.560800 0.524000 0.799400 0.000000 0.000000 0.906300 0.310500 0.286800
-0.558500 0.508600 0.800100 0.000000 0.000000 0.953400 -0.000500 0.301700
-0.511000 0.508600 0.650000 0.000000 0.000000 0.905600 -0.000400 -0.424100
-0.560800 0.493300 0.799400 0.000000 0.000000 0.906100 -0.310900 0.286900
-0.513300 0.493300 0.649300 0.000000 0.000000 0.874500 -0.227900 -0.428100
-0.520000 0.479500 0.647100 0.000000 0.000000 0.774400 -0.431700 -0.462600
-0.567600 0.479500 0.797300 0.000000 0.000000 0.770900 -0.588200 0.244300
-0.578000 0.468500 0.794000 0.000000 0.000000 0.560700 -0.808800 0.177700
-0.530400 0.468500 0.643800 0.000000 0.000000 0.615300 -0.595000 -0.517100
-0.591200 0.461500 0.789800 0.000000 0.000000 0.292300 -0.951800 0.092600
-0.543600 0.461500 0.639700 0.000000 0.000000 0.419900 -0.711900 -0.562900
-0.558200 0.459100 0.635000 0.000000 0.000000 0.204800 -0.738300 -0.642600
-0.605800 0.459100 0.785200 0.000000 0.000000 0.000300 -1.000000 0.000100
-0.620400 0.461500 0.780500 0.000000 0.000000 -0.292600 -0.951700 -0.092800
-0.572800 0.461500 0.630400 0.000000 0.000000 -0.015400 -0.705200 -0.708800
-0.633600 0.468500 0.776400 0.000000 0.000000 -0.560300 -0.809000 -0.177400
-0.586000 0.468500 0.626200 0.000000 0.000000 -0.203900 -0.593300 -0.778700
-0.521200 0.531500 0.622000 0.000000 0.000000 -0.269600 -0.379900 -0.884900
-0.515900 0.520600 0.623700 0.000000 0.000000 -0.355300 -0.200300 -0.913000
-0.529400 0.540000 0.619500 0.000000 0.000000 -0.148000 -0.538100 -0.829800
-0.539700 0.545600 0.616200 0.000000 0.000000 0.035600 -0.617400 -0.785800
-0.551100 0.547500 0.612600 0.000000 0.000000 0.230700 -0.653700 -0.720700
-0.562500 0.545600 0.608900 0.000000 0.000000 0.422700 -0.602200 -0.677200
-0.572900 0.540000 0.605700 0.000000 0.000000 0.595500 -0.541500 -0.593400
-0.581100 0.531500 0.603100 0.000000 0.000000 0.735600 -0.386200 -0.556500
-0.586300 0.520600 0.601400 0.000000 0.000000 0.827100 -0.199300 -0.525500
-0.588100 0.508600 0.600800 0.000000 0.000000 0.851800 -0.001200 -0.523900
-0.586300 0.496600 0.601400 0.000000 0.000000 0.825900 0.201700 -0.526600
-0.581100 0.485800 0.603100 0.000000 0.000000 0.737000 0.385400 -0.555200
-0.572900 0.477200 0.605700 0.000000 0.000000 0.597400 0.536600 -0.595900
-0.562500 0.471700 0.608900 0.000000 0.000000 0.418500 0.603900 -0.678400
-0.551100 0.469800 0.612600 0.000000 0.000000 0.228500 0.652900 -0.722200
-0.539700 0.471700 0.616200 0.000000 0.000000 0.038700 0.620000 -0.783600
-0.529400 0.477200 0.619500 0.000000 0.000000 -0.148900 0.534500 -0.832000
-0.521200 0.485800 0.622000 0.000000 0.000000 -0.270900 0.382300 -0.883400
-0.515900 0.496600 0.623700 0.000000 0.000000 -0.354300 0.201400 -0.913200
-0.514100 0.508600 0.624300 0.000000 0.000000 -0.392900 0.000000 -0.919600
-0.521800 0.520400 0.639900 0.000000 0.000000 -0.893600 -0.305700 -0.328600
-0.526900 0.531100 0.638300 0.000000 0.000000 -0.758400 -0.587500 -0.282300
-0.535000 0.539500 0.635700 0.000000 0.000000 -0.546100 -0.809600 -0.215200
-0.545100 0.544900 0.632500 0.000000 0.000000 -0.282300 -0.949900 -0.134300
-0.556400 0.546800 0.629000 0.000000 0.000000 0.013400 -0.999100 -0.039400
-0.567600 0.544900 0.625400 0.000000 0.000000 0.308900 -0.949400 0.056000
-0.577700 0.539500 0.622200 0.000000 0.000000 0.568600 -0.810400 0.140900
-0.585800 0.531100 0.619600 0.000000 0.000000 0.782500 -0.586800 0.208200
-0.590900 0.520400 0.618000 0.000000 0.000000 0.918300 -0.305700 0.251400
-0.592700 0.508600 0.617400 0.000000 0.000000 0.963800 -0.000500 0.266500
-0.590900 0.496800 0.618000 0.000000 0.000000 0.917600 0.308300 0.250900
-0.585800 0.486200 0.619600 0.000000 0.000000 0.782500 0.587100 0.207300
-0.577700 0.477800 0.622200 0.000000 0.000000 0.573100 0.807900 0.137300
-0.567600 0.472300 0.625400 0.000000 0.000000 0.305100 0.950600 0.057200
-0.556400 0.470500 0.629000 0.000000 0.000000 0.012300 0.999300 -0.036000
-0.545100 0.472300 0.632500 0.000000 0.000000 -0.281400 0.950700 -0.130200
-0.535000 0.477800 0.635700 0.000000 0.000000 -0.547200 0.807900 -0.219100
-0.526900 0.486200 0.638300 0.000000 0.000000 -0.757500 0.588100 -0.283300
-0.521800 0.496800 0.639900 0.000000 0.000000 -0.893100 0.307500 -0.328400
-0.520000 0.508600 0.640500 0.000000 0.000000 -0.939600 0.000000 -0.342200
-0.523300 0.535300 0.646600 0.000000 0.000000 0.598900 0.241900 -0.763400
-0.517200 0.522700 0.648500 0.000000 0.000000 0.687500 0.144200 -0.711700
-0.517100 0.522600 0.647100 0.000000 0.000000 0.590300 0.260000 0.764200
-0.523200 0.535100 0.645200 0.000000 0.000000 0.492600 0.498600 0.713300
-0.515000 0.508600 0.649200 0.000000 0.000000 0.683000 0.000300 -0.730500
-0.515000 0.508600 0.647800 0.000000 0.000000 0.659100 0.000200 0.752100
-0.517100 0.494700 0.647100 0.000000 0.000000 0.590600 -0.259900 0.764000
-0.517200 0.494600 0.648500 0.000000 0.000000 0.688000 -0.144400 -0.711200
-0.523300 0.481900 0.646600 0.000000 0.000000 0.596600 -0.244200 -0.764400
-0.523200 0.482100 0.645200 0.000000 0.000000 0.491500 -0.498300 0.714200
-0.532700 0.472200 0.642200 0.000000 0.000000 0.309400 -0.683300 0.661300
-0.532900 0.471900 0.643500 0.000000 0.000000 0.522000 -0.364700 -0.771000
-0.545000 0.465400 0.639700 0.000000 0.000000 0.398200 -0.395800 -0.827500
-0.544700 0.465800 0.638400 0.000000 0.000000 0.102600 -0.815900 0.569100
-0.558000 0.463500 0.634200 0.000000 0.000000 -0.172300 -0.831300 0.528400
-0.558400 0.463200 0.635500 0.000000 0.000000 0.269300 -0.440200 -0.856600
-0.571200 0.465800 0.630000 0.000000 0.000000 -0.403900 -0.817300 0.411000
-0.571800 0.465400 0.631200 0.000000 0.000000 0.154700 -0.386500 -0.909200
-0.583800 0.471900 0.627400 0.000000 0.000000 0.018100 -0.364000 -0.931200
-0.583200 0.472200 0.626200 0.000000 0.000000 -0.638100 -0.692000 0.337700
-0.593400 0.481900 0.624400 0.000000 0.000000 -0.063700 -0.254500 -0.965000
-0.592700 0.482100 0.623200 0.000000 0.000000 -0.812900 -0.503700 0.292400
-0.599600 0.494600 0.622400 0.000000 0.000000 -0.123600 -0.134600 -0.983200
-0.598800 0.494700 0.621200 0.000000 0.000000 -0.929700 -0.263300 0.257600
-0.601700 0.508600 0.621700 0.000000 0.000000 -0.139500 -0.000200 -0.990200
-0.600900 0.508600 0.620600 0.000000 0.000000 -0.977600 0.000500 0.210500
-0.599600 0.522700 0.622400 0.000000 0.000000 -0.121200 0.135000 -0.983400
-0.598800 0.522600 0.621200 0.000000 0.000000 -0.929200 0.263700 0.259100
-0.593400 0.535300 0.624400 0.000000 0.000000 -0.065200 0.256000 -0.964500
-0.592700 0.535100 0.623200 0.000000 0.000000 -0.814400 0.501800 0.291500
-0.583800 0.545400 0.627400 0.000000 0.000000 0.015500 0.360900 -0.932500
-0.583200 0.545100 0.626200 0.000000 0.000000 -0.637400 0.692500 0.337800
-0.571800 0.551900 0.631200 0.000000 0.000000 0.155600 0.386600 -0.909000
-0.571200 0.551500 0.630000 0.000000 0.000000 -0.404900 0.820800 0.402900
-0.558000 0.553700 0.634200 0.000000 0.000000 -0.159600 0.850900 0.500400
-0.558400 0.554100 0.635500 0.000000 0.000000 0.275900 0.411200 -0.868800
-0.545000 0.551900 0.639700 0.000000 0.000000 0.394700 0.394600 -0.829800
-0.544700 0.551500 0.638400 0.000000 0.000000 0.100200 0.820200 0.563200
-0.532700 0.545100 0.642200 0.000000 0.000000 0.312100 0.680400 0.663100
-0.532900 0.545400 0.643500 0.000000 0.000000 0.521000 0.362500 -0.772700
-0.601000 0.494100 0.621500 0.000000 0.000000 0.404200 0.035600 -0.914000
-0.594600 0.480900 0.623500 0.000000 0.000000 0.394900 0.073300 -0.915800
-0.603200 0.508600 0.620800 0.000000 0.000000 0.395600 -0.000400 -0.918400
-0.601000 0.523200 0.621500 0.000000 0.000000 0.403800 -0.035000 -0.914200
-0.594600 0.536300 0.623500 0.000000 0.000000 0.395800 -0.074400 -0.915300
-0.584600 0.546800 0.626700 0.000000 0.000000 0.367800 -0.099000 -0.924600
-0.572100 0.553500 0.630600 0.000000 0.000000 0.334500 -0.116000 -0.935200
-0.558200 0.555800 0.635000 0.000000 0.000000 0.299600 -0.136400 -0.944300
-0.544300 0.553500 0.639400 0.000000 0.000000 0.265300 -0.105200 -0.958400
-0.531800 0.546800 0.643400 0.000000 0.000000 0.233500 -0.095400 -0.967700
-0.521900 0.536300 0.646500 0.000000 0.000000 0.195300 -0.083500 -0.977200
-0.515500 0.523200 0.648600 0.000000 0.000000 0.202600 -0.033900 -0.978700
-0.513300 0.508600 0.649300 0.000000 0.000000 0.187900 0.000300 -0.982200
-0.515500 0.494100 0.648600 0.000000 0.000000 0.202600 0.033600 -0.978700
-0.521900 0.480900 0.646500 0.000000 0.000000 0.193800 0.082900 -0.977500
-0.531800 0.470500 0.643400 0.000000 0.000000 0.232100 0.095100 -0.968000
-0.544300 0.463800 0.639400 0.000000 0.000000 0.267700 0.106000 -0.957700
-0.558200 0.461500 0.635000 0.000000 0.000000 0.300000 0.136700 -0.944100
-0.572100 0.463800 0.630600 0.000000 0.000000 0.333900 0.116900 -0.935300
-0.584600 0.470500 0.626700 0.000000 0.000000 0.367700 0.098200 -0.924700
-0.571600 0.553100 0.629400 0.000000 0.000000 -0.413100 0.799000 0.436900
-0.557800 0.555400 0.633800 0.000000 0.000000 -0.162900 0.839800 0.517800
-0.544000 0.553100 0.638100 0.000000 0.000000 0.091600 0.807000 0.583400
-0.531600 0.546500 0.642100 0.000000 0.000000 0.306900 0.679000 0.666900
-0.521700 0.536100 0.645200 0.000000 0.000000 0.486900 0.494000 0.720400
-0.515400 0.523100 0.647200 0.000000 0.000000 0.594700 0.258600 0.761200
-0.513200 0.508600 0.647900 0.000000 0.000000 0.639000 -0.000200 0.769200
-0.515400 0.494200 0.647200 0.000000 0.000000 0.594900 -0.258100 0.761300
-0.521700 0.481100 0.645200 0.000000 0.000000 0.487400 -0.493700 0.720200
-0.531600 0.470800 0.642100 0.000000 0.000000 0.303800 -0.677700 0.669700
-0.544000 0.464100 0.638100 0.000000 0.000000 0.090700 -0.804200 0.587400
-0.557800 0.461800 0.633800 0.000000 0.000000 -0.162600 -0.841400 0.515400
-0.571600 0.464100 0.629400 0.000000 0.000000 -0.412400 -0.798200 0.439000
-0.584000 0.470800 0.625400 0.000000 0.000000 -0.636100 -0.686900 0.351400
-0.593900 0.481100 0.622300 0.000000 0.000000 -0.813700 -0.497900 0.300100
-0.600200 0.494200 0.620300 0.000000 0.000000 -0.925900 -0.258100 0.275700
-0.602400 0.508600 0.619600 0.000000 0.000000 -0.968100 0.000100 0.250700
-0.600200 0.523100 0.620300 0.000000 0.000000 -0.926100 0.258500 0.274900
-0.593900 0.536100 0.622300 0.000000 0.000000 -0.814200 0.496800 0.300400
-0.584000 0.546500 0.625400 0.000000 0.000000 -0.634300 0.689400 0.349900
-0.089400 0.696300 0.525100 0.000000 0.000000 0.211500 0.163700 -0.963600
-0.094100 0.706100 0.526700 0.000000 0.000000 0.149200 0.316500 -0.936800
-0.089200 0.708300 0.531800 0.000000 0.000000 0.632400 0.558000 -0.537300
-0.083900 0.697500 0.530100 0.000000 0.000000 0.759800 0.294100 -0.579800
-0.101500 0.713900 0.529100 0.000000 0.000000 0.030300 0.430200 -0.902200
-0.097300 0.717000 0.534600 0.000000 0.000000 0.435700 0.769400 -0.467200
-0.107600 0.722500 0.538000 0.000000 0.000000 0.179100 0.904700 -0.386600
-0.110800 0.718800 0.532200 0.000000 0.000000 -0.119700 0.495900 -0.860100
-0.119100 0.724400 0.541800 0.000000 0.000000 -0.099500 0.951200 -0.292000
-0.121100 0.720600 0.535700 0.000000 0.000000 -0.267800 0.533400 -0.802300
-0.131400 0.718800 0.539100 0.000000 0.000000 -0.423100 0.509700 -0.749100
-0.130500 0.722500 0.545700 0.000000 0.000000 -0.375800 0.904900 -0.199700
-0.140800 0.717000 0.549100 0.000000 0.000000 -0.627700 0.770200 -0.112700
-0.140700 0.713900 0.542200 0.000000 0.000000 -0.564300 0.430400 -0.704500
-0.148100 0.706100 0.544700 0.000000 0.000000 -0.671800 0.307800 -0.673700
-0.149000 0.708300 0.551800 0.000000 0.000000 -0.826900 0.560400 -0.047000
-0.154300 0.697500 0.553600 0.000000 0.000000 -0.955500 0.294800 -0.006400
-0.152800 0.696300 0.546300 0.000000 0.000000 -0.744100 0.160400 -0.648500
-0.154400 0.685400 0.546800 0.000000 0.000000 -0.761200 0.000100 -0.648600
-0.156100 0.685400 0.554200 0.000000 0.000000 -1.000000 -0.000400 0.005400
-0.154300 0.673400 0.553600 0.000000 0.000000 -0.955900 -0.293700 -0.007500
-0.152800 0.674500 0.546300 0.000000 0.000000 -0.744900 -0.163700 -0.646800
-0.148100 0.664700 0.544700 0.000000 0.000000 -0.673500 -0.307700 -0.672100
-0.149000 0.662500 0.551800 0.000000 0.000000 -0.827000 -0.560100 -0.048600
-0.140800 0.653900 0.549100 0.000000 0.000000 -0.628500 -0.769300 -0.114600
-0.140700 0.657000 0.542200 0.000000 0.000000 -0.563500 -0.428900 -0.706000
-0.131400 0.652000 0.539100 0.000000 0.000000 -0.422500 -0.510300 -0.749000
-0.130500 0.648300 0.545700 0.000000 0.000000 -0.378500 -0.903800 -0.199900
-0.121100 0.650300 0.535700 0.000000 0.000000 -0.271100 -0.526700 -0.805700
-0.119100 0.646400 0.541800 0.000000 0.000000 -0.100500 -0.949900 -0.296100
-0.110800 0.652000 0.532200 0.000000 0.000000 -0.118400 -0.497000 -0.859700
-0.107600 0.648300 0.538000 0.000000 0.000000 0.182000 -0.903900 -0.387000
-0.101500 0.657000 0.529100 0.000000 0.000000 0.029900 -0.429300 -0.902600
-0.097300 0.653900 0.534600 0.000000 0.000000 0.435300 -0.768600 -0.468700
-0.094100 0.664700 0.526700 0.000000 0.000000 0.149500 -0.317000 -0.936600
-0.089200 0.662500 0.531800 0.000000 0.000000 0.631500 -0.559500 -0.536800
-0.089400 0.674500 0.525100 0.000000 0.000000 0.211900 -0.164800 -0.963300
-0.083900 0.673400 0.530100 0.000000 0.000000 0.760100 -0.292700 -0.580100
-0.087800 0.685400 0.524500 0.000000 0.000000 0.211100 0.000000 -0.977500
-0.082100 0.685400 0.529500 0.000000 0.000000 0.805200 0.000400 -0.592900
-0.104400 0.660300 0.694700 0.000000 0.000000 -0.768200 -0.586400 0.256800
-0.110200 0.672200 0.696600 0.000000 0.000000 -0.901400 -0.311300 0.300900
-0.153200 0.672200 0.567800 0.000000 0.000000 -0.876900 -0.227700 -0.423300
-0.147500 0.660300 0.565900 0.000000 0.000000 -0.778500 -0.427300 -0.459700
-0.155200 0.685400 0.568500 0.000000 0.000000 -0.917600 0.000000 -0.397600
-0.112200 0.685400 0.697300 0.000000 0.000000 -0.948500 0.000000 0.316700
-0.110200 0.698600 0.696600 0.000000 0.000000 -0.901400 0.311100 0.301200
-0.153200 0.698600 0.567800 0.000000 0.000000 -0.877200 0.226900 -0.423100
-0.104400 0.710500 0.694700 0.000000 0.000000 -0.768000 0.586700 0.256700
-0.147500 0.710500 0.565900 0.000000 0.000000 -0.777200 0.428900 -0.460400
-0.095500 0.720000 0.691700 0.000000 0.000000 -0.560500 0.806700 0.187100
-0.138500 0.720000 0.562900 0.000000 0.000000 -0.627500 0.596000 -0.501000
-0.084200 0.726100 0.687900 0.000000 0.000000 -0.293800 0.950800 0.098100
-0.127200 0.726100 0.559100 0.000000 0.000000 -0.431900 0.702400 -0.565900
-0.071600 0.728200 0.683700 0.000000 0.000000 0.000500 1.000000 -0.000200
-0.114700 0.728200 0.554900 0.000000 0.000000 -0.212300 0.738200 -0.640300
-0.059100 0.726100 0.679500 0.000000 0.000000 0.294800 0.950500 -0.098500
-0.102100 0.726100 0.550800 0.000000 0.000000 0.006400 0.703400 -0.710800
-0.047800 0.720000 0.675800 0.000000 0.000000 0.559100 0.807700 -0.186900
-0.090800 0.720000 0.547000 0.000000 0.000000 0.200100 0.598100 -0.776100
-0.038800 0.710500 0.672800 0.000000 0.000000 0.767700 0.587200 -0.256700
-0.081900 0.710500 0.544000 0.000000 0.000000 0.358400 0.435500 -0.825700
-0.076100 0.698600 0.542100 0.000000 0.000000 0.459600 0.231500 -0.857400
-0.033100 0.698600 0.670800 0.000000 0.000000 0.902300 0.308200 -0.301500
-0.031100 0.685400 0.670200 0.000000 0.000000 0.948500 0.000000 -0.316900
-0.074100 0.685400 0.541400 0.000000 0.000000 0.483300 0.000000 -0.875500
-0.033100 0.672200 0.670800 0.000000 0.000000 0.902200 -0.308400 -0.301600
-0.076100 0.672200 0.542100 0.000000 0.000000 0.459700 -0.231600 -0.857400
-0.081900 0.660300 0.544000 0.000000 0.000000 0.358500 -0.435400 -0.825800
-0.038800 0.660300 0.672800 0.000000 0.000000 0.767800 -0.587000 -0.256700
-0.047800 0.650800 0.675800 0.000000 0.000000 0.556500 -0.809800 -0.185800
-0.090800 0.650800 0.547000 0.000000 0.000000 0.198600 -0.600000 -0.774900
-0.059100 0.644800 0.679500 0.000000 0.000000 0.291800 -0.951500 -0.097500
-0.102100 0.644800 0.550800 0.000000 0.000000 0.003700 -0.703600 -0.710600
-0.114700 0.642700 0.554900 0.000000 0.000000 -0.212300 -0.738200 -0.640300
-0.071600 0.642700 0.683700 0.000000 0.000000 0.000500 -1.000000 -0.000200
-0.084200 0.644800 0.687900 0.000000 0.000000 -0.290800 -0.951800 0.097100
-0.127200 0.644800 0.559100 0.000000 0.000000 -0.429700 -0.702500 -0.567300
-0.095500 0.650800 0.691700 0.000000 0.000000 -0.557800 -0.808800 0.186500
-0.138500 0.650800 0.562900 0.000000 0.000000 -0.624700 -0.599200 -0.500700
-0.095400 0.705100 0.527100 0.000000 0.000000 -0.736900 -0.379000 -0.559800
-0.090900 0.695800 0.525600 0.000000 0.000000 -0.827200 -0.203300 -0.523800
-0.102400 0.712500 0.529400 0.000000 0.000000 -0.600700 -0.527100 -0.601200
-0.111300 0.717200 0.532400 0.000000 0.000000 -0.432400 -0.629700 -0.645400
-0.121100 0.718900 0.535700 0.000000 0.000000 -0.239200 -0.652800 -0.718800
-0.130900 0.717200 0.538900 0.000000 0.000000 -0.050900 -0.617000 -0.785300
-0.139800 0.712500 0.541900 0.000000 0.000000 0.120600 -0.530800 -0.838900
-0.146800 0.705100 0.544300 0.000000 0.000000 0.269500 -0.390100 -0.880400
-0.151300 0.695800 0.545800 0.000000 0.000000 0.350000 -0.201200 -0.914900
-0.152800 0.685400 0.546300 0.000000 0.000000 0.392700 0.001200 -0.919700
-0.151300 0.675100 0.545800 0.000000 0.000000 0.353100 0.198500 -0.914300
-0.146800 0.665700 0.544300 0.000000 0.000000 0.268500 0.391200 -0.880200
-0.139800 0.658300 0.541900 0.000000 0.000000 0.122400 0.529500 -0.839400
-0.130900 0.653600 0.538900 0.000000 0.000000 -0.051200 0.616200 -0.785900
-0.121100 0.651900 0.535700 0.000000 0.000000 -0.240400 0.652400 -0.718700
-0.111300 0.653600 0.532400 0.000000 0.000000 -0.432300 0.630800 -0.644300
-0.102400 0.658300 0.529400 0.000000 0.000000 -0.602000 0.527600 -0.599400
-0.095400 0.665700 0.527100 0.000000 0.000000 -0.736200 0.379100 -0.560600
-0.090900 0.675100 0.525600 0.000000 0.000000 -0.828300 0.201900 -0.522700
-0.089300 0.685400 0.525100 0.000000 0.000000 -0.873100 0.000300 -0.487600
-0.086800 0.695600 0.539900 0.000000 0.000000 -0.914400 -0.311100 0.259100
-0.091200 0.704700 0.541300 0.000000 0.000000 -0.781700 -0.585800 0.214200
-0.098100 0.712000 0.543600 0.000000 0.000000 -0.570200 -0.808300 0.146400
-0.106800 0.716700 0.546500 0.000000 0.000000 -0.304700 -0.950300 0.063500
-0.116400 0.718300 0.549800 0.000000 0.000000 -0.011700 -0.999300 -0.035300
-0.126100 0.716700 0.553000 0.000000 0.000000 0.280500 -0.950800 -0.131400
-0.134800 0.712000 0.555900 0.000000 0.000000 0.546400 -0.807000 -0.224000
-0.141700 0.704700 0.558200 0.000000 0.000000 0.754800 -0.586800 -0.293200
-0.146100 0.695600 0.559700 0.000000 0.000000 0.890200 -0.306900 -0.336700
-0.147600 0.685400 0.560200 0.000000 0.000000 0.936500 -0.000300 -0.350700
-0.146100 0.675200 0.559700 0.000000 0.000000 0.890200 0.307100 -0.336400
-0.141700 0.666100 0.558200 0.000000 0.000000 0.754700 0.586900 -0.293300
-0.134800 0.658800 0.555900 0.000000 0.000000 0.546400 0.807000 -0.224000
-0.126100 0.654100 0.553000 0.000000 0.000000 0.280500 0.950800 -0.131400
-0.116400 0.652500 0.549800 0.000000 0.000000 -0.011700 0.999300 -0.035300
-0.106800 0.654100 0.546500 0.000000 0.000000 -0.303600 0.950800 0.061000
-0.098100 0.658800 0.543600 0.000000 0.000000 -0.572300 0.807200 0.144900
-0.091200 0.666100 0.541300 0.000000 0.000000 -0.781900 0.585100 0.215300
-0.086800 0.675200 0.539900 0.000000 0.000000 -0.913600 0.312000 0.260700
-0.085200 0.685400 0.539300 0.000000 0.000000 -0.960800 -0.000000 0.277400
-0.084500 0.708400 0.545300 0.000000 0.000000 0.063100 0.258800 -0.963900
-0.079200 0.697500 0.543500 0.000000 0.000000 0.132900 0.145000 -0.980500
-0.079800 0.697400 0.542500 0.000000 0.000000 0.927500 0.258000 0.270500
-0.085100 0.708300 0.544300 0.000000 0.000000 0.816400 0.501400 0.286600
-0.077400 0.685400 0.542900 0.000000 0.000000 0.174800 -0.001100 -0.984600
-0.078000 0.685400 0.541900 0.000000 0.000000 0.966300 0.000600 0.257400
-0.079800 0.673400 0.542500 0.000000 0.000000 0.927200 -0.258600 0.270800
-0.079200 0.673300 0.543500 0.000000 0.000000 0.133700 -0.144100 -0.980500
-0.084500 0.662400 0.545300 0.000000 0.000000 0.040800 -0.253800 -0.966400
-0.085100 0.662600 0.544300 0.000000 0.000000 0.821100 -0.504200 0.267600
-0.093200 0.654000 0.547000 0.000000 0.000000 0.646200 -0.693300 0.319000
-0.092700 0.653700 0.548000 0.000000 0.000000 -0.037000 -0.361000 -0.931800
-0.103000 0.648100 0.551500 0.000000 0.000000 -0.152800 -0.414400 -0.897200
-0.103500 0.648400 0.550400 0.000000 0.000000 0.415900 -0.802700 0.427400
-0.114900 0.646500 0.554200 0.000000 0.000000 0.164200 -0.850200 0.500300
-0.114500 0.646200 0.555300 0.000000 0.000000 -0.283700 -0.427400 -0.858400
-0.126300 0.648400 0.558000 0.000000 0.000000 -0.068500 -0.793700 0.604500
-0.126000 0.648100 0.559200 0.000000 0.000000 -0.414500 -0.391200 -0.821700
-0.136400 0.653700 0.562600 0.000000 0.000000 -0.524900 -0.351800 -0.775100
-0.136600 0.654000 0.561500 0.000000 0.000000 -0.313900 -0.687200 0.655100
-0.144600 0.662400 0.565400 0.000000 0.000000 -0.618700 -0.254800 -0.743200
-0.144700 0.662600 0.564200 0.000000 0.000000 -0.491600 -0.501300 0.712000
-0.149900 0.673300 0.567100 0.000000 0.000000 -0.693700 -0.147000 -0.705100
-0.150000 0.673400 0.565900 0.000000 0.000000 -0.579700 -0.256000 0.773600
-0.151700 0.685400 0.567700 0.000000 0.000000 -0.715000 0.000400 -0.699200
-0.151800 0.685400 0.566500 0.000000 0.000000 -0.622200 -0.000400 0.782900
-0.149900 0.697500 0.567100 0.000000 0.000000 -0.694900 0.145800 -0.704100
-0.150000 0.697400 0.565900 0.000000 0.000000 -0.580600 0.255000 0.773200
-0.144600 0.708400 0.565400 0.000000 0.000000 -0.633100 0.263200 -0.728000
-0.144700 0.708300 0.564200 0.000000 0.000000 -0.475900 0.500200 0.723400
-0.136400 0.717100 0.562600 0.000000 0.000000 -0.540800 0.371400 -0.754700
-0.136600 0.716900 0.561500 0.000000 0.000000 -0.294800 0.679500 0.671800
-0.126000 0.722700 0.559200 0.000000 0.000000 -0.410200 0.402600 -0.818300
-0.126300 0.722400 0.558000 0.000000 0.000000 -0.067900 0.795100 0.602700
-0.114900 0.724300 0.554200 0.000000 0.000000 0.164500 0.850100 0.500200
-0.114500 0.724600 0.555300 0.000000 0.000000 -0.283600 0.436300 -0.853900
-0.103000 0.722700 0.551500 0.000000 0.000000 -0.151800 0.423000 -0.893300
-0.103500 0.722400 0.550400 0.000000 0.000000 0.414800 0.803900 0.426100
-0.093200 0.716900 0.547000 0.000000 0.000000 0.640200 0.687100 0.343400
-0.092700 0.717100 0.548000 0.000000 0.000000 -0.015600 0.382700 -0.923700
-0.151300 0.672800 0.567200 0.000000 0.000000 -0.209900 0.033000 -0.977200
-0.145800 0.661500 0.565400 0.000000 0.000000 -0.214400 0.079000 -0.973600
-0.153200 0.685400 0.567800 0.000000 0.000000 -0.212200 0.000400 -0.977200
-0.151300 0.698000 0.567200 0.000000 0.000000 -0.209600 -0.034200 -0.977200
-0.145800 0.709300 0.565400 0.000000 0.000000 -0.213600 -0.077000 -0.973900
-0.137300 0.718300 0.562500 0.000000 0.000000 -0.253000 -0.095000 -0.962800
-0.126600 0.724100 0.558900 0.000000 0.000000 -0.274100 -0.131500 -0.952700
-0.114700 0.726100 0.554900 0.000000 0.000000 -0.311600 -0.128200 -0.941500
-0.102700 0.724100 0.551000 0.000000 0.000000 -0.345700 -0.108200 -0.932100
-0.092000 0.718300 0.547400 0.000000 0.000000 -0.375700 -0.082100 -0.923100
-0.083500 0.709300 0.544500 0.000000 0.000000 -0.405600 -0.071200 -0.911300
-0.078000 0.698000 0.542700 0.000000 0.000000 -0.409700 -0.032800 -0.911600
-0.076100 0.685400 0.542100 0.000000 0.000000 -0.420500 -0.000500 -0.907300
-0.078000 0.672800 0.542700 0.000000 0.000000 -0.409900 0.033400 -0.911500
-0.083500 0.661500 0.544500 0.000000 0.000000 -0.407000 0.070900 -0.910700
-0.092000 0.652500 0.547400 0.000000 0.000000 -0.375800 0.083800 -0.922900
-0.102700 0.646800 0.551000 0.000000 0.000000 -0.348100 0.116600 -0.930200
-0.114700 0.644800 0.554900 0.000000 0.000000 -0.310500 0.137500 -0.940600
-0.126600 0.646800 0.558900 0.000000 0.000000 -0.271900 0.141700 -0.951800
-0.137300 0.652500 0.562500 0.000000 0.000000 -0.249800 0.095000 -0.963600
-0.126800 0.723800 0.557800 0.000000 0.000000 -0.067400 0.796600 0.600800
-0.115000 0.725700 0.553800 0.000000 0.000000 0.167800 0.847600 0.503400
-0.103200 0.723800 0.549900 0.000000 0.000000 0.416600 0.800000 0.431700
-0.092500 0.718000 0.546300 0.000000 0.000000 0.642800 0.688100 0.336700
-0.084100 0.709100 0.543500 0.000000 0.000000 0.820000 0.499900 0.278800
-0.078600 0.697900 0.541700 0.000000 0.000000 0.930400 0.260600 0.257900
-0.076800 0.685400 0.541100 0.000000 0.000000 0.970300 0.001200 0.241900
-0.078600 0.672900 0.541700 0.000000 0.000000 0.930100 -0.261900 0.257700
-0.084100 0.661700 0.543500 0.000000 0.000000 0.818300 -0.500300 0.283200
-0.092500 0.652800 0.546300 0.000000 0.000000 0.643300 -0.686400 0.339300
-0.103200 0.647000 0.549900 0.000000 0.000000 0.415900 -0.801200 0.430200
-0.115000 0.645100 0.553800 0.000000 0.000000 0.169300 -0.847500 0.503000
-0.126800 0.647000 0.557800 0.000000 0.000000 -0.068600 -0.796400 0.600900
-0.137500 0.652800 0.561400 0.000000 0.000000 -0.297300 -0.680100 0.670200
-0.146000 0.661700 0.564200 0.000000 0.000000 -0.477700 -0.496100 0.725100
-0.151400 0.672900 0.566000 0.000000 0.000000 -0.579800 -0.258200 0.772700
-0.153300 0.685400 0.566600 0.000000 0.000000 -0.625400 0.000200 0.780300
-0.151400 0.697900 0.566000 0.000000 0.000000 -0.579700 0.257600 0.773000
-0.146000 0.709100 0.564200 0.000000 0.000000 -0.481000 0.497000 0.722200
-0.137500 0.718000 0.561400 0.000000 0.000000 -0.299800 0.681200 0.667800
0.588100 0.521200 0.600800 0.000000 0.000000 0.222900 0.165200 -0.960700
0.582600 0.532600 0.602600 0.000000 0.000000 0.152500 0.312100 -0.937700
0.588200 0.535200 0.608700 0.000000 0.000000 0.641900 0.559600 -0.524200
0.594400 0.522600 0.606800 0.000000 0.000000 0.771700 0.296000 -0.562900
0.574000 0.541600 0.605300 0.000000 0.000000 0.038200 0.421600 -0.906000
0.578700 0.545200 0.611700 0.000000 0.000000 0.442300 0.768900 -0.461800
0.566700 0.551700 0.615500 0.000000 0.000000 0.187800 0.904300 -0.383500
0.563100 0.547400 0.608800 0.000000 0.000000 -0.096900 0.517300 -0.850300
0.553300 0.553900 0.619700 0.000000 0.000000 -0.094400 0.950400 -0.296300
0.551100 0.549400 0.612600 0.000000 0.000000 -0.256200 0.526700 -0.810600
0.539100 0.547400 0.616400 0.000000 0.000000 -0.413100 0.503400 -0.758900
0.540000 0.551700 0.624000 0.000000 0.000000 -0.376400 0.903500 -0.204900
0.528000 0.545200 0.627800 0.000000 0.000000 -0.627800 0.768100 -0.126200
0.528300 0.541600 0.619800 0.000000 0.000000 -0.548400 0.422600 -0.721600
0.519700 0.532600 0.622500 0.000000 0.000000 -0.666000 0.315100 -0.676100
0.518500 0.535200 0.630800 0.000000 0.000000 -0.826200 0.559900 -0.062200
0.512300 0.522600 0.632700 0.000000 0.000000 -0.955100 0.295500 -0.021900
0.514100 0.521200 0.624300 0.000000 0.000000 -0.739800 0.164800 -0.652400
0.512200 0.508600 0.624900 0.000000 0.000000 -0.760700 0.000600 -0.649100
0.510200 0.508600 0.633400 0.000000 0.000000 -1.000000 -0.000200 -0.006700
0.512300 0.494700 0.632700 0.000000 0.000000 -0.955400 -0.294700 -0.020900
0.514100 0.496000 0.624300 0.000000 0.000000 -0.740300 -0.166900 -0.651300
0.519700 0.484700 0.622500 0.000000 0.000000 -0.663700 -0.313600 -0.679100
0.518500 0.482000 0.630800 0.000000 0.000000 -0.826300 -0.559600 -0.063800
0.528000 0.472000 0.627800 0.000000 0.000000 -0.626800 -0.769100 -0.124700
0.528300 0.475600 0.619800 0.000000 0.000000 -0.548800 -0.421800 -0.721700
0.539100 0.469900 0.616400 0.000000 0.000000 -0.410800 -0.502500 -0.760700
0.540000 0.465600 0.624000 0.000000 0.000000 -0.374100 -0.903800 -0.208000
0.551100 0.467900 0.612600 0.000000 0.000000 -0.256700 -0.526800 -0.810300
0.553300 0.463400 0.619700 0.000000 0.000000 -0.096000 -0.949300 -0.299500
0.563100 0.469900 0.608800 0.000000 0.000000 -0.097600 -0.515200 -0.851500
0.566700 0.465600 0.615500 0.000000 0.000000 0.184100 -0.904100 -0.385700
0.574000 0.475600 0.605300 0.000000 0.000000 0.035200 -0.423600 -0.905200
0.578700 0.472000 0.611700 0.000000 0.000000 0.441000 -0.770100 -0.460900
0.582600 0.484700 0.602600 0.000000 0.000000 0.150100 -0.309300 -0.939000
0.588200 0.482000 0.608700 0.000000 0.000000 0.641500 -0.558800 -0.525600
0.588100 0.496000 0.600800 0.000000 0.000000 0.223700 -0.166100 -0.960400
0.594400 0.494700 0.606800 0.000000 0.000000 0.773000 -0.294700 -0.561900
0.590000 0.508600 0.600200 0.000000 0.000000 0.254300 0.000000 -0.967100
0.596500 0.508600 0.606100 0.000000 0.000000 0.816000 -0.000500 -0.578000
0.567600 0.479500 0.797300 0.000000 0.000000 -0.771000 -0.588200 0.244200
0.560800 0.493300 0.799400 0.000000 0.000000 -0.906100 -0.311000 0.286700
0.513300 0.493300 0.649300 0.000000 0.000000 -0.874600 -0.227400 -0.428300
0.520000 0.479500 0.647100 0.000000 0.000000 -0.773900 -0.432100 -0.463000
0.511000 0.508600 0.650000 0.000000 0.000000 -0.905400 -0.000400 -0.424600
0.558500 0.508600 0.800100 0.000000 0.000000 -0.953400 -0.000500 0.301700
0.560800 0.524000 0.799400 0.000000 0.000000 -0.906300 0.310400 0.287000
0.513300 0.524000 0.649300 0.000000 0.000000 -0.874700 0.227000 -0.428200
0.567600 0.537800 0.797300 0.000000 0.000000 -0.769600 0.590100 0.243900
0.520000 0.537800 0.647100 0.000000 0.000000 -0.773600 0.433300 -0.462300
0.578000 0.548700 0.794000 0.000000 0.000000 -0.561100 0.808400 0.177900
0.530400 0.548700 0.643800 0.000000 0.000000 -0.615300 0.593900 -0.518300
0.591200 0.555800 0.789800 0.000000 0.000000 -0.294900 0.950900 0.093500
0.543600 0.555800 0.639700 0.000000 0.000000 -0.422900 0.711800 -0.560800
0.605800 0.558200 0.785200 0.000000 0.000000 -0.000300 1.000000 0.000100
0.558200 0.558200 0.635000 0.000000 0.000000 -0.203100 0.738700 -0.642700
0.620400 0.555800 0.780500 0.000000 0.000000 0.295300 0.950800 -0.093600
0.572800 0.555800 0.630400 0.000000 0.000000 0.016300 0.705900 -0.708100
0.633600 0.548700 0.776400 0.000000 0.000000 0.560800 0.808700 -0.177600
0.586000 0.548700 0.626200 0.000000 0.000000 0.204200 0.592600 -0.779200
0.644000 0.537800 0.773000 0.000000 0.000000 0.770800 0.588500 -0.243900
0.596500 0.537800 0.622900 0.000000 0.000000 0.367200 0.435400 -0.821900
0.603200 0.524000 0.620800 0.000000 0.000000 0.467100 0.226500 -0.854700
0.650700 0.524000 0.770900 0.000000 0.000000 0.906300 0.310300 -0.286800
0.653100 0.508600 0.770200 0.000000 0.000000 0.953400 -0.000500 -0.301700
0.605500 0.508600 0.620100 0.000000 0.000000 0.505100 -0.000400 -0.863100
0.650700 0.493300 0.770900 0.000000 0.000000 0.906200 -0.310800 -0.286800
0.603200 0.493300 0.620800 0.000000 0.000000 0.466900 -0.226800 -0.854800
0.596500 0.479500 0.622900 0.000000 0.000000 0.367700 -0.433900 -0.822500
0.644000 0.479500 0.773000 0.000000 0.000000 0.772000 -0.586800 -0.244400
0.633600 0.468500 0.776400 0.000000 0.000000 0.560400 -0.809000 -0.177600
0.586000 0.468500 0.626200 0.000000 0.000000 0.203600 -0.594200 -0.778200
0.620400 0.461500 0.780500 0.000000 0.000000 0.292700 -0.951700 -0.092700
0.572800 0.461500 0.630400 0.000000 0.000000 0.015000 -0.705200 -0.708900
0.558200 0.459100 0.635000 0.000000 0.000000 -0.203100 -0.738700 -0.642700
0.605800 0.459100 0.785200 0.000000 0.000000 -0.000300 -1.000000 0.000100
0.591200 0.461500 0.789800 0.000000 0.000000 -0.292300 -0.951800 0.092700
0.543600 0.461500 0.639700 0.000000 0.000000 -0.421000 -0.711900 -0.562000
0.578000 0.468500 0.794000 0.000000 0.000000 -0.560700 -0.808800 0.177700
0.530400 0.468500 0.643800 0.000000 0.000000 -0.615800 -0.594400 -0.517200
0.581100 0.531500 0.603100 0.000000 0.000000 -0.735000 -0.384000 -0.558900
0.586300 0.520600 0.601400 0.000000 0.000000 -0.826300 -0.200200 -0.526500
0.572900 0.540000 0.605700 0.000000 0.000000 -0.595900 -0.540700 -0.593800
0.562500 0.545600 0.608900 0.000000 0.000000 -0.424600 -0.600700 -0.677400
0.551100 0.547500 0.612600 0.000000 0.000000 -0.228500 -0.652900 -0.722100
0.539700 0.545600 0.616200 0.000000 0.000000 -0.035500 -0.617900 -0.785500
0.529400 0.540000 0.619500 0.000000 0.000000 0.150400 -0.538800 -0.828900
0.521200 0.531500 0.622000 0.000000 0.000000 0.270700 -0.383200 -0.883100
0.515900 0.520600 0.623700 0.000000 0.000000 0.358000 -0.201500 -0.911700
0.514100 0.508600 0.624300 0.000000 0.000000 0.396300 0.000900 -0.918100
0.515900 0.496600 0.623700 0.000000 0.000000 0.356800 0.202200 -0.912000
0.521200 0.485800 0.622000 0.000000 0.000000 0.272800 0.380300 -0.883700
0.529400 0.477200 0.619500 0.000000 0.000000 0.147700 0.536400 -0.830900
0.539700 0.471700 0.616200 0.000000 0.000000 -0.038700 0.621000 -0.782900
0.551100 0.469800 0.612600 0.000000 0.000000 -0.228800 0.652800 -0.722100
0.562500 0.471700 0.608900 0.000000 0.000000 -0.418800 0.603100 -0.678900
0.572900 0.477200 0.605700 0.000000 0.000000 -0.598100 0.535400 -0.596300
0.581100 0.485800 0.603100 0.000000 0.000000 -0.735700 0.384900 -0.557200
0.586300 0.496600 0.601400 0.000000 0.000000 -0.825600 0.201200 -0.527200
0.588100 0.508600 0.600800 0.000000 0.000000 -0.851200 0.000000 -0.524900
0.590900 0.520400 0.618000 0.000000 0.000000 -0.918500 -0.307100 0.249100
0.585700 0.531100 0.619700 0.000000 0.000000 -0.782500 -0.587600 0.205900
0.577700 0.539500 0.622200 0.000000 0.000000 -0.571900 -0.808300 0.140200
0.567500 0.544900 0.625400 0.000000 0.000000 -0.307000 -0.950300 0.052700
0.556300 0.546800 0.629000 0.000000 0.000000 -0.012700 -0.999100 -0.039500
0.545000 0.544900 0.632600 0.000000 0.000000 0.285300 -0.949400 -0.131300
0.534900 0.539500 0.635800 0.000000 0.000000 0.547900 -0.809800 -0.209700
0.526800 0.531100 0.638300 0.000000 0.000000 0.760300 -0.587500 -0.277200
0.521700 0.520400 0.640000 0.000000 0.000000 0.895700 -0.306000 -0.322500
0.519900 0.508600 0.640500 0.000000 0.000000 0.941500 0.000000 -0.337000
0.521700 0.496800 0.640000 0.000000 0.000000 0.895300 0.309000 -0.320900
0.526800 0.486200 0.638300 0.000000 0.000000 0.760600 0.587100 -0.277200
0.534900 0.477800 0.635800 0.000000 0.000000 0.549500 0.807300 -0.215100
0.545000 0.472300 0.632600 0.000000 0.000000 0.282800 0.950600 -0.128100
0.556300 0.470500 0.629000 0.000000 0.000000 -0.011600 0.999300 -0.036100
0.567500 0.472300 0.625400 0.000000 0.000000 -0.303900 0.951100 0.055800
0.577700 0.477800 0.622200 0.000000 0.000000 -0.574700 0.806600 0.137900
0.585700 0.486200 0.619700 0.000000 0.000000 -0.782400 0.588200 0.204600
0.590900 0.496800 0.618000 0.000000 0.000000 -0.917900 0.308900 0.248900
0.592600 0.508600 0.617500 0.000000 0.000000 -0.965600 0.000000 0.260200
0.593400 0.535300 0.624400 0.000000 0.000000 0.065400 0.254500 -0.964900
0.599600 0.522700 0.622400 0.000000 0.000000 0.121500 0.135900 -0.983200
0.598800 0.522600 0.621200 0.000000 0.000000 0.928800 0.265900 0.258300
0.592700 0.535100 0.623200 0.000000 0.000000 0.814900 0.501300 0.291000
0.601700 0.508600 0.621700 0.000000 0.000000 0.140000 -0.001100 -0.990100
0.600900 0.508600 0.620600 0.000000 0.000000 0.977600 0.000800 0.210500
0.598800 0.494700 0.621200 0.000000 0.000000 0.928600 -0.266300 0.258300
0.599600 0.494600 0.622400 0.000000 0.000000 0.123100 -0.135000 -0.983200
0.593400 0.481900 0.624400 0.000000 0.000000 0.063400 -0.255500 -0.964700
0.592700 0.482100 0.623200 0.000000 0.000000 0.813900 -0.502200 0.292000
0.583200 0.472200 0.626200 0.000000 0.000000 0.638100 -0.692000 0.337700
0.583800 0.471900 0.627400 0.000000 0.000000 -0.016400 -0.363500 -0.931400
0.571800 0.465400 0.631200 0.000000 0.000000 -0.151500 -0.387100 -0.909500
0.571200 0.465800 0.630000 0.000000 0.000000 0.406800 -0.817200 0.408400
0.558000 0.463500 0.634200 0.000000 0.000000 0.166700 -0.831500 0.529900
0.558400 0.463200 0.635500 0.000000 0.000000 -0.274700 -0.440400 -0.854700
0.544700 0.465800 0.638400 0.000000 0.000000 -0.099500 -0.816000 0.569400
0.545000 0.465400 0.639700 0.000000 0.000000 -0.395700 -0.395300 -0.829000
0.532900 0.471900 0.643500 0.000000 0.000000 -0.519400 -0.365600 -0.772400
0.532700 0.472200 0.642200 0.000000 0.000000 -0.309400 -0.683300 0.661300
0.523300 0.481900 0.646600 0.000000 0.000000 -0.597900 -0.240200 -0.764800
0.523200 0.482100 0.645200 0.000000 0.000000 -0.491100 -0.497800 0.714800
0.517200 0.494600 0.648500 0.000000 0.000000 -0.687300 -0.145200 -0.711700
0.517100 0.494700 0.647100 0.000000 0.000000 -0.590200 -0.259400 0.764400
0.515000 0.508600 0.649200 0.000000 0.000000 -0.682200 0.002000 -0.731200
0.515000 0.508600 0.647800 0.000000 0.000000 -0.658500 0.001500 0.752600
0.517200 0.522700 0.648500 0.000000 0.000000 -0.687400 0.142200 -0.712300
0.517100 0.522600 0.647100 0.000000 0.000000 -0.590000 0.257300 0.765300
0.523300 0.535300 0.646600 0.000000 0.000000 -0.597900 0.244900 -0.763300
0.523200 0.535100 0.645200 0.000000 0.000000 -0.492000 0.499100 0.713400
0.532900 0.545400 0.643500 0.000000 0.000000 -0.523600 0.361700 -0.771400
0.532700 0.545100 0.642200 0.000000 0.000000 -0.312100 0.680400 0.663100
0.545000 0.551900 0.639700 0.000000 0.000000 -0.394400 0.395300 -0.829600
0.544700 0.551500 0.638400 0.000000 0.000000 -0.100800 0.820200 0.563100
0.558000 0.553700 0.634200 0.000000 0.000000 0.161100 0.850800 0.500200
0.558400 0.554100 0.635500 0.000000 0.000000 -0.276700 0.410800 -0.868700
0.571800 0.551900 0.631200 0.000000 0.000000 -0.155700 0.385600 -0.909400
0.571200 0.551500 0.630000 0.000000 0.000000 0.404000 0.820800 0.403800
0.583200 0.545100 0.626200 0.000000 0.000000 0.637600 0.692300 0.337800
0.583800 0.545400 0.627400 0.000000 0.000000 -0.017100 0.361100 -0.932400
0.515500 0.494100 0.648600 0.000000 0.000000 -0.203000 0.034000 -0.978600
0.521900 0.480900 0.646500 0.000000 0.000000 -0.195600 0.082500 -0.977200
0.513300 0.508600 0.649300 0.000000 0.000000 -0.188500 0.000300 -0.982100
0.515500 0.523200 0.648600 0.000000 0.000000 -0.203100 -0.034400 -0.978600
0.521900 0.536300 0.646500 0.000000 0.000000 -0.193500 -0.083000 -0.977600
0.531800 0.546800 0.643400 0.000000 0.000000 -0.233000 -0.094900 -0.967800
0.544300 0.553500 0.639400 0.000000 0.000000 -0.268100 -0.106100 -0.957500
0.558200 0.555800 0.635000 0.000000 0.000000 -0.298900 -0.136800 -0.944400
0.572100 0.553500 0.630600 0.000000 0.000000 -0.335500 -0.115700 -0.934900
0.584600 0.546800 0.626700 0.000000 0.000000 -0.367400 -0.099600 -0.924700
0.594600 0.536300 0.623500 0.000000 0.000000 -0.395100 -0.074600 -0.915600
0.601000 0.523200 0.621500 0.000000 0.000000 -0.403400 -0.035600 -0.914300
0.603200 0.508600 0.620800 0.000000 0.000000 -0.395000 -0.000400 -0.918700
0.601000 0.494100 0.621500 0.000000 0.000000 -0.403800 0.036000 -0.914200
0.594600 0.480900 0.623500 0.000000 0.000000 -0.395600 0.074200 -0.915400
0.584600 0.470500 0.626700 0.000000 0.000000 -0.368500 0.099100 -0.924300
0.572100 0.463800 0.630600 0.000000 0.000000 -0.334200 0.116600 -0.935300
0.558200 0.461500 0.635000 0.000000 0.000000 -0.298300 0.137300 -0.944500
0.544300 0.463800 0.639400 0.000000 0.000000 -0.268700 0.107200 -0.957300
0.531800 0.470500 0.643400 0.000000 0.000000 -0.232500 0.093400 -0.968100
0.544000 0.553100 0.638100 0.000000 0.000000 -0.090800 0.806500 0.584200
0.557800 0.555400 0.633800 0.000000 0.000000 0.163700 0.839800 0.517600
0.571600 0.553100 0.629400 0.000000 0.000000 0.413100 0.799500 0.436000
0.584000 0.546500 0.625400 0.000000 0.000000 0.634600 0.689900 0.348300
0.593900 0.536100 0.622300 0.000000 0.000000 0.815200 0.496500 0.298300
0.600200 0.523100 0.620300 0.000000 0.000000 0.925700 0.260400 0.274400
0.602400 0.508600 0.619600 0.000000 0.000000 0.968300 0.000300 0.249900
0.600200 0.494200 0.620300 0.000000 0.000000 0.925800 -0.260400 0.274200
0.593900 0.481100 0.622300 0.000000 0.000000 0.814900 -0.496800 0.298500
0.584000 0.470800 0.625400 0.000000 0.000000 0.636300 -0.687100 0.350700
0.571600 0.464100 0.629400 0.000000 0.000000 0.412400 -0.798300 0.438900
0.557800 0.461800 0.633800 0.000000 0.000000 0.162700 -0.841300 0.515500
0.544000 0.464100 0.638100 0.000000 0.000000 -0.090700 -0.803900 0.587800
0.531600 0.470800 0.642100 0.000000 0.000000 -0.303000 -0.677400 0.670300
0.521700 0.481100 0.645200 0.000000 0.000000 -0.487400 -0.494200 0.719900
0.515400 0.494200 0.647200 0.000000 0.000000 -0.592900 -0.258000 0.762900
0.513200 0.508600 0.647900 0.000000 0.000000 -0.636300 -0.000200 0.771500
0.515400 0.523100 0.647200 0.000000 0.000000 -0.593100 0.258700 0.762400
0.521700 0.536100 0.645200 0.000000 0.000000 -0.486900 0.493600 0.720600
0.531600 0.546500 0.642100 0.000000 0.000000 -0.305500 0.678300 0.668300
0.487400 0.628700 0.435100 0.000000 0.000000 0.205700 0.274800 -0.939200
0.485400 0.612300 0.432900 0.000000 0.000000 0.207800 0.058100 -0.976400
0.476700 0.613300 0.432300 0.000000 0.000000 0.047700 0.078100 -0.995800
0.478700 0.629000 0.434500 0.000000 0.000000 0.052000 0.318200 -0.946600
0.496100 0.628000 0.438000 0.000000 0.000000 0.549500 0.196600 -0.812100
0.494200 0.610800 0.436000 0.000000 0.000000 0.555300 -0.001000 -0.831600
0.491600 0.593700 0.435100 0.000000 0.000000 0.507000 -0.190100 -0.840700
0.483000 0.595800 0.432300 0.000000 0.000000 0.137200 -0.155000 -0.978300
0.474600 0.597400 0.431900 0.000000 0.000000 0.012800 -0.162800 -0.986600
0.500900 0.609300 0.443500 0.000000 0.000000 0.869000 -0.073800 -0.489400
0.502700 0.627000 0.445400 0.000000 0.000000 0.874700 0.100100 -0.474200
0.505400 0.626100 0.454900 0.000000 0.000000 0.999200 0.039700 0.002800
0.503700 0.608100 0.453400 0.000000 0.000000 0.991500 -0.129600 -0.010600
0.500700 0.590300 0.451900 0.000000 0.000000 0.954400 -0.297500 -0.026400
0.498000 0.591700 0.442400 0.000000 0.000000 0.828500 -0.244900 -0.503700
0.502700 0.625400 0.464500 0.000000 0.000000 0.878300 0.017200 0.477800
0.500900 0.607700 0.463400 0.000000 0.000000 0.870300 -0.153900 0.467900
0.496100 0.625100 0.472000 0.000000 0.000000 0.554500 0.046700 0.830900
0.494200 0.607900 0.471100 0.000000 0.000000 0.553500 -0.142300 0.820600
0.498000 0.590100 0.461600 0.000000 0.000000 0.831100 -0.321700 0.453700
0.491600 0.590900 0.469100 0.000000 0.000000 0.502500 -0.324800 0.801300
0.485400 0.608800 0.474300 0.000000 0.000000 0.203300 -0.107800 0.973200
0.487400 0.625300 0.475000 0.000000 0.000000 0.190500 0.112500 0.975200
0.478700 0.625600 0.475600 0.000000 0.000000 0.054800 0.158900 0.985800
0.476700 0.609700 0.475100 0.000000 0.000000 0.052600 -0.089400 0.994600
0.483000 0.592500 0.472200 0.000000 0.000000 0.140400 -0.312700 0.939400
0.474600 0.594000 0.472900 0.000000 0.000000 0.010500 -0.319800 0.947400
0.462100 0.638300 0.448600 0.000000 0.000000 -0.353400 0.649200 -0.673600
0.464600 0.642600 0.449000 0.000000 0.000000 -0.659300 0.091100 -0.746300
0.479400 0.635100 0.442800 0.000000 0.000000 -0.270800 0.526500 -0.805900
0.465500 0.631300 0.441200 0.000000 0.000000 -0.326100 0.571800 -0.752800
0.471800 0.635200 0.441900 0.000000 0.000000 -0.354600 0.800900 0.482600
0.461100 0.644500 0.456500 0.000000 0.000000 -0.980900 0.187100 0.052800
0.458000 0.639400 0.456100 0.000000 0.000000 -0.554000 0.829400 0.071900
0.468200 0.598000 0.431700 0.000000 0.000000 -0.278300 -0.177400 -0.943900
0.470200 0.613600 0.432200 0.000000 0.000000 -0.090300 0.100800 -0.990800
0.466100 0.613600 0.433000 0.000000 0.000000 -0.613800 0.149300 -0.775200
0.465700 0.601900 0.432700 0.000000 0.000000 -0.603100 0.012100 -0.797600
0.468600 0.625100 0.434700 0.000000 0.000000 -0.567200 0.248400 -0.785200
0.472200 0.629200 0.434300 0.000000 0.000000 -0.265400 0.388400 -0.882500
0.461600 0.592700 0.452100 0.000000 0.000000 0.000000 -0.996700 -0.081400
0.463600 0.592700 0.444800 0.000000 0.000000 -0.072400 -0.992200 -0.101800
0.468700 0.592700 0.444800 0.000000 0.000000 -0.026400 -0.998900 0.038300
0.466700 0.592700 0.452100 0.000000 0.000000 0.000000 -0.996700 -0.081300
0.457200 0.592700 0.444800 0.000000 0.000000 0.000000 -0.977300 -0.211700
0.455300 0.592700 0.452100 0.000000 0.000000 0.000000 -0.996700 -0.081400
0.461200 0.595700 0.438200 0.000000 0.000000 -0.461300 -0.561400 -0.687000
0.466500 0.592400 0.438300 0.000000 0.000000 -0.287300 -0.955500 -0.067200
0.473800 0.591800 0.439100 0.000000 0.000000 -0.139700 -0.990200 -0.007300
0.472200 0.625700 0.475800 0.000000 0.000000 -0.211300 0.216700 0.953100
0.470200 0.610000 0.475300 0.000000 0.000000 -0.086800 -0.078800 0.993100
0.466100 0.610100 0.474500 0.000000 0.000000 -0.606700 0.000600 0.794900
0.468600 0.621700 0.474800 0.000000 0.000000 -0.554100 0.125400 0.822900
0.465700 0.598600 0.472800 0.000000 0.000000 -0.555500 -0.132100 0.820900
0.468200 0.594500 0.473100 0.000000 0.000000 -0.281700 -0.326600 0.902200
0.462100 0.637000 0.463200 0.000000 0.000000 -0.418200 0.517300 0.746700
0.464600 0.641400 0.463600 0.000000 0.000000 -0.653600 0.084000 0.752100
0.471800 0.632900 0.469300 0.000000 0.000000 -0.196900 0.684100 0.702300
0.479400 0.633000 0.468400 0.000000 0.000000 -0.150200 0.451600 0.879500
0.465500 0.628900 0.469300 0.000000 0.000000 -0.362800 0.393800 0.844600
0.463600 0.591500 0.459400 0.000000 0.000000 -0.080400 -0.994300 -0.069900
0.468700 0.591500 0.459400 0.000000 0.000000 0.000000 -0.965300 -0.261200
0.473800 0.589700 0.464800 0.000000 0.000000 -0.126700 -0.978900 -0.160400
0.466500 0.590100 0.465700 0.000000 0.000000 -0.288300 -0.954500 -0.076200
0.461200 0.593300 0.466300 0.000000 0.000000 -0.478800 -0.666900 0.570900
0.457200 0.591500 0.459400 0.000000 0.000000 -0.047700 -0.991900 0.117400
0.423300 0.616400 0.442200 0.000000 0.000000 -0.035100 0.094000 -0.994900
0.430400 0.618200 0.442000 0.000000 0.000000 -0.103300 0.106500 -0.988900
0.428300 0.601300 0.442100 0.000000 0.000000 -0.133100 -0.273000 -0.952800
0.421500 0.601100 0.442400 0.000000 0.000000 0.003700 -0.349400 -0.937000
0.414700 0.600400 0.442300 0.000000 0.000000 0.038500 -0.385100 -0.922100
0.416100 0.613700 0.442000 0.000000 0.000000 0.001300 0.079600 -0.996800
0.416600 0.626900 0.444600 0.000000 0.000000 -0.152000 0.448400 -0.880800
0.424000 0.631600 0.445000 0.000000 0.000000 -0.235300 0.425500 -0.873800
0.431100 0.635100 0.445000 0.000000 0.000000 -0.085100 0.510500 -0.855600
0.415300 0.629900 0.461200 0.000000 0.000000 -0.395000 0.758300 0.518600
0.422400 0.635300 0.461700 0.000000 0.000000 -0.499300 0.692600 0.520500
0.421100 0.635800 0.455800 0.000000 0.000000 -0.570700 0.818200 0.069400
0.414200 0.630400 0.455300 0.000000 0.000000 -0.424200 0.902500 0.075000
0.424000 0.629900 0.465700 0.000000 0.000000 -0.247400 0.273200 0.929600
0.416600 0.625100 0.465300 0.000000 0.000000 -0.152100 0.293600 0.943700
0.429400 0.639400 0.462300 0.000000 0.000000 -0.086300 0.876800 0.473000
0.431100 0.633300 0.466400 0.000000 0.000000 -0.083800 0.355000 0.931100
0.427900 0.639900 0.456200 0.000000 0.000000 -0.174200 0.981400 0.081100
0.423300 0.614400 0.465900 0.000000 0.000000 -0.031900 -0.080700 0.996200
0.430400 0.616200 0.466400 0.000000 0.000000 -0.103900 -0.065100 0.992500
0.416100 0.611700 0.465700 0.000000 0.000000 0.005700 -0.093500 0.995600
0.414700 0.598700 0.463100 0.000000 0.000000 0.030400 -0.527900 0.848800
0.421500 0.599400 0.463100 0.000000 0.000000 -0.003600 -0.485200 0.874400
0.428300 0.599500 0.463500 0.000000 0.000000 -0.135800 -0.431600 0.891800
0.418300 0.596000 0.452400 0.000000 0.000000 0.010200 -0.996600 -0.081800
0.419400 0.595200 0.458300 0.000000 0.000000 -0.000400 -0.960600 0.277800
0.413200 0.595000 0.458300 0.000000 0.000000 0.041900 -0.965400 0.257400
0.412500 0.595700 0.452400 0.000000 0.000000 0.057100 -0.995700 -0.072300
0.425700 0.594900 0.458500 0.000000 0.000000 -0.142600 -0.933300 0.329500
0.424300 0.595800 0.452400 0.000000 0.000000 -0.112500 -0.990000 -0.085200
0.453000 0.636100 0.448400 0.000000 0.000000 -0.166800 0.847500 -0.503900
0.455100 0.629200 0.442300 0.000000 0.000000 -0.108200 0.419800 -0.901200
0.443500 0.635200 0.448500 0.000000 0.000000 0.116900 0.920700 -0.372300
0.445500 0.629900 0.442700 0.000000 0.000000 0.012800 0.468200 -0.883500
0.451100 0.636900 0.455800 0.000000 0.000000 -0.246200 0.964500 0.095000
0.441800 0.635000 0.455700 0.000000 0.000000 0.135400 0.986400 0.092800
0.453000 0.634900 0.463100 0.000000 0.000000 -0.163700 0.767600 0.619700
0.443500 0.634000 0.462800 0.000000 0.000000 0.118700 0.860300 0.495700
0.445500 0.627800 0.467700 0.000000 0.000000 -0.004100 0.295600 0.955300
0.455100 0.627100 0.467900 0.000000 0.000000 -0.093700 0.257700 0.961700
0.462200 0.610500 0.469300 0.000000 0.000000 -0.440600 -0.032100 0.897100
0.454300 0.610600 0.468400 0.000000 0.000000 -0.076700 -0.079600 0.993900
0.444700 0.611500 0.468100 0.000000 0.000000 -0.083000 -0.081800 0.993200
0.442200 0.596000 0.465000 0.000000 0.000000 -0.112900 -0.523700 0.844400
0.451600 0.595400 0.465300 0.000000 0.000000 -0.098100 -0.556600 0.825000
0.448300 0.591500 0.459400 0.000000 0.000000 -0.032400 -0.974000 0.224100
0.439200 0.592000 0.459300 0.000000 0.000000 -0.130500 -0.955700 0.263800
0.437600 0.593100 0.452200 0.000000 0.000000 -0.131200 -0.987900 -0.082800
0.446600 0.592700 0.452100 0.000000 0.000000 -0.025900 -0.996400 -0.081200
0.448300 0.592700 0.444800 0.000000 0.000000 -0.056300 -0.929500 -0.364400
0.439200 0.593200 0.445000 0.000000 0.000000 -0.136200 -0.898400 -0.417600
0.442200 0.598100 0.440000 0.000000 0.000000 -0.120600 -0.370100 -0.921100
0.451600 0.597600 0.439600 0.000000 0.000000 -0.139200 -0.350300 -0.926200
0.454300 0.613000 0.439100 0.000000 0.000000 -0.078400 0.090500 -0.992800
0.462200 0.613100 0.438200 0.000000 0.000000 -0.438900 0.138900 -0.887700
0.444700 0.613900 0.439500 0.000000 0.000000 -0.086200 0.084100 -0.992700
0.486800 0.633900 0.440800 0.000000 0.000000 0.047200 0.670300 -0.740600
0.494200 0.633700 0.442700 0.000000 0.000000 0.418500 0.697900 -0.581100
0.495700 0.633700 0.440300 0.000000 0.000000 0.380800 0.776900 -0.501400
0.487500 0.634000 0.437800 0.000000 0.000000 0.129100 0.838900 -0.528700
0.479200 0.634100 0.437500 0.000000 0.000000 0.041400 0.824800 -0.564000
0.481000 0.590100 0.437200 0.000000 0.000000 -0.237700 -0.967900 -0.081500
0.473700 0.592000 0.433900 0.000000 0.000000 -0.108400 -0.786300 -0.608200
0.481800 0.590200 0.434100 0.000000 0.000000 -0.086500 -0.750100 -0.655700
0.489700 0.588000 0.436400 0.000000 0.000000 0.188400 -0.760100 -0.621900
0.488200 0.588000 0.438800 0.000000 0.000000 -0.213300 -0.968200 -0.130500
0.501800 0.633100 0.446800 0.000000 0.000000 0.622600 0.729100 -0.284300
0.499500 0.633200 0.448200 0.000000 0.000000 0.644800 0.708400 -0.287000
0.501700 0.632600 0.455500 0.000000 0.000000 0.701700 0.709100 0.069300
0.504300 0.632300 0.455500 0.000000 0.000000 0.735000 0.675300 0.061800
0.495600 0.586000 0.442900 0.000000 0.000000 0.429300 -0.803600 -0.412200
0.493300 0.586200 0.444200 0.000000 0.000000 -0.163200 -0.976800 -0.138600
0.498000 0.584600 0.451500 0.000000 0.000000 0.529800 -0.845200 -0.070400
0.495400 0.585000 0.451500 0.000000 0.000000 -0.150800 -0.984800 -0.086200
0.501800 0.631600 0.464100 0.000000 0.000000 0.630100 0.668300 0.395400
0.499500 0.632000 0.462800 0.000000 0.000000 0.618900 0.666200 0.416100
0.494200 0.631500 0.468300 0.000000 0.000000 0.365500 0.672100 0.644000
0.495700 0.631200 0.470700 0.000000 0.000000 0.375900 0.699500 0.607700
0.495600 0.584500 0.460100 0.000000 0.000000 0.434100 -0.861100 0.264800
0.493300 0.584900 0.458900 0.000000 0.000000 -0.158400 -0.986800 -0.034900
0.489700 0.585400 0.466800 0.000000 0.000000 0.175700 -0.854100 0.489600
0.488200 0.585800 0.464500 0.000000 0.000000 -0.227600 -0.973500 -0.020900
0.486800 0.631400 0.470100 0.000000 0.000000 0.044300 0.621300 0.782300
0.479200 0.631100 0.473500 0.000000 0.000000 0.055700 0.711400 0.700600
0.487500 0.631000 0.473200 0.000000 0.000000 0.110800 0.741700 0.661500
0.481000 0.587600 0.466500 0.000000 0.000000 -0.256900 -0.964800 -0.055700
0.481800 0.587200 0.469500 0.000000 0.000000 -0.088000 -0.849700 0.519800
0.473700 0.588900 0.470000 0.000000 0.000000 -0.109800 -0.883200 0.455900
0.467500 0.592500 0.433900 0.000000 0.000000 -0.317000 -0.741700 -0.591100
0.464200 0.597700 0.434300 0.000000 0.000000 -0.647600 -0.142100 -0.748600
0.468100 0.628900 0.436900 0.000000 0.000000 -0.597100 0.425300 -0.680100
0.464800 0.613300 0.435600 0.000000 0.000000 -0.803100 0.155200 -0.575300
0.472800 0.634100 0.437400 0.000000 0.000000 -0.283400 0.783100 -0.553500
0.468100 0.625900 0.473200 0.000000 0.000000 -0.629200 0.322700 0.707000
0.472800 0.631100 0.473600 0.000000 0.000000 -0.284400 0.679800 0.676000
0.464800 0.610300 0.471900 0.000000 0.000000 -0.810200 0.040900 0.584700
0.464200 0.594700 0.470500 0.000000 0.000000 -0.660000 -0.253700 0.707100
0.467500 0.589500 0.470100 0.000000 0.000000 -0.320100 -0.826000 0.464000
0.436000 0.638400 0.449400 0.000000 0.000000 0.291600 0.918600 -0.266800
0.437900 0.633200 0.443900 0.000000 0.000000 0.053900 0.507800 -0.859800
0.429400 0.640400 0.450100 0.000000 0.000000 -0.083500 0.945000 -0.316300
0.434400 0.637800 0.456000 0.000000 0.000000 0.339600 0.937400 0.076900
0.436000 0.637300 0.462600 0.000000 0.000000 0.298000 0.857200 0.420000
0.437900 0.631200 0.467100 0.000000 0.000000 0.065700 0.355900 0.932200
0.437200 0.614300 0.467300 0.000000 0.000000 -0.133300 -0.064800 0.989000
0.434800 0.597900 0.464300 0.000000 0.000000 -0.206900 -0.438500 0.874600
0.432000 0.593400 0.458900 0.000000 0.000000 -0.230400 -0.919800 0.317700
0.430400 0.594500 0.452300 0.000000 0.000000 -0.201200 -0.975700 -0.087100
0.432000 0.594600 0.445600 0.000000 0.000000 -0.225700 -0.855600 -0.465800
0.425700 0.595900 0.446300 0.000000 0.000000 -0.148000 -0.867900 -0.474100
0.434800 0.599800 0.441100 0.000000 0.000000 -0.203700 -0.284900 -0.936700
0.437200 0.616500 0.440800 0.000000 0.000000 -0.136600 0.099300 -0.985600
0.422400 0.636300 0.449900 0.000000 0.000000 -0.493800 0.773400 -0.397500
0.415300 0.630900 0.449400 0.000000 0.000000 -0.393800 0.835000 -0.384200
0.400000 0.613000 0.439800 0.000000 0.000000 0.324100 0.045000 -0.945000
0.399600 0.598400 0.440800 0.000000 0.000000 0.260300 -0.413800 -0.872400
0.393400 0.597200 0.441000 0.000000 0.000000 0.091400 -0.536000 -0.839300
0.393300 0.613100 0.438500 0.000000 0.000000 0.152300 0.021700 -0.988100
0.386400 0.613200 0.437700 0.000000 0.000000 -0.018300 0.025900 -0.999500
0.386400 0.596300 0.440300 0.000000 0.000000 0.006700 -0.569800 -0.821700
0.386400 0.629700 0.441100 0.000000 0.000000 -0.008300 0.513100 -0.858300
0.393500 0.628800 0.441700 0.000000 0.000000 0.189800 0.500400 -0.844700
0.400300 0.627300 0.442800 0.000000 0.000000 0.380700 0.478400 -0.791300
0.386400 0.635400 0.447600 0.000000 0.000000 -0.031300 0.943100 -0.331000
0.386300 0.635200 0.455700 0.000000 0.000000 -0.072500 0.994100 0.081000
0.392800 0.634100 0.455600 0.000000 0.000000 0.225200 0.971000 0.080600
0.393100 0.634300 0.448000 0.000000 0.000000 0.230100 0.919400 -0.318900
0.399100 0.632200 0.455400 0.000000 0.000000 0.495700 0.865100 0.076600
0.399600 0.632300 0.448400 0.000000 0.000000 0.455300 0.845000 -0.280300
0.399600 0.631200 0.462400 0.000000 0.000000 0.468500 0.783900 0.407400
0.393100 0.633000 0.463200 0.000000 0.000000 0.229900 0.849600 0.474600
0.386400 0.634100 0.463700 0.000000 0.000000 -0.035800 0.876500 0.480100
0.393500 0.626500 0.468400 0.000000 0.000000 0.191500 0.347800 0.917800
0.386400 0.627400 0.469200 0.000000 0.000000 -0.015800 0.365500 0.930700
0.400300 0.625300 0.467100 0.000000 0.000000 0.382900 0.347000 0.856100
0.393300 0.610500 0.469000 0.000000 0.000000 0.151700 -0.141500 0.978200
0.400000 0.610600 0.467700 0.000000 0.000000 0.322000 -0.113300 0.939900
0.386400 0.610500 0.469800 0.000000 0.000000 -0.018100 -0.140400 0.989900
0.386400 0.594300 0.464400 0.000000 0.000000 0.005300 -0.697800 0.716200
0.393400 0.595300 0.463900 0.000000 0.000000 0.087000 -0.667900 0.739200
0.399600 0.596400 0.464300 0.000000 0.000000 0.237800 -0.546200 0.803200
0.394600 0.591000 0.452000 0.000000 0.000000 0.076000 -0.993600 -0.084000
0.386700 0.589800 0.451900 0.000000 0.000000 0.041700 -0.995800 -0.081700
0.399700 0.592600 0.447000 0.000000 0.000000 0.261200 -0.886800 -0.381200
0.399700 0.591700 0.457200 0.000000 0.000000 0.275100 -0.936000 0.219600
0.400600 0.592500 0.452100 0.000000 0.000000 0.612900 -0.787300 -0.066500
0.413200 0.595900 0.446400 0.000000 0.000000 0.049000 -0.906800 -0.418700
0.419400 0.596200 0.446500 0.000000 0.000000 0.006200 -0.898600 -0.438600
0.401300 0.599300 0.441400 0.000000 0.000000 0.861800 -0.189200 -0.470600
0.402000 0.612900 0.440900 0.000000 0.000000 0.924500 -0.002000 -0.381100
0.401600 0.612800 0.441900 0.000000 0.000000 0.853500 0.007000 -0.521000
0.401000 0.600100 0.442300 0.000000 0.000000 0.884100 -0.244300 -0.398400
0.402400 0.626200 0.443600 0.000000 0.000000 0.902500 0.210400 -0.375700
0.402000 0.625300 0.444400 0.000000 0.000000 0.894300 0.293100 -0.338200
0.383800 0.629400 0.441400 0.000000 0.000000 -0.596500 0.407800 -0.691300
0.383800 0.613100 0.438100 0.000000 0.000000 -0.596700 0.018800 -0.802300
0.383400 0.613000 0.439100 0.000000 0.000000 -0.928600 0.007200 -0.371000
0.383400 0.628500 0.442200 0.000000 0.000000 -0.942000 0.145400 -0.302600
0.383800 0.596500 0.440600 0.000000 0.000000 -0.556100 -0.470200 -0.685300
0.383400 0.597100 0.441400 0.000000 0.000000 -0.928400 -0.203700 -0.310700
0.383400 0.632600 0.455500 0.000000 0.000000 -0.975800 0.218100 0.015100
0.383800 0.634400 0.455600 0.000000 0.000000 -0.728000 0.683400 0.053800
0.383800 0.634800 0.447800 0.000000 0.000000 -0.650900 0.720800 -0.238200
0.383400 0.633200 0.448200 0.000000 0.000000 -0.971700 0.225100 -0.071400
0.401600 0.630700 0.448900 0.000000 0.000000 0.920700 0.386800 -0.052400
0.401100 0.629100 0.449200 0.000000 0.000000 0.890100 0.455500 0.016200
0.400900 0.630400 0.455300 0.000000 0.000000 0.959600 0.279200 0.035500
0.400400 0.628600 0.455200 0.000000 0.000000 0.816200 0.575800 0.047000
0.401100 0.628100 0.461100 0.000000 0.000000 0.888700 0.454500 0.060100
0.401600 0.629600 0.461700 0.000000 0.000000 0.920700 0.371600 0.119300
0.402400 0.624400 0.466100 0.000000 0.000000 0.904200 0.159900 0.396000
0.402000 0.623600 0.465200 0.000000 0.000000 0.896900 0.234700 0.374700
0.383400 0.632000 0.462800 0.000000 0.000000 -0.970100 0.209600 0.122200
0.383400 0.626300 0.467900 0.000000 0.000000 -0.938300 0.095300 0.332300
0.383800 0.627100 0.468800 0.000000 0.000000 -0.606900 0.286700 0.741300
0.383800 0.633500 0.463400 0.000000 0.000000 -0.654500 0.666800 0.356400
0.402000 0.610700 0.466600 0.000000 0.000000 0.925000 -0.064700 0.374500
0.401600 0.610800 0.465600 0.000000 0.000000 0.855100 -0.081400 0.512100
0.401300 0.597400 0.463900 0.000000 0.000000 0.854600 -0.254300 0.452800
0.401000 0.598300 0.463000 0.000000 0.000000 0.877400 -0.311300 0.365000
0.383800 0.594500 0.464100 0.000000 0.000000 -0.562000 -0.580200 0.589600
0.383800 0.610500 0.469400 0.000000 0.000000 -0.595900 -0.115000 0.794800
0.383400 0.610600 0.468400 0.000000 0.000000 -0.928600 -0.054400 0.367000
0.383400 0.595300 0.463400 0.000000 0.000000 -0.934800 -0.236900 0.264500
0.383800 0.590000 0.451900 0.000000 0.000000 -0.532000 -0.843700 -0.071400
0.383400 0.591000 0.452000 0.000000 0.000000 -0.929100 -0.368900 -0.027000
0.401100 0.594000 0.445800 0.000000 0.000000 0.755500 -0.467100 -0.459400
0.400700 0.595500 0.446400 0.000000 0.000000 0.891200 -0.421500 -0.167400
0.400700 0.595000 0.452300 0.000000 0.000000 0.813700 -0.578600 -0.055800
0.401200 0.593300 0.452200 0.000000 0.000000 0.982800 -0.184200 -0.014900
0.400700 0.594500 0.458200 0.000000 0.000000 0.892600 -0.438400 0.105600
0.401100 0.593000 0.458600 0.000000 0.000000 0.829400 -0.490500 0.267600
0.407300 0.628600 0.455200 0.000000 0.000000 -0.114600 0.990000 0.082700
0.408200 0.629100 0.449200 0.000000 0.000000 -0.112000 0.941000 -0.319300
0.409300 0.625300 0.444400 0.000000 0.000000 -0.044100 0.495900 -0.867200
0.408200 0.628100 0.461100 0.000000 0.000000 -0.111700 0.875000 0.471100
0.409300 0.623600 0.465200 0.000000 0.000000 -0.044800 0.349800 0.935800
0.408900 0.610800 0.465600 0.000000 0.000000 -0.002400 -0.090700 0.995900
0.407800 0.598400 0.463000 0.000000 0.000000 0.010000 -0.530600 0.847600
0.406600 0.595300 0.452400 0.000000 0.000000 0.052500 -0.995200 -0.082700
0.407000 0.594700 0.458300 0.000000 0.000000 0.039300 -0.960500 0.275500
0.407800 0.600100 0.442300 0.000000 0.000000 0.010600 -0.382900 -0.923700
0.407000 0.595700 0.446400 0.000000 0.000000 0.028900 -0.903900 -0.426800
0.408900 0.612800 0.441900 0.000000 0.000000 0.001000 0.079800 -0.996800
0.435000 0.731000 0.454600 0.000000 0.000000 -0.897800 -0.068700 -0.435000
0.439800 0.735500 0.448500 0.000000 0.000000 -0.639400 0.144000 -0.755200
0.441400 0.734100 0.449300 0.000000 0.000000 -0.362400 -0.282900 -0.888000
0.436900 0.729900 0.455000 0.000000 0.000000 -0.658200 -0.519900 -0.544600
0.435100 0.727800 0.463100 0.000000 0.000000 -0.757200 -0.651200 -0.050100
0.433200 0.728700 0.463200 0.000000 0.000000 -0.981400 -0.191700 -0.010600
0.444800 0.712800 0.461800 0.000000 0.000000 -0.815000 -0.577900 -0.043800
0.446800 0.714800 0.453200 0.000000 0.000000 -0.703200 -0.464500 -0.538300
0.457600 0.697700 0.452500 0.000000 0.000000 -0.842400 -0.093600 -0.530600
0.455600 0.696100 0.460300 0.000000 0.000000 -0.991000 -0.133700 -0.002500
0.452100 0.718700 0.447000 0.000000 0.000000 -0.390400 -0.232400 -0.890800
0.462700 0.700600 0.446800 0.000000 0.000000 -0.469300 -0.022000 -0.882800
0.460000 0.677900 0.443600 0.000000 0.000000 -0.466500 -0.033600 -0.883900
0.452200 0.674900 0.449800 0.000000 0.000000 -0.804600 -0.155200 -0.573100
0.449100 0.673200 0.458300 0.000000 0.000000 -0.965200 -0.261300 -0.008200
0.462200 0.663900 0.449100 0.000000 0.000000 -0.701400 -0.321300 -0.636200
0.459900 0.662700 0.457400 0.000000 0.000000 -0.899300 -0.436600 -0.023600
0.474600 0.660700 0.442500 0.000000 0.000000 -0.337700 -0.058800 -0.939400
0.476300 0.644700 0.441100 0.000000 0.000000 -0.405300 -0.112300 -0.907300
0.463300 0.652600 0.448100 0.000000 0.000000 -0.761900 -0.053900 -0.645400
0.460700 0.654500 0.456700 0.000000 0.000000 -0.996300 -0.086100 0.002300
0.453200 0.746600 0.449400 0.000000 0.000000 0.037800 0.712600 -0.700600
0.454200 0.744400 0.450100 0.000000 0.000000 0.443900 0.328100 -0.833900
0.447800 0.739400 0.447600 0.000000 0.000000 0.043200 0.034700 -0.998500
0.446500 0.741300 0.446700 0.000000 0.000000 -0.303600 0.449300 -0.840200
0.459400 0.723500 0.445200 0.000000 0.000000 0.029300 0.047100 -0.998500
0.469900 0.704100 0.445000 0.000000 0.000000 0.030900 0.099400 -0.994600
0.466800 0.727900 0.447700 0.000000 0.000000 0.453900 0.302200 -0.838200
0.477100 0.707200 0.447300 0.000000 0.000000 0.481400 0.255100 -0.838600
0.482100 0.684700 0.444200 0.000000 0.000000 0.374800 0.216000 -0.901600
0.471100 0.681400 0.441700 0.000000 0.000000 -0.033000 0.095700 -0.994900
0.482900 0.662300 0.440500 0.000000 0.000000 0.033700 0.081500 -0.996100
0.491200 0.663500 0.442700 0.000000 0.000000 0.499100 0.183300 -0.846900
0.493600 0.640600 0.440600 0.000000 0.000000 0.487200 -0.043600 -0.872200
0.485200 0.640500 0.438500 0.000000 0.000000 -0.050500 -0.137700 -0.989200
0.460600 0.748300 0.464700 0.000000 0.000000 0.847400 0.529500 0.039500
0.458700 0.747500 0.456500 0.000000 0.000000 0.735800 0.502700 -0.453700
0.458000 0.750000 0.456200 0.000000 0.000000 0.277700 0.890200 -0.361000
0.460000 0.750900 0.464900 0.000000 0.000000 0.386200 0.919700 0.070100
0.482300 0.709000 0.453400 0.000000 0.000000 0.805300 0.368100 -0.464800
0.472100 0.730700 0.454500 0.000000 0.000000 0.758500 0.464700 -0.456900
0.474200 0.731300 0.463200 0.000000 0.000000 0.868900 0.493600 0.037900
0.484400 0.709300 0.461300 0.000000 0.000000 0.924800 0.379500 0.025600
0.490100 0.686600 0.450700 0.000000 0.000000 0.768200 0.313500 -0.558300
0.493200 0.686800 0.459300 0.000000 0.000000 0.946100 0.323100 0.020600
0.497100 0.664000 0.449000 0.000000 0.000000 0.850400 0.209800 -0.482500
0.499500 0.663700 0.457300 0.000000 0.000000 0.982600 0.185500 0.009300
0.502100 0.639700 0.455300 0.000000 0.000000 0.999600 0.023800 -0.014700
0.499700 0.640300 0.446900 0.000000 0.000000 0.859800 0.008900 -0.510600
0.458100 0.748600 0.473400 0.000000 0.000000 0.280400 0.816600 0.504500
0.453400 0.744000 0.479600 0.000000 0.000000 0.062500 0.573800 0.816600
0.454300 0.741900 0.478500 0.000000 0.000000 0.455600 0.171300 0.873500
0.458800 0.746100 0.472700 0.000000 0.000000 0.737600 0.418400 0.529900
0.472200 0.729200 0.471700 0.000000 0.000000 0.762800 0.381600 0.522000
0.482400 0.707700 0.469100 0.000000 0.000000 0.808000 0.284800 0.515800
0.477200 0.704800 0.474800 0.000000 0.000000 0.485800 0.109300 0.867200
0.466900 0.725400 0.478000 0.000000 0.000000 0.462500 0.158900 0.872300
0.482300 0.682200 0.474000 0.000000 0.000000 0.393000 0.052700 0.918000
0.490200 0.685200 0.467800 0.000000 0.000000 0.774700 0.202500 0.599000
0.497200 0.662600 0.465600 0.000000 0.000000 0.848400 0.135900 0.511600
0.491300 0.661000 0.471800 0.000000 0.000000 0.509300 0.056300 0.858800
0.499800 0.638900 0.463700 0.000000 0.000000 0.870900 -0.018900 0.491100
0.493800 0.638100 0.470000 0.000000 0.000000 0.500200 -0.101700 0.859900
0.447900 0.736600 0.480200 0.000000 0.000000 0.052900 -0.141400 0.988500
0.446700 0.738300 0.481400 0.000000 0.000000 -0.287600 0.292600 0.912000
0.439900 0.733000 0.478700 0.000000 0.000000 -0.646400 0.035200 0.762200
0.441600 0.731700 0.477700 0.000000 0.000000 -0.365300 -0.412300 0.834600
0.470100 0.701400 0.476600 0.000000 0.000000 0.041800 -0.071300 0.996600
0.459600 0.720600 0.479800 0.000000 0.000000 0.041500 -0.118100 0.992100
0.452200 0.716100 0.477300 0.000000 0.000000 -0.384400 -0.379600 0.841500
0.462800 0.698200 0.474300 0.000000 0.000000 -0.452700 -0.163900 0.876500
0.460200 0.675400 0.473500 0.000000 0.000000 -0.438700 -0.195100 0.877200
0.471300 0.678600 0.475900 0.000000 0.000000 -0.030300 -0.083700 0.996000
0.483000 0.659500 0.473800 0.000000 0.000000 0.035800 -0.084200 0.995800
0.474800 0.658200 0.471700 0.000000 0.000000 -0.322300 -0.197500 0.925800
0.476400 0.642200 0.470400 0.000000 0.000000 -0.368300 -0.205200 0.906800
0.485300 0.637600 0.472100 0.000000 0.000000 -0.048200 -0.222200 0.973800
0.435100 0.729500 0.471900 0.000000 0.000000 -0.892000 -0.145400 0.428000
0.437000 0.728500 0.471300 0.000000 0.000000 -0.653700 -0.606000 0.453300
0.446900 0.713300 0.470500 0.000000 0.000000 -0.701400 -0.547900 0.455800
0.457600 0.696400 0.468200 0.000000 0.000000 -0.853100 -0.170500 0.493000
0.452200 0.673500 0.466900 0.000000 0.000000 -0.812500 -0.257400 0.523100
0.462300 0.662400 0.465800 0.000000 0.000000 -0.707500 -0.422300 0.566600
0.463400 0.651200 0.464900 0.000000 0.000000 -0.770100 -0.146700 0.620800
0.435800 0.730900 0.463300 0.000000 0.000000 -0.644000 0.762300 0.065400
0.437300 0.732700 0.456500 0.000000 0.000000 -0.635500 0.768200 0.077400
0.441100 0.736400 0.451500 0.000000 0.000000 -0.642600 0.764300 0.053300
0.446500 0.741000 0.450100 0.000000 0.000000 -0.639000 0.766500 0.064600
0.451900 0.745300 0.452300 0.000000 0.000000 -0.635700 0.769400 0.062500
0.455800 0.748000 0.457700 0.000000 0.000000 -0.641000 0.764000 0.073500
0.457300 0.748700 0.464800 0.000000 0.000000 -0.633600 0.771100 0.062700
0.455800 0.746800 0.471600 0.000000 0.000000 -0.646000 0.760600 0.064800
0.452000 0.743200 0.476500 0.000000 0.000000 -0.634300 0.768400 0.084600
0.446600 0.738600 0.478000 0.000000 0.000000 -0.637000 0.766000 0.086300
0.441200 0.734300 0.475800 0.000000 0.000000 -0.637000 0.768300 0.062200
0.437400 0.731500 0.470400 0.000000 0.000000 -0.631500 0.772700 0.064100
0.450500 0.735800 0.445800 0.000000 0.000000 -0.085700 0.190300 -0.978000
0.443400 0.730300 0.447600 0.000000 0.000000 -0.492000 -0.101200 -0.864700
0.438300 0.725800 0.453900 0.000000 0.000000 -0.784600 -0.340900 -0.517900
0.436400 0.723500 0.462700 0.000000 0.000000 -0.885100 -0.464100 -0.034400
0.438400 0.724300 0.471700 0.000000 0.000000 -0.782500 -0.423100 0.456800
0.443500 0.727600 0.478700 0.000000 0.000000 -0.490700 -0.245300 0.836100
0.450600 0.732800 0.481300 0.000000 0.000000 -0.075000 0.023800 0.996900
0.457700 0.738400 0.479500 0.000000 0.000000 0.324800 0.326500 0.887600
0.462700 0.742800 0.473200 0.000000 0.000000 0.621300 0.564500 0.543400
0.464700 0.745100 0.464400 0.000000 0.000000 0.729900 0.681400 0.054100
0.462700 0.744300 0.455400 0.000000 0.000000 0.617500 0.650800 -0.441800
0.457600 0.741100 0.448500 0.000000 0.000000 0.320200 0.472400 -0.821200
0.183900 0.709300 0.460500 0.000000 0.000000 0.730400 -0.466000 0.499400
0.168500 0.672400 0.457400 0.000000 0.000000 0.806700 -0.298100 0.510300
0.161100 0.675500 0.444300 0.000000 0.000000 0.454900 -0.063700 -0.888300
0.177300 0.714200 0.447600 0.000000 0.000000 0.406300 -0.159900 -0.899700
0.202900 0.747500 0.450400 0.000000 0.000000 0.330700 -0.255300 -0.908500
0.208300 0.741000 0.463100 0.000000 0.000000 0.601900 -0.642700 0.473900
0.240100 0.765400 0.465200 0.000000 0.000000 0.422600 -0.774300 0.471000
0.236300 0.773100 0.452500 0.000000 0.000000 0.234600 -0.330900 -0.914000
0.277200 0.780700 0.466500 0.000000 0.000000 0.218300 -0.856600 0.467600
0.275200 0.789100 0.453900 0.000000 0.000000 0.121600 -0.380200 -0.916900
0.317000 0.794600 0.454300 0.000000 0.000000 -0.000100 -0.394000 -0.919100
0.317000 0.785900 0.466900 0.000000 0.000000 -0.000300 -0.884300 0.466800
0.358700 0.789100 0.453900 0.000000 0.000000 -0.121700 -0.380200 -0.916900
0.356700 0.780700 0.466500 0.000000 0.000000 -0.218200 -0.856600 0.467600
0.393800 0.765400 0.465200 0.000000 0.000000 -0.422800 -0.773900 0.471500
0.397600 0.773100 0.452500 0.000000 0.000000 -0.234600 -0.330500 -0.914200
0.425600 0.741000 0.463100 0.000000 0.000000 -0.601800 -0.642800 0.473900
0.431000 0.747500 0.450400 0.000000 0.000000 -0.330200 -0.255700 -0.908600
0.456700 0.714200 0.447600 0.000000 0.000000 -0.404500 -0.158600 -0.900700
0.450000 0.709300 0.460500 0.000000 0.000000 -0.731500 -0.466900 0.496900
0.465400 0.672400 0.457400 0.000000 0.000000 -0.805900 -0.310900 0.503800
0.472800 0.675500 0.444300 0.000000 0.000000 -0.457900 -0.070800 -0.886200
0.477800 0.650500 0.442200 0.000000 0.000000 -0.489600 0.023600 -0.871600
0.470200 0.653200 0.455700 0.000000 0.000000 -0.838900 -0.153500 0.522200
0.472800 0.592200 0.437300 0.000000 0.000000 -0.470100 0.214600 -0.856100
0.467000 0.573300 0.435700 0.000000 0.000000 -0.441900 0.253900 -0.860400
0.459900 0.574800 0.449200 0.000000 0.000000 -0.784400 0.280400 0.553300
0.465400 0.593100 0.450700 0.000000 0.000000 -0.839400 0.212500 0.500200
0.431000 0.520200 0.431300 0.000000 0.000000 -0.330600 0.403700 -0.853100
0.425600 0.524500 0.445000 0.000000 0.000000 -0.596600 0.549400 0.585000
0.450000 0.556200 0.447600 0.000000 0.000000 -0.722200 0.416900 0.552000
0.456700 0.553500 0.434100 0.000000 0.000000 -0.402900 0.327000 -0.854800
0.397600 0.494600 0.429100 0.000000 0.000000 -0.167100 0.471900 -0.865700
0.393800 0.500100 0.442900 0.000000 0.000000 -0.297400 0.710300 0.638000
0.378200 0.492100 0.428900 0.000000 0.000000 -0.063100 0.572900 -0.817200
0.375300 0.498000 0.442700 0.000000 0.000000 -0.099900 0.812500 0.574400
0.277200 0.495900 0.442600 0.000000 0.000000 0.103700 0.825700 0.554500
0.275200 0.489600 0.428700 0.000000 0.000000 0.068900 0.598500 -0.798100
0.255800 0.492100 0.428900 0.000000 0.000000 0.063100 0.573000 -0.817100
0.258700 0.498000 0.442700 0.000000 0.000000 0.102600 0.811500 0.575200
0.202900 0.520200 0.431300 0.000000 0.000000 0.330700 0.403500 -0.853100
0.208300 0.524500 0.445000 0.000000 0.000000 0.597400 0.548900 0.584700
0.240100 0.500100 0.442900 0.000000 0.000000 0.297000 0.710400 0.638000
0.236300 0.494600 0.429100 0.000000 0.000000 0.166700 0.471900 -0.865700
0.183900 0.556200 0.447600 0.000000 0.000000 0.720500 0.417600 0.553500
0.177300 0.553500 0.434100 0.000000 0.000000 0.404900 0.328900 -0.853200
0.166900 0.573300 0.435700 0.000000 0.000000 0.441100 0.253300 -0.861000
0.174000 0.574800 0.449200 0.000000 0.000000 0.784800 0.277700 0.554000
0.156100 0.650500 0.442200 0.000000 0.000000 0.486000 0.018900 -0.873700
0.163700 0.653200 0.455700 0.000000 0.000000 0.831200 -0.169300 0.529600
0.163400 0.643300 0.455200 0.000000 0.000000 0.958900 -0.034400 0.281600
0.155600 0.633900 0.440800 0.000000 0.000000 0.376800 0.067200 -0.923800
0.162500 0.722700 0.448300 0.000000 0.000000 -0.459600 0.335200 -0.822400
0.144700 0.679800 0.444700 0.000000 0.000000 -0.499900 0.223900 -0.836600
0.190900 0.759500 0.451400 0.000000 0.000000 -0.373800 0.443200 -0.814800
0.227800 0.787700 0.453700 0.000000 0.000000 -0.264700 0.528100 -0.806900
0.270800 0.805500 0.455200 0.000000 0.000000 -0.137900 0.580900 -0.802200
0.317000 0.811500 0.455700 0.000000 0.000000 0.000100 0.597200 -0.802100
0.363100 0.805500 0.455200 0.000000 0.000000 0.137900 0.580800 -0.802300
0.406100 0.787700 0.453700 0.000000 0.000000 0.263800 0.527400 -0.807600
0.443100 0.759500 0.451400 0.000000 0.000000 0.374500 0.443200 -0.814400
0.471400 0.722700 0.448300 0.000000 0.000000 0.459700 0.335200 -0.822400
0.489200 0.679800 0.444700 0.000000 0.000000 0.499800 0.224200 -0.836600
0.494800 0.652500 0.442400 0.000000 0.000000 0.518100 0.131600 -0.845100
0.489200 0.587900 0.437000 0.000000 0.000000 0.487700 -0.081700 -0.869200
0.482800 0.567500 0.435300 0.000000 0.000000 0.483800 -0.124300 -0.866300
0.471400 0.545000 0.433400 0.000000 0.000000 0.442500 -0.206400 -0.872700
0.443100 0.508200 0.430300 0.000000 0.000000 0.375100 -0.302300 -0.876300
0.406100 0.480000 0.427900 0.000000 0.000000 0.214100 -0.441900 -0.871100
0.384600 0.476600 0.427600 0.000000 0.000000 0.081700 -0.426800 -0.900600
0.270800 0.473200 0.427300 0.000000 0.000000 -0.077800 -0.396600 -0.914700
0.249300 0.476600 0.427600 0.000000 0.000000 -0.080000 -0.426100 -0.901100
0.227800 0.480000 0.427900 0.000000 0.000000 -0.216700 -0.440100 -0.871400
0.190900 0.508200 0.430300 0.000000 0.000000 -0.374500 -0.302200 -0.876600
0.162500 0.545000 0.433400 0.000000 0.000000 -0.442500 -0.206700 -0.872600
0.151100 0.567500 0.435300 0.000000 0.000000 -0.483000 -0.124600 -0.866700
0.138700 0.633900 0.440800 0.000000 0.000000 -0.507100 0.087400 -0.857500
0.139200 0.652500 0.442400 0.000000 0.000000 -0.516000 0.129800 -0.846700
0.136500 0.680800 0.459500 0.000000 0.000000 -0.956700 0.290200 0.022800
0.155200 0.725700 0.463300 0.000000 0.000000 -0.866000 0.498300 0.042100
0.184900 0.764300 0.466500 0.000000 0.000000 -0.706500 0.705300 0.058500
0.223600 0.793800 0.469000 0.000000 0.000000 -0.500000 0.863100 0.071000
0.268600 0.812400 0.470600 0.000000 0.000000 -0.259100 0.962200 0.083300
0.317000 0.818800 0.471100 0.000000 0.000000 -0.000200 0.996600 0.082300
0.365300 0.812400 0.470600 0.000000 0.000000 0.259900 0.962000 0.083400
0.410400 0.793800 0.469000 0.000000 0.000000 0.499200 0.863600 0.070900
0.449100 0.764300 0.466500 0.000000 0.000000 0.707400 0.704500 0.057800
0.478700 0.725700 0.463300 0.000000 0.000000 0.866200 0.497900 0.041900
0.497400 0.680800 0.459500 0.000000 0.000000 0.956700 0.290200 0.022800
0.503200 0.652200 0.457100 0.000000 0.000000 0.993400 0.114800 0.008300
0.497400 0.584400 0.451400 0.000000 0.000000 0.953400 -0.300400 -0.028700
0.490700 0.563300 0.449700 0.000000 0.000000 0.927000 -0.373700 -0.031600
0.478700 0.539500 0.447700 0.000000 0.000000 0.847500 -0.528900 -0.044700
0.449100 0.501000 0.444400 0.000000 0.000000 0.707500 -0.704000 -0.061600
0.410400 0.471400 0.442000 0.000000 0.000000 0.405100 -0.911100 -0.076300
0.387800 0.467600 0.441600 0.000000 0.000000 0.162500 -0.983000 -0.085100
0.268600 0.463800 0.441300 0.000000 0.000000 -0.167000 -0.982600 -0.081000
0.246100 0.467600 0.441600 0.000000 0.000000 -0.162300 -0.983300 -0.082200
0.184900 0.501000 0.444400 0.000000 0.000000 -0.706800 -0.704800 -0.061200
0.223600 0.471400 0.442000 0.000000 0.000000 -0.405500 -0.911100 -0.073900
0.155200 0.539500 0.447700 0.000000 0.000000 -0.847200 -0.529400 -0.044600
0.143200 0.563300 0.449700 0.000000 0.000000 -0.926800 -0.374400 -0.031100
0.130200 0.632600 0.455500 0.000000 0.000000 -0.999700 0.025900 0.003800
0.130700 0.652200 0.457100 0.000000 0.000000 -0.993700 0.111400 0.008100
0.144700 0.677400 0.474000 0.000000 0.000000 -0.499600 0.080800 0.862500
0.162500 0.720200 0.477600 0.000000 0.000000 -0.459700 0.193400 0.866800
0.190900 0.757000 0.480700 0.000000 0.000000 -0.374300 0.302200 0.876700
0.227800 0.785300 0.483100 0.000000 0.000000 -0.265400 0.387200 0.883000
0.270800 0.803000 0.484500 0.000000 0.000000 -0.137500 0.439600 0.887600
0.317000 0.809100 0.485100 0.000000 0.000000 -0.000300 0.456500 0.889700
0.363100 0.803000 0.484500 0.000000 0.000000 0.138400 0.439400 0.887600
0.406100 0.785300 0.483100 0.000000 0.000000 0.263400 0.387000 0.883600
0.443100 0.757000 0.480700 0.000000 0.000000 0.374900 0.301600 0.876600
0.471400 0.720200 0.477600 0.000000 0.000000 0.459700 0.192900 0.866800
0.489200 0.677400 0.474000 0.000000 0.000000 0.499500 0.081100 0.862500
0.494800 0.650000 0.471700 0.000000 0.000000 0.516500 -0.012600 0.856200
0.489200 0.585400 0.466300 0.000000 0.000000 0.485500 -0.223400 0.845200
0.482800 0.565000 0.464600 0.000000 0.000000 0.482000 -0.265800 0.834900
0.471400 0.542500 0.462700 0.000000 0.000000 0.441900 -0.348900 0.826400
0.443100 0.505700 0.459600 0.000000 0.000000 0.375900 -0.445100 0.812800
0.406100 0.477500 0.457200 0.000000 0.000000 0.214400 -0.580000 0.785900
0.384600 0.474100 0.456900 0.000000 0.000000 0.078900 -0.572800 0.815900
0.270800 0.470800 0.456700 0.000000 0.000000 -0.078100 -0.540800 0.837500
0.249300 0.474100 0.456900 0.000000 0.000000 -0.080200 -0.573300 0.815400
0.227800 0.477500 0.457200 0.000000 0.000000 -0.215000 -0.581600 0.784500
0.190900 0.505700 0.459600 0.000000 0.000000 -0.375000 -0.445700 0.812900
0.162500 0.542500 0.462700 0.000000 0.000000 -0.441800 -0.349600 0.826200
0.151100 0.565000 0.464600 0.000000 0.000000 -0.482400 -0.266300 0.834500
0.138700 0.631400 0.470100 0.000000 0.000000 -0.505500 -0.060000 0.860700
0.139200 0.650000 0.471700 0.000000 0.000000 -0.514500 -0.014600 0.857300
0.177300 0.711800 0.476900 0.000000 0.000000 0.406100 -0.308100 0.860300
0.161100 0.673000 0.473600 0.000000 0.000000 0.456200 -0.211700 0.864300
0.202900 0.745100 0.479700 0.000000 0.000000 0.330800 -0.403800 0.852900
0.236300 0.770600 0.481800 0.000000 0.000000 0.235600 -0.479100 0.845600
0.275200 0.786700 0.483200 0.000000 0.000000 0.119900 -0.522300 0.844300
0.317000 0.792200 0.483600 0.000000 0.000000 -0.000500 -0.539800 0.841800
0.358700 0.786700 0.483200 0.000000 0.000000 -0.119500 -0.522200 0.844400
0.397600 0.770600 0.481800 0.000000 0.000000 -0.235600 -0.479000 0.845600
0.431000 0.745100 0.479700 0.000000 0.000000 -0.330700 -0.403900 0.853000
0.456700 0.711800 0.476900 0.000000 0.000000 -0.404000 -0.306900 0.861800
0.472800 0.673000 0.473600 0.000000 0.000000 -0.459200 -0.218800 0.861000
0.477800 0.648000 0.471500 0.000000 0.000000 -0.490300 -0.122300 0.862900
0.472800 0.589800 0.466600 0.000000 0.000000 -0.473700 0.070800 0.877800
0.467000 0.570800 0.465100 0.000000 0.000000 -0.443100 0.109100 0.889800
0.456700 0.551000 0.463400 0.000000 0.000000 -0.403900 0.180900 0.896700
0.431000 0.517700 0.460600 0.000000 0.000000 -0.330800 0.256900 0.908000
0.397600 0.492200 0.458500 0.000000 0.000000 -0.171400 0.321600 0.931200
0.378200 0.489600 0.458200 0.000000 0.000000 -0.062900 0.430700 0.900300
0.275200 0.487100 0.458000 0.000000 0.000000 0.064400 0.462200 0.884400
0.255800 0.489600 0.458200 0.000000 0.000000 0.067200 0.429300 0.900700
0.202900 0.517700 0.460600 0.000000 0.000000 0.331100 0.256000 0.908200
0.236300 0.492200 0.458500 0.000000 0.000000 0.168500 0.320700 0.932100
0.177300 0.551000 0.463400 0.000000 0.000000 0.405900 0.183100 0.895400
0.166900 0.570800 0.465100 0.000000 0.000000 0.443200 0.107500 0.890000
0.156100 0.648000 0.471500 0.000000 0.000000 0.485700 -0.126200 0.865000
0.155600 0.631400 0.470100 0.000000 0.000000 0.374400 -0.090400 0.922800
0.168500 0.672100 0.460200 0.000000 0.000000 0.807800 -0.208000 -0.551500
0.183900 0.709100 0.463300 0.000000 0.000000 0.722600 -0.369400 -0.584300
0.208300 0.740800 0.466000 0.000000 0.000000 0.594600 -0.545900 -0.590200
0.240100 0.765100 0.468000 0.000000 0.000000 0.416300 -0.673200 -0.611100
0.277200 0.780400 0.469300 0.000000 0.000000 0.216300 -0.760100 -0.612700
0.317000 0.785600 0.469800 0.000000 0.000000 0.000400 -0.803100 -0.595800
0.356700 0.780400 0.469300 0.000000 0.000000 -0.217100 -0.759500 -0.613200
0.393800 0.765100 0.468000 0.000000 0.000000 -0.416400 -0.673100 -0.611100
0.425600 0.740800 0.466000 0.000000 0.000000 -0.594500 -0.546000 -0.590300
0.450000 0.709100 0.463300 0.000000 0.000000 -0.723000 -0.370800 -0.582900
0.465400 0.672100 0.460200 0.000000 0.000000 -0.806700 -0.222100 -0.547700
0.470200 0.652900 0.458600 0.000000 0.000000 -0.831400 -0.061900 -0.552200
0.465400 0.592900 0.453600 0.000000 0.000000 -0.845500 0.286000 -0.451000
0.459900 0.574500 0.452000 0.000000 0.000000 -0.773900 0.367600 -0.515700
0.450000 0.555900 0.450500 0.000000 0.000000 -0.717900 0.499700 -0.484700
0.425600 0.524200 0.447800 0.000000 0.000000 -0.590800 0.636800 -0.495400
0.393800 0.499900 0.445800 0.000000 0.000000 -0.302100 0.803000 -0.513700
0.375300 0.497700 0.445600 0.000000 0.000000 -0.098800 0.893300 -0.438500
0.277200 0.495600 0.445400 0.000000 0.000000 0.099200 0.912100 -0.397700
0.258700 0.497700 0.445600 0.000000 0.000000 0.106500 0.892600 -0.438100
0.208300 0.524200 0.447800 0.000000 0.000000 0.591700 0.635800 -0.495600
0.240100 0.499900 0.445800 0.000000 0.000000 0.296700 0.803500 -0.516200
0.183900 0.555900 0.450500 0.000000 0.000000 0.716300 0.500600 -0.486100
0.174000 0.574500 0.452000 0.000000 0.000000 0.776100 0.361900 -0.516400
0.163400 0.643100 0.457600 0.000000 0.000000 0.959100 0.004100 -0.283100
0.163700 0.652900 0.458600 0.000000 0.000000 0.822100 -0.078600 -0.564000
0.358700 0.489600 0.428700 0.000000 0.000000 -0.068600 0.598700 -0.798000
0.356700 0.495900 0.442600 0.000000 0.000000 -0.109200 0.837600 0.535300
0.356700 0.495600 0.445400 0.000000 0.000000 -0.106900 0.918200 -0.381400
0.358700 0.487100 0.458000 0.000000 0.000000 -0.067900 0.458600 0.886100
0.363100 0.470800 0.456700 0.000000 0.000000 0.078100 -0.540800 0.837500
0.365300 0.463800 0.441300 0.000000 0.000000 0.167000 -0.982600 -0.081000
0.363100 0.473200 0.427300 0.000000 0.000000 0.077800 -0.396600 -0.914700
0.470500 0.643300 0.455200 0.000000 0.000000 -0.958900 -0.034400 0.281600
0.478300 0.633900 0.440800 0.000000 0.000000 -0.377300 0.066500 -0.923700
0.470500 0.643100 0.457600 0.000000 0.000000 -0.961100 0.003200 -0.276200
0.478300 0.631400 0.470100 0.000000 0.000000 -0.375000 -0.089100 0.922700
0.495300 0.631400 0.470100 0.000000 0.000000 0.505500 -0.060000 0.860700
0.503800 0.632600 0.455500 0.000000 0.000000 0.999600 0.028600 0.003800
0.495300 0.633900 0.440800 0.000000 0.000000 0.507700 0.087200 -0.857100
0.161100 0.592200 0.437300 0.000000 0.000000 0.468000 0.215700 -0.857000
0.168500 0.593100 0.450700 0.000000 0.000000 0.837500 0.215600 0.502100
0.168500 0.592900 0.453600 0.000000 0.000000 0.842000 0.296400 -0.450800
0.161100 0.589800 0.466600 0.000000 0.000000 0.471500 0.074500 0.878700
0.144700 0.585400 0.466300 0.000000 0.000000 -0.486800 -0.222400 0.844800
0.136500 0.584400 0.451400 0.000000 0.000000 -0.953800 -0.299100 -0.027500
0.144700 0.587900 0.437000 0.000000 0.000000 -0.486700 -0.080200 -0.869900
0.160900 0.653200 0.458700 0.000000 0.000000 0.713600 -0.035000 -0.699600
0.160900 0.653400 0.455700 0.000000 0.000000 0.717300 -0.145500 0.681500
0.165800 0.673000 0.457400 0.000000 0.000000 0.682500 -0.284200 0.673300
0.165800 0.672700 0.460300 0.000000 0.000000 0.679000 -0.164400 -0.715500
0.181400 0.710600 0.460600 0.000000 0.000000 0.637700 -0.424500 0.642700
0.181400 0.710300 0.463500 0.000000 0.000000 0.623800 -0.299400 -0.721900
0.206300 0.742900 0.463300 0.000000 0.000000 0.524700 -0.580400 0.622800
0.206300 0.742600 0.466200 0.000000 0.000000 0.512600 -0.451400 -0.730400
0.238700 0.767700 0.465400 0.000000 0.000000 0.369800 -0.695800 0.615700
0.238700 0.767400 0.468300 0.000000 0.000000 0.358400 -0.559500 -0.747300
0.276500 0.783200 0.466700 0.000000 0.000000 0.188100 -0.758300 0.624200
0.276500 0.783000 0.469600 0.000000 0.000000 0.187400 -0.645200 -0.740700
0.317000 0.788600 0.467100 0.000000 0.000000 0.000700 -0.791500 0.611200
0.317000 0.788300 0.470000 0.000000 0.000000 0.001600 -0.671200 -0.741300
0.357500 0.783200 0.466700 0.000000 0.000000 -0.189800 -0.757900 0.624100
0.357500 0.783000 0.469600 0.000000 0.000000 -0.190200 -0.644900 -0.740200
0.395200 0.767400 0.468300 0.000000 0.000000 -0.358100 -0.559800 -0.747200
0.395200 0.767700 0.465400 0.000000 0.000000 -0.369400 -0.696300 0.615400
0.427600 0.742900 0.463300 0.000000 0.000000 -0.525100 -0.579900 0.622900
0.427600 0.742600 0.466200 0.000000 0.000000 -0.512600 -0.451400 -0.730400
0.452500 0.710300 0.463500 0.000000 0.000000 -0.623800 -0.299800 -0.721800
0.452500 0.710600 0.460600 0.000000 0.000000 -0.637500 -0.424400 0.643000
0.468100 0.673000 0.457400 0.000000 0.000000 -0.682600 -0.284100 0.673300
0.468100 0.672700 0.460300 0.000000 0.000000 -0.679500 -0.164200 -0.715100
0.473000 0.653400 0.455700 0.000000 0.000000 -0.717300 -0.145900 0.681300
0.473000 0.653200 0.458700 0.000000 0.000000 -0.713400 -0.033200 -0.700000
0.473300 0.643300 0.455200 0.000000 0.000000 -0.721200 -0.055500 0.690500
0.473300 0.643100 0.457600 0.000000 0.000000 -0.717800 0.050400 -0.694400
0.468100 0.592200 0.450600 0.000000 0.000000 -0.670600 0.142200 0.728100
0.462500 0.573600 0.449100 0.000000 0.000000 -0.671500 0.215900 0.708900
0.462500 0.573300 0.452000 0.000000 0.000000 -0.664800 0.331000 -0.669700
0.468100 0.592000 0.453500 0.000000 0.000000 -0.670400 0.256600 -0.696200
0.452500 0.554600 0.447500 0.000000 0.000000 -0.616400 0.335900 0.712200
0.452500 0.554400 0.450400 0.000000 0.000000 -0.606900 0.443300 -0.659700
0.427600 0.522300 0.444800 0.000000 0.000000 -0.520000 0.462900 0.717900
0.427600 0.522100 0.447700 0.000000 0.000000 -0.510900 0.566700 -0.646400
0.395200 0.497500 0.442700 0.000000 0.000000 -0.287700 0.651700 0.701800
0.395200 0.497300 0.445600 0.000000 0.000000 -0.283800 0.749100 -0.598600
0.376400 0.495300 0.442500 0.000000 0.000000 -0.082500 0.649500 0.755900
0.376400 0.495100 0.445400 0.000000 0.000000 -0.080900 0.752300 -0.653900
0.357500 0.492900 0.445200 0.000000 0.000000 -0.073800 0.726600 -0.683100
0.357500 0.493200 0.442300 0.000000 0.000000 -0.073200 0.581800 0.810100
0.276500 0.493200 0.442300 0.000000 0.000000 0.073900 0.592600 0.802100
0.257600 0.495300 0.442500 0.000000 0.000000 0.082100 0.650500 0.755100
0.257600 0.495100 0.445400 0.000000 0.000000 0.079100 0.753000 -0.653300
0.276500 0.492900 0.445200 0.000000 0.000000 0.078000 0.734000 -0.674600
0.238700 0.497500 0.442700 0.000000 0.000000 0.287500 0.651800 0.701800
0.238700 0.497300 0.445600 0.000000 0.000000 0.283600 0.749200 -0.598600
0.206300 0.522300 0.444800 0.000000 0.000000 0.520100 0.462500 0.718000
0.206300 0.522100 0.447700 0.000000 0.000000 0.511100 0.566300 -0.646600
0.181400 0.554600 0.447500 0.000000 0.000000 0.616000 0.336600 0.712200
0.181400 0.554400 0.450400 0.000000 0.000000 0.606500 0.443500 -0.659900
0.171400 0.573600 0.449100 0.000000 0.000000 0.671900 0.215500 0.708600
0.171400 0.573300 0.452000 0.000000 0.000000 0.664900 0.329100 -0.670600
0.165800 0.592200 0.450600 0.000000 0.000000 0.670600 0.142200 0.728100
0.165800 0.592000 0.453500 0.000000 0.000000 0.667800 0.260300 -0.697400
0.160600 0.643100 0.457600 0.000000 0.000000 0.719300 0.054000 -0.692600
0.160600 0.643300 0.455200 0.000000 0.000000 0.721200 -0.055600 0.690500
0.221700 0.676400 0.473900 0.000000 0.000000 -0.372300 0.595900 0.711500
0.221700 0.677600 0.459900 0.000000 0.000000 -0.501700 0.858300 0.107600
0.216000 0.672300 0.459500 0.000000 0.000000 -0.949600 0.311500 0.035500
0.216000 0.671200 0.473500 0.000000 0.000000 -0.743900 0.201300 0.637200
0.265300 0.688200 0.460800 0.000000 0.000000 0.417900 0.907600 0.039000
0.265300 0.687000 0.474800 0.000000 0.000000 0.320300 0.626300 0.710800
0.291100 0.664700 0.472900 0.000000 0.000000 0.201100 0.483200 0.852100
0.291100 0.665900 0.459000 0.000000 0.000000 0.352600 0.934900 0.040000
0.317000 0.664700 0.472900 0.000000 0.000000 0.000000 0.634200 0.773200
0.317000 0.665900 0.459000 0.000000 0.000000 0.000000 0.999100 0.043000
0.342800 0.664700 0.472900 0.000000 0.000000 -0.201100 0.483200 0.852100
0.342800 0.665900 0.459000 0.000000 0.000000 -0.352600 0.934900 0.040000
0.368600 0.687000 0.474800 0.000000 0.000000 -0.320400 0.627300 0.709800
0.368600 0.688200 0.460800 0.000000 0.000000 -0.416800 0.908200 0.039000
0.374500 0.689100 0.460900 0.000000 0.000000 0.071000 0.996500 0.043300
0.374500 0.687900 0.474900 0.000000 0.000000 0.052000 0.686500 0.725300
0.414500 0.649800 0.471400 0.000000 0.000000 0.660500 -0.459600 0.593700
0.389600 0.630600 0.469600 0.000000 0.000000 0.383200 -0.565400 0.730400
0.389600 0.631700 0.456500 0.000000 0.000000 0.612700 -0.789600 -0.033200
0.414500 0.650900 0.457900 0.000000 0.000000 0.851700 -0.520100 -0.064000
0.365400 0.645400 0.470800 0.000000 0.000000 -0.007600 -0.095800 0.995400
0.373400 0.640500 0.470400 0.000000 0.000000 -0.010000 -0.096200 0.995300
0.375200 0.660000 0.472300 0.000000 0.000000 -0.004800 -0.087800 0.996100
0.366900 0.665100 0.472700 0.000000 0.000000 -0.003200 -0.099500 0.995000
0.341900 0.660600 0.472300 0.000000 0.000000 0.006200 -0.148900 0.988800
0.341200 0.656900 0.471800 0.000000 0.000000 0.001600 -0.126400 0.992000
0.317000 0.660600 0.472300 0.000000 0.000000 0.000000 -0.149200 0.988800
0.317000 0.656900 0.471800 0.000000 0.000000 0.000000 -0.133900 0.991000
0.292000 0.660600 0.472300 0.000000 0.000000 -0.006600 -0.148500 0.988900
0.292800 0.656900 0.471800 0.000000 0.000000 -0.001600 -0.126400 0.992000
0.267000 0.665100 0.472700 0.000000 0.000000 0.006500 -0.100700 0.994900
0.268600 0.645400 0.470800 0.000000 0.000000 0.006900 -0.095400 0.995400
0.252500 0.635500 0.470000 0.000000 0.000000 0.005000 -0.094100 0.995500
0.250400 0.654900 0.471900 0.000000 0.000000 0.002100 -0.086500 0.996200
0.219400 0.649800 0.471400 0.000000 0.000000 -0.669100 -0.448900 0.592300
0.244400 0.630600 0.469600 0.000000 0.000000 -0.382000 -0.565900 0.730700
0.244400 0.631700 0.456500 0.000000 0.000000 -0.610200 -0.791600 -0.032500
0.219400 0.650900 0.457900 0.000000 0.000000 -0.860700 -0.505300 -0.062400
0.250400 0.656100 0.457700 0.000000 0.000000 0.002700 0.073100 -0.997300
0.252500 0.636700 0.456300 0.000000 0.000000 0.004800 0.072500 -0.997400
0.244400 0.631700 0.455900 0.000000 0.000000 -0.387300 -0.447700 -0.805900
0.219400 0.651000 0.457300 0.000000 0.000000 -0.666400 -0.321000 -0.672900
0.292000 0.661800 0.458200 0.000000 0.000000 0.001500 0.020600 -0.999800
0.292800 0.658100 0.458100 0.000000 0.000000 0.013000 0.029800 -0.999500
0.268600 0.646600 0.457100 0.000000 0.000000 0.001700 0.074200 -0.997200
0.267000 0.666300 0.458600 0.000000 0.000000 0.004000 0.071700 -0.997400
0.317000 0.661800 0.458200 0.000000 0.000000 0.000000 0.013500 -0.999900
0.317000 0.658100 0.458100 0.000000 0.000000 0.000000 0.027000 -0.999600
0.341900 0.661800 0.458200 0.000000 0.000000 -0.001900 0.020000 -0.999800
0.341200 0.658100 0.458100 0.000000 0.000000 -0.013300 0.029500 -0.999500
0.366900 0.666300 0.458600 0.000000 0.000000 -0.005600 0.071200 -0.997400
0.365400 0.646600 0.457100 0.000000 0.000000 -0.001700 0.074200 -0.997200
0.375200 0.661200 0.458100 0.000000 0.000000 -0.006600 0.076300 -0.997100
0.373400 0.641600 0.456700 0.000000 0.000000 -0.006000 0.072900 -0.997300
0.219000 0.653800 0.457500 0.000000 0.000000 -0.664900 0.499400 -0.555400
0.246500 0.658900 0.457900 0.000000 0.000000 -0.334400 0.319900 -0.886500
0.266800 0.669200 0.458800 0.000000 0.000000 0.002200 0.069600 -0.997600
0.291900 0.662300 0.458200 0.000000 0.000000 -0.007700 0.016500 -0.999800
0.317000 0.662300 0.458200 0.000000 0.000000 0.000000 0.018500 -0.999800
0.342100 0.662300 0.458200 0.000000 0.000000 0.010400 0.017200 -0.999800
0.367100 0.669200 0.458800 0.000000 0.000000 -0.002000 0.072100 -0.997400
0.375100 0.664900 0.458400 0.000000 0.000000 -0.005900 0.077900 -0.996900
0.415000 0.652600 0.471700 0.000000 0.000000 0.670000 0.405100 0.622000
0.415000 0.653800 0.458100 0.000000 0.000000 0.799200 0.600900 0.014100
0.375100 0.663700 0.472600 0.000000 0.000000 -0.002800 -0.088900 0.996000
0.367100 0.668000 0.473000 0.000000 0.000000 0.001500 -0.097900 0.995200
0.342100 0.661200 0.472400 0.000000 0.000000 0.011200 -0.161900 0.986700
0.317000 0.661200 0.472400 0.000000 0.000000 0.000000 -0.158200 0.987400
0.291900 0.661200 0.472400 0.000000 0.000000 -0.013500 -0.157400 0.987400
0.266800 0.668000 0.473000 0.000000 0.000000 0.001400 -0.095700 0.995400
0.246500 0.657800 0.472100 0.000000 0.000000 -0.377400 0.176600 0.909100
0.219000 0.652600 0.471700 0.000000 0.000000 -0.660700 0.415000 0.625500
0.219000 0.653800 0.458100 0.000000 0.000000 -0.789900 0.613000 0.014300
0.260500 0.640500 0.470400 0.000000 0.000000 0.009900 -0.095900 0.995300
0.258700 0.660000 0.472300 0.000000 0.000000 0.004500 -0.088700 0.996000
0.258800 0.663700 0.472600 0.000000 0.000000 -0.000800 -0.087300 0.996200
0.259500 0.687900 0.474900 0.000000 0.000000 -0.050400 0.686400 0.725400
0.259500 0.689100 0.460900 0.000000 0.000000 -0.070300 0.996600 0.042900
0.258800 0.664900 0.458400 0.000000 0.000000 0.005700 0.077800 -0.996900
0.258700 0.661200 0.458100 0.000000 0.000000 0.007800 0.076100 -0.997100
0.260500 0.641600 0.456700 0.000000 0.000000 0.005500 0.073300 -0.997300
0.383500 0.654900 0.471900 0.000000 0.000000 -0.002400 -0.086500 0.996200
0.381500 0.635500 0.470000 0.000000 0.000000 -0.004900 -0.094200 0.995500
0.387400 0.657800 0.472100 0.000000 0.000000 0.377500 0.178300 0.908700
0.412300 0.676400 0.473900 0.000000 0.000000 0.376300 0.590900 0.713600
0.417900 0.671200 0.473500 0.000000 0.000000 0.739900 0.196800 0.643300
0.417900 0.672300 0.459500 0.000000 0.000000 0.951000 0.307000 0.035200
0.412300 0.677600 0.459900 0.000000 0.000000 0.505800 0.855800 0.108000
0.387400 0.658900 0.457900 0.000000 0.000000 0.334400 0.319200 -0.886700
0.415000 0.653800 0.457500 0.000000 0.000000 0.672900 0.489800 -0.554300
0.414500 0.651000 0.457300 0.000000 0.000000 0.655600 -0.332900 -0.677800
0.383500 0.656100 0.457700 0.000000 0.000000 -0.002400 0.073700 -0.997300
0.381500 0.636700 0.456300 0.000000 0.000000 -0.003000 0.073100 -0.997300
0.389600 0.631700 0.455900 0.000000 0.000000 0.390300 -0.445000 -0.806000
0.412300 0.677700 0.459300 0.000000 0.000000 0.385200 0.725200 -0.570700
0.417900 0.672400 0.458800 0.000000 0.000000 0.746400 0.309200 -0.589300
0.374500 0.689100 0.460200 0.000000 0.000000 0.046500 0.770400 -0.635800
0.368600 0.688200 0.460200 0.000000 0.000000 -0.314500 0.718400 -0.620500
0.342800 0.665900 0.458300 0.000000 0.000000 -0.161200 0.562800 -0.810700
0.317000 0.665900 0.458300 0.000000 0.000000 0.000000 0.707100 -0.707100
0.291100 0.665900 0.458300 0.000000 0.000000 0.161200 0.562800 -0.810700
0.265300 0.688200 0.460200 0.000000 0.000000 0.318500 0.719000 -0.617800
0.259500 0.689100 0.460200 0.000000 0.000000 -0.050400 0.771000 -0.634900
0.221700 0.677700 0.459300 0.000000 0.000000 -0.381400 0.727000 -0.570900
0.216000 0.672400 0.458800 0.000000 0.000000 -0.745700 0.313200 -0.588100
0.244200 0.674300 0.459000 0.000000 0.000000 -0.216700 -0.256300 -0.942000
0.216800 0.667600 0.458500 0.000000 0.000000 -0.455300 -0.655400 -0.602600
0.259300 0.682900 0.459800 0.000000 0.000000 0.000200 0.071300 -0.997500
0.265700 0.683300 0.459800 0.000000 0.000000 -0.000400 0.076400 -0.997100
0.291300 0.665000 0.458300 0.000000 0.000000 -0.014200 0.022900 -0.999600
0.317000 0.665000 0.458300 0.000000 0.000000 0.000000 0.018500 -0.999800
0.342600 0.665000 0.458300 0.000000 0.000000 0.023000 0.019000 -0.999600
0.368200 0.683300 0.459800 0.000000 0.000000 0.003400 0.076600 -0.997100
0.374600 0.682900 0.459800 0.000000 0.000000 -0.007600 0.070300 -0.997500
0.389700 0.674300 0.459000 0.000000 0.000000 0.217600 -0.260500 -0.940600
0.417100 0.667600 0.458500 0.000000 0.000000 0.455300 -0.655400 -0.602600
0.417100 0.667600 0.459100 0.000000 0.000000 0.573800 -0.818600 -0.023800
0.417100 0.666400 0.473000 0.000000 0.000000 0.448300 -0.735000 0.508700
0.389700 0.673100 0.473600 0.000000 0.000000 0.200300 -0.403700 0.892700
0.374600 0.681700 0.474300 0.000000 0.000000 -0.006200 -0.095400 0.995400
0.368200 0.682100 0.474300 0.000000 0.000000 0.003600 -0.098000 0.995200
0.342600 0.663800 0.472800 0.000000 0.000000 0.009300 -0.132600 0.991100
0.317000 0.663800 0.472800 0.000000 0.000000 0.000000 -0.131300 0.991300
0.291300 0.663800 0.472800 0.000000 0.000000 -0.026300 -0.141100 0.989700
0.265700 0.682100 0.474300 0.000000 0.000000 -0.003800 -0.098000 0.995200
0.259300 0.681700 0.474300 0.000000 0.000000 0.006600 -0.095200 0.995400
0.244200 0.673100 0.473600 0.000000 0.000000 -0.199400 -0.404100 0.892700
0.216800 0.666400 0.473000 0.000000 0.000000 -0.449200 -0.736800 0.505300
0.216800 0.667600 0.459100 0.000000 0.000000 -0.573700 -0.818700 -0.023500
0.221800 0.657200 0.453900 0.000000 0.000000 -0.199000 0.470700 -0.859600
0.219600 0.666000 0.454400 0.000000 0.000000 -0.101200 -0.394200 -0.913500
0.236000 0.670100 0.455700 0.000000 0.000000 0.028800 -0.439600 -0.897700
0.238600 0.659900 0.455000 0.000000 0.000000 -0.200600 0.536700 -0.819600
0.414300 0.666000 0.454400 0.000000 0.000000 0.036700 -0.329800 -0.943300
0.412200 0.657200 0.453900 0.000000 0.000000 0.166500 0.420100 -0.892100
0.395400 0.659900 0.455000 0.000000 0.000000 0.209200 0.493000 -0.844500
0.398000 0.670100 0.455700 0.000000 0.000000 -0.002100 -0.396800 -0.917900
0.416300 0.665700 0.455400 0.000000 0.000000 0.502300 -0.599300 -0.623300
0.414100 0.656800 0.454800 0.000000 0.000000 0.642100 0.433600 -0.632100
0.417200 0.654000 0.458200 0.000000 0.000000 0.606200 -0.746700 -0.273900
0.419400 0.666500 0.459100 0.000000 0.000000 0.847300 0.510200 -0.147700
0.418900 0.665400 0.473400 0.000000 0.000000 0.668300 0.411800 0.619500
0.416700 0.652900 0.472200 0.000000 0.000000 0.445200 -0.734900 0.511600
0.388300 0.658200 0.473100 0.000000 0.000000 -0.664600 -0.521500 0.535100
0.390600 0.672000 0.474500 0.000000 0.000000 -0.449400 0.624100 0.639100
0.243300 0.672000 0.474500 0.000000 0.000000 0.446100 0.626600 0.639000
0.215100 0.665400 0.473400 0.000000 0.000000 -0.669800 0.409100 0.619700
0.217300 0.652900 0.472200 0.000000 0.000000 -0.446200 -0.735400 0.509900
0.245700 0.658200 0.473100 0.000000 0.000000 0.667600 -0.518100 0.534700
0.214600 0.666500 0.459100 0.000000 0.000000 -0.846000 0.504400 -0.172500
0.216800 0.654000 0.458200 0.000000 0.000000 -0.617600 -0.741200 -0.263000
0.219800 0.656800 0.454800 0.000000 0.000000 -0.650300 0.437300 -0.621200
0.217600 0.665700 0.455400 0.000000 0.000000 -0.601500 0.343100 -0.721400
0.218900 0.654400 0.458200 0.000000 0.000000 0.095500 -0.984900 -0.144400
0.245700 0.659400 0.458200 0.000000 0.000000 0.696100 -0.491400 -0.523400
0.246500 0.658900 0.459000 0.000000 0.000000 -0.530700 0.414900 -0.739000
0.220600 0.654100 0.458600 0.000000 0.000000 -0.359900 0.471100 -0.805300
0.244200 0.674200 0.460100 0.000000 0.000000 -0.379300 -0.532900 -0.756400
0.243300 0.673300 0.459200 0.000000 0.000000 0.390800 0.745500 -0.540000
0.216700 0.666900 0.459100 0.000000 0.000000 -0.292400 0.956300 -0.006400
0.218400 0.667900 0.459600 0.000000 0.000000 -0.089300 -0.476300 -0.874700
0.245700 0.658300 0.472000 0.000000 0.000000 0.709200 -0.530600 0.464200
0.218900 0.653400 0.471200 0.000000 0.000000 0.115400 -0.991500 -0.060800
0.220600 0.653000 0.470700 0.000000 0.000000 -0.389100 0.428700 0.815400
0.246500 0.657800 0.471100 0.000000 0.000000 -0.523800 0.362300 0.770900
0.243300 0.672100 0.473300 0.000000 0.000000 0.382900 0.645100 0.661300
0.244200 0.673100 0.472600 0.000000 0.000000 -0.388800 -0.627400 0.674700
0.216700 0.665800 0.472300 0.000000 0.000000 -0.285100 0.952300 0.108500
0.218400 0.666900 0.472000 0.000000 0.000000 -0.053800 -0.654700 0.753900
0.218400 0.654300 0.459200 0.000000 0.000000 0.068700 -0.994700 -0.076600
0.220600 0.654000 0.459200 0.000000 0.000000 -0.998800 -0.002200 -0.048500
0.218400 0.667900 0.460200 0.000000 0.000000 -0.924900 -0.376400 -0.053000
0.216200 0.666700 0.460100 0.000000 0.000000 -0.311000 0.948300 0.062800
0.415100 0.654400 0.458200 0.000000 0.000000 -0.064000 -0.987300 -0.145200
0.413400 0.654100 0.458600 0.000000 0.000000 0.359300 0.470200 -0.806100
0.387400 0.658900 0.459000 0.000000 0.000000 0.535700 0.424200 -0.730100
0.388300 0.659400 0.458200 0.000000 0.000000 -0.672400 -0.498000 -0.547600
0.390600 0.673300 0.459200 0.000000 0.000000 -0.391500 0.743900 -0.541600
0.389700 0.674200 0.460100 0.000000 0.000000 0.379300 -0.532900 -0.756400
0.415500 0.667900 0.459600 0.000000 0.000000 0.106400 -0.487700 -0.866500
0.417200 0.666900 0.459100 0.000000 0.000000 0.286300 0.958100 0.000900
0.413400 0.654000 0.459200 0.000000 0.000000 0.997600 -0.000500 -0.068900
0.415500 0.654300 0.459200 0.000000 0.000000 -0.051700 -0.994100 -0.095600
0.415500 0.667900 0.460200 0.000000 0.000000 0.920800 -0.380100 -0.087000
0.417700 0.666700 0.460100 0.000000 0.000000 0.303500 0.950800 0.062800
0.415100 0.653400 0.471200 0.000000 0.000000 -0.116500 -0.991800 -0.052600
0.413400 0.653000 0.470700 0.000000 0.000000 0.371200 0.421500 0.827400
0.417200 0.665800 0.472300 0.000000 0.000000 0.283400 0.954000 0.098200
0.415500 0.666900 0.472000 0.000000 0.000000 0.070300 -0.646900 0.759400
0.390600 0.672100 0.473300 0.000000 0.000000 -0.387600 0.639200 0.664200
0.389700 0.673100 0.472600 0.000000 0.000000 0.387000 -0.627500 0.675700
0.387400 0.657800 0.471100 0.000000 0.000000 0.529500 0.369900 0.763400
0.388300 0.658300 0.472000 0.000000 0.000000 -0.683500 -0.541900 0.489000
0.245700 0.659900 0.451900 0.000000 0.000000 0.569500 -0.397500 -0.719500
0.217300 0.654600 0.452000 0.000000 0.000000 -0.670300 -0.252000 -0.698000
0.243300 0.673800 0.452900 0.000000 0.000000 0.376600 0.683600 -0.625300
0.215100 0.667100 0.452800 0.000000 0.000000 -0.772300 0.034800 -0.634300
0.416700 0.654600 0.452000 0.000000 0.000000 0.664600 -0.247100 -0.705200
0.388300 0.659900 0.451900 0.000000 0.000000 -0.562700 -0.402000 -0.722300
0.390600 0.673800 0.452900 0.000000 0.000000 -0.375200 0.683400 -0.626300
0.418900 0.667100 0.452800 0.000000 0.000000 0.724800 0.086800 -0.683500
0.353200 0.471800 0.424200 0.000000 0.000000 0.090500 -0.374800 -0.922700
0.351800 0.483800 0.422900 0.000000 0.000000 0.133200 0.088500 -0.987100
0.358400 0.482300 0.424100 0.000000 0.000000 0.433000 0.164400 -0.886300
0.360500 0.472100 0.425200 0.000000 0.000000 0.392600 -0.311200 -0.865500
0.342700 0.471600 0.423900 0.000000 0.000000 0.030900 -0.382800 -0.923300
0.342000 0.485100 0.422300 0.000000 0.000000 0.047100 0.087500 -0.995000
0.342400 0.500000 0.426500 0.000000 0.000000 0.291900 0.647000 -0.704400
0.350900 0.494700 0.425700 0.000000 0.000000 0.286300 0.506200 -0.813500
0.356400 0.492000 0.427400 0.000000 0.000000 0.629200 0.487200 -0.605600
0.304200 0.497800 0.422900 0.000000 0.000000 -0.098100 0.150500 -0.983700
0.303900 0.485100 0.422000 0.000000 0.000000 -0.015700 -0.026200 -0.999500
0.292000 0.485100 0.422300 0.000000 0.000000 -0.071700 0.055800 -0.995900
0.291500 0.500000 0.426500 0.000000 0.000000 -0.320200 0.643000 -0.695700
0.317000 0.497400 0.422700 0.000000 0.000000 -0.001000 0.095900 -0.995400
0.317000 0.484700 0.421900 0.000000 0.000000 -0.002200 -0.034500 -0.999400
0.317000 0.471200 0.423700 0.000000 0.000000 -0.001200 -0.388200 -0.921600
0.303600 0.471400 0.423700 0.000000 0.000000 -0.014600 -0.381800 -0.924100
0.291200 0.471600 0.423900 0.000000 0.000000 -0.031500 -0.380800 -0.924100
0.354800 0.459700 0.441000 0.000000 0.000000 0.125900 -0.988600 -0.082700
0.354400 0.463400 0.431100 0.000000 0.000000 0.113000 -0.804600 -0.583000
0.361900 0.464600 0.431700 0.000000 0.000000 0.426600 -0.719700 -0.547800
0.362500 0.461100 0.441100 0.000000 0.000000 0.436700 -0.896400 -0.075600
0.343700 0.458900 0.440900 0.000000 0.000000 0.051600 -0.995200 -0.083400
0.343400 0.462700 0.430900 0.000000 0.000000 0.046500 -0.804700 -0.591900
0.317000 0.462100 0.430800 0.000000 0.000000 0.000100 -0.806500 -0.591200
0.303300 0.462300 0.430800 0.000000 0.000000 -0.020900 -0.805400 -0.592400
0.317000 0.458300 0.440900 0.000000 0.000000 0.000100 -0.996600 -0.082800
0.303100 0.458500 0.440900 0.000000 0.000000 -0.024400 -0.996100 -0.084900
0.290200 0.458900 0.440900 0.000000 0.000000 -0.051300 -0.995300 -0.082600
0.290600 0.462700 0.430900 0.000000 0.000000 -0.045000 -0.804400 -0.592400
0.361900 0.463000 0.450900 0.000000 0.000000 0.416400 -0.804000 0.424600
0.360500 0.469300 0.458600 0.000000 0.000000 0.390600 -0.456300 0.799500
0.353200 0.468800 0.459500 0.000000 0.000000 0.093700 -0.526400 0.845100
0.354400 0.461700 0.451300 0.000000 0.000000 0.119000 -0.888900 0.442300
0.343400 0.461000 0.451400 0.000000 0.000000 0.044200 -0.893200 0.447600
0.342700 0.468600 0.459800 0.000000 0.000000 0.030900 -0.529000 0.848100
0.303300 0.460500 0.451400 0.000000 0.000000 -0.022700 -0.895000 0.445600
0.317000 0.460400 0.451400 0.000000 0.000000 0.000800 -0.894300 0.447500
0.317000 0.468100 0.460000 0.000000 0.000000 0.000900 -0.537500 0.843200
0.303600 0.468300 0.460000 0.000000 0.000000 -0.017200 -0.531300 0.847000
0.290600 0.461000 0.451400 0.000000 0.000000 -0.047300 -0.892100 0.449400
0.291200 0.468600 0.459800 0.000000 0.000000 -0.035100 -0.529300 0.847700
0.350900 0.491600 0.461800 0.000000 0.000000 0.291600 0.363700 0.884700
0.351800 0.480500 0.462800 0.000000 0.000000 0.131900 -0.074200 0.988500
0.358400 0.479200 0.461400 0.000000 0.000000 0.436000 0.016300 0.899800
0.356400 0.489300 0.459700 0.000000 0.000000 0.629200 0.390700 0.671900
0.342000 0.481600 0.463600 0.000000 0.000000 0.072200 -0.107700 0.991600
0.342400 0.497000 0.462000 0.000000 0.000000 0.355400 0.513200 0.781200
0.303900 0.481500 0.463900 0.000000 0.000000 -0.043700 -0.161300 0.985900
0.317000 0.481200 0.464000 0.000000 0.000000 0.000000 -0.195300 0.980700
0.317000 0.493800 0.465200 0.000000 0.000000 0.005200 -0.074000 0.997200
0.304200 0.494300 0.465100 0.000000 0.000000 -0.173200 -0.005700 0.984900
0.291500 0.497000 0.462000 0.000000 0.000000 -0.289800 0.520500 0.803200
0.292000 0.481600 0.463600 0.000000 0.000000 -0.048600 -0.082700 0.995400
0.351600 0.497300 0.457300 0.000000 0.000000 0.141900 0.746900 0.649700
0.348800 0.500100 0.453000 0.000000 0.000000 0.116300 0.943100 0.311600
0.355300 0.496200 0.454000 0.000000 0.000000 0.707600 0.622400 0.334700
0.353600 0.500700 0.444400 0.000000 0.000000 0.466600 0.881700 0.069900
0.298900 0.524700 0.457500 0.000000 0.000000 -0.675900 -0.440300 0.591000
0.306600 0.524400 0.461100 0.000000 0.000000 -0.216800 -0.165600 0.962100
0.304200 0.530100 0.461600 0.000000 0.000000 -0.155600 -0.832000 0.532400
0.294600 0.530400 0.457900 0.000000 0.000000 -0.294000 -0.947000 0.129700
0.301600 0.518900 0.457000 0.000000 0.000000 -0.759200 -0.191900 0.621900
0.308200 0.518600 0.460600 0.000000 0.000000 -0.225300 -0.099700 0.969200
0.317000 0.518600 0.460600 0.000000 0.000000 0.000000 -0.077300 0.997000
0.317000 0.524400 0.461100 0.000000 0.000000 0.000000 -0.086600 0.996200
0.317000 0.530100 0.461600 0.000000 0.000000 0.001700 -0.768000 0.640400
0.298900 0.526500 0.435500 0.000000 0.000000 -0.685700 -0.365200 -0.629600
0.296300 0.525600 0.446500 0.000000 0.000000 -0.831100 -0.554800 -0.037600
0.291400 0.531400 0.446900 0.000000 0.000000 -0.360400 -0.929600 -0.076600
0.294600 0.532300 0.435900 0.000000 0.000000 -0.307400 -0.902200 -0.302700
0.301600 0.520700 0.435000 0.000000 0.000000 -0.767600 -0.103500 -0.632500
0.299400 0.519800 0.446000 0.000000 0.000000 -0.976400 -0.215400 -0.017600
0.317000 0.526800 0.431800 0.000000 0.000000 0.000000 0.085900 -0.996300
0.306600 0.526800 0.431800 0.000000 0.000000 -0.202000 0.007200 -0.979400
0.304200 0.532600 0.432300 0.000000 0.000000 -0.141500 -0.714000 -0.685700
0.317000 0.532600 0.432300 0.000000 0.000000 0.000000 -0.640300 -0.768100
0.317000 0.521000 0.431300 0.000000 0.000000 0.000000 0.077300 -0.997000
0.308200 0.521000 0.431300 0.000000 0.000000 -0.221700 0.044700 -0.974100
0.335100 0.526500 0.435500 0.000000 0.000000 0.675300 -0.345200 -0.651700
0.327300 0.526800 0.431800 0.000000 0.000000 0.220000 0.003200 -0.975500
0.329700 0.532600 0.432300 0.000000 0.000000 0.155600 -0.729500 -0.666000
0.339300 0.532300 0.435900 0.000000 0.000000 0.301100 -0.903000 -0.306300
0.332400 0.520700 0.435000 0.000000 0.000000 0.765500 -0.088300 -0.637400
0.325800 0.521000 0.431300 0.000000 0.000000 0.231000 0.051900 -0.971600
0.335100 0.524700 0.457500 0.000000 0.000000 0.683600 -0.457900 0.568300
0.337700 0.525600 0.446500 0.000000 0.000000 0.826400 -0.561200 -0.045000
0.342500 0.531400 0.446900 0.000000 0.000000 0.368500 -0.926200 -0.080000
0.339300 0.530400 0.457900 0.000000 0.000000 0.305300 -0.941500 0.142600
0.334600 0.519800 0.446000 0.000000 0.000000 0.976600 -0.214400 -0.017500
0.332400 0.518900 0.457000 0.000000 0.000000 0.770100 -0.207900 0.603100
0.327300 0.524400 0.461100 0.000000 0.000000 0.196200 -0.155200 0.968200
0.329700 0.530100 0.461600 0.000000 0.000000 0.142800 -0.821300 0.552300
0.325800 0.518600 0.460600 0.000000 0.000000 0.217900 -0.104800 0.970300
0.290600 0.501200 0.444500 0.000000 0.000000 -0.374700 0.923900 0.078000
0.287400 0.501300 0.444500 0.000000 0.000000 -0.017300 0.996500 0.081600
0.285100 0.500100 0.453000 0.000000 0.000000 -0.157500 0.933200 0.322900
0.285100 0.501500 0.435900 0.000000 0.000000 -0.153300 0.981700 -0.113400
0.280300 0.500700 0.444400 0.000000 0.000000 -0.490000 0.868700 0.072200
0.282200 0.480500 0.462800 0.000000 0.000000 -0.148700 -0.055700 0.987300
0.280700 0.468800 0.459500 0.000000 0.000000 -0.087600 -0.525700 0.846200
0.283000 0.491600 0.461800 0.000000 0.000000 -0.323500 0.364400 0.873200
0.277500 0.489300 0.459700 0.000000 0.000000 -0.598200 0.387300 0.701600
0.275500 0.479200 0.461400 0.000000 0.000000 -0.425800 0.027600 0.904400
0.273500 0.469300 0.458600 0.000000 0.000000 -0.391400 -0.451100 0.802100
0.279600 0.461700 0.451300 0.000000 0.000000 -0.112300 -0.890600 0.440800
0.279100 0.459700 0.441000 0.000000 0.000000 -0.127000 -0.988600 -0.081100
0.272000 0.463000 0.450900 0.000000 0.000000 -0.417700 -0.805200 0.420900
0.271500 0.461100 0.441100 0.000000 0.000000 -0.427100 -0.901100 -0.075100
0.279600 0.463400 0.431100 0.000000 0.000000 -0.112600 -0.804000 -0.583900
0.280700 0.471800 0.424200 0.000000 0.000000 -0.089800 -0.373600 -0.923200
0.272000 0.464600 0.431700 0.000000 0.000000 -0.426100 -0.718600 -0.549600
0.273500 0.472100 0.425200 0.000000 0.000000 -0.393200 -0.309400 -0.865800
0.282200 0.483800 0.422900 0.000000 0.000000 -0.130500 0.083400 -0.987900
0.283000 0.494700 0.425700 0.000000 0.000000 -0.329000 0.479400 -0.813600
0.275500 0.482300 0.424100 0.000000 0.000000 -0.434400 0.161600 -0.886100
0.277500 0.492000 0.427400 0.000000 0.000000 -0.619500 0.508100 -0.598300
0.330000 0.481500 0.463900 0.000000 0.000000 0.017400 -0.189000 0.981800
0.330300 0.468300 0.460000 0.000000 0.000000 0.016400 -0.532000 0.846600
0.329700 0.494300 0.465100 0.000000 0.000000 0.095600 -0.017400 0.995300
0.330800 0.458500 0.440900 0.000000 0.000000 0.023900 -0.996100 -0.084500
0.330600 0.460500 0.451400 0.000000 0.000000 0.021800 -0.894700 0.446200
0.330600 0.462300 0.430800 0.000000 0.000000 0.020000 -0.805400 -0.592400
0.330300 0.471400 0.423700 0.000000 0.000000 0.014600 -0.383300 -0.923500
0.330000 0.485100 0.422000 0.000000 0.000000 0.044400 0.003900 -0.999000
0.329700 0.497800 0.422900 0.000000 0.000000 0.169700 0.161100 -0.972200
0.295100 0.501500 0.459500 0.000000 0.000000 -0.590600 0.550900 0.589700
0.292000 0.502800 0.444600 0.000000 0.000000 -0.842400 0.537000 0.044500
0.295800 0.503600 0.458600 0.000000 0.000000 -0.581500 0.681500 0.444300
0.292800 0.504700 0.444800 0.000000 0.000000 -0.782900 0.619500 0.056800
0.295100 0.504000 0.429600 0.000000 0.000000 -0.608700 0.683600 -0.402700
0.295800 0.505900 0.430900 0.000000 0.000000 -0.580500 0.748200 -0.321200
0.317000 0.500300 0.465600 0.000000 0.000000 0.001300 0.123000 0.992400
0.304500 0.500600 0.465100 0.000000 0.000000 -0.267500 0.205000 0.941500
0.304900 0.503000 0.464100 0.000000 0.000000 -0.187200 0.668400 0.719900
0.317000 0.502900 0.464800 0.000000 0.000000 -0.005900 0.646900 0.762600
0.329500 0.500600 0.465100 0.000000 0.000000 0.200900 0.238700 0.950100
0.338800 0.501500 0.459500 0.000000 0.000000 0.614500 0.595000 0.518100
0.338200 0.503600 0.458600 0.000000 0.000000 0.593000 0.668100 0.449400
0.329100 0.503000 0.464100 0.000000 0.000000 0.194200 0.670400 0.716200
0.342000 0.502800 0.444600 0.000000 0.000000 0.839100 0.542100 0.044200
0.343400 0.501200 0.444500 0.000000 0.000000 0.390500 0.915900 0.093000
0.338800 0.504000 0.429600 0.000000 0.000000 0.582500 0.640000 -0.501000
0.341200 0.504700 0.444800 0.000000 0.000000 0.776000 0.628200 0.055500
0.338200 0.505900 0.430900 0.000000 0.000000 0.592200 0.734200 -0.332000
0.329500 0.504100 0.424000 0.000000 0.000000 0.271300 0.356600 -0.894000
0.317000 0.503800 0.423400 0.000000 0.000000 -0.004100 0.288800 -0.957400
0.317000 0.506300 0.424700 0.000000 0.000000 -0.005700 0.779300 -0.626700
0.329100 0.506300 0.425400 0.000000 0.000000 0.195800 0.788600 -0.582900
0.304500 0.504100 0.424000 0.000000 0.000000 -0.195400 0.400700 -0.895100
0.304900 0.506300 0.425400 0.000000 0.000000 -0.183900 0.789100 -0.586200
0.306100 0.507100 0.429500 0.000000 0.000000 -0.116000 0.911000 -0.395700
0.298000 0.506800 0.433500 0.000000 0.000000 -0.382900 0.902400 -0.197800
0.298800 0.507800 0.433900 0.000000 0.000000 -0.677600 0.527600 -0.512300
0.306600 0.508100 0.430300 0.000000 0.000000 -0.204200 0.429800 -0.879500
0.299700 0.510300 0.434100 0.000000 0.000000 -0.748100 0.302000 -0.590900
0.307100 0.510600 0.430500 0.000000 0.000000 -0.229900 0.131400 -0.964300
0.317000 0.510600 0.430500 0.000000 0.000000 0.000000 0.083200 -0.996500
0.317000 0.508100 0.430300 0.000000 0.000000 0.001700 0.394200 -0.919000
0.317000 0.507100 0.429400 0.000000 0.000000 0.001000 0.895200 -0.445700
0.327800 0.507100 0.429500 0.000000 0.000000 0.119800 0.909900 -0.397000
0.327400 0.508100 0.430300 0.000000 0.000000 0.212400 0.425300 -0.879800
0.326800 0.510600 0.430500 0.000000 0.000000 0.225200 0.133300 -0.965100
0.334300 0.510300 0.434100 0.000000 0.000000 0.748600 0.310700 -0.585800
0.335200 0.507800 0.433900 0.000000 0.000000 0.689100 0.502600 -0.522100
0.335900 0.506800 0.433500 0.000000 0.000000 0.383100 0.898500 -0.214300
0.337800 0.506900 0.444900 0.000000 0.000000 0.847900 0.528300 0.044300
0.338600 0.505900 0.444800 0.000000 0.000000 0.532000 0.844000 0.068600
0.336700 0.509300 0.445100 0.000000 0.000000 0.924700 0.379200 0.033900
0.335200 0.506000 0.455900 0.000000 0.000000 0.695600 0.422900 0.580700
0.334300 0.508400 0.456100 0.000000 0.000000 0.757400 0.216000 0.616200
0.335900 0.504900 0.456200 0.000000 0.000000 0.384100 0.849200 0.362300
0.327800 0.504600 0.460100 0.000000 0.000000 0.130200 0.802600 0.582100
0.327400 0.505700 0.459600 0.000000 0.000000 0.214200 0.239800 0.946900
0.326800 0.508100 0.459800 0.000000 0.000000 0.219300 -0.034900 0.975000
0.317000 0.508100 0.459800 0.000000 0.000000 -0.000000 -0.082500 0.996600
0.317000 0.505600 0.459600 0.000000 0.000000 -0.000000 0.242900 0.970100
0.317000 0.504500 0.460300 0.000000 0.000000 0.003100 0.816300 0.577600
0.306600 0.505700 0.459600 0.000000 0.000000 -0.211200 0.244300 0.946400
0.306100 0.504600 0.460100 0.000000 0.000000 -0.133700 0.809400 0.571800
0.307100 0.508100 0.459800 0.000000 0.000000 -0.228700 -0.036400 0.972800
0.299700 0.508400 0.456100 0.000000 0.000000 -0.753400 0.206400 0.624300
0.298800 0.506000 0.455900 0.000000 0.000000 -0.678400 0.443700 0.585500
0.298000 0.504900 0.456200 0.000000 0.000000 -0.381400 0.855800 0.349500
0.296200 0.506900 0.444900 0.000000 0.000000 -0.839900 0.541000 0.042700
0.295300 0.505900 0.444800 0.000000 0.000000 -0.510300 0.857200 0.069100
0.297200 0.509300 0.445100 0.000000 0.000000 -0.930600 0.364700 0.032100
0.360900 0.481400 0.428000 0.000000 0.000000 0.965300 0.255200 -0.055300
0.362800 0.474100 0.429300 0.000000 0.000000 0.973800 0.218700 -0.062300
0.362900 0.473000 0.427000 0.000000 0.000000 0.868700 -0.039400 -0.493800
0.360700 0.481700 0.425900 0.000000 0.000000 0.844100 0.247500 -0.475600
0.358500 0.490000 0.429000 0.000000 0.000000 0.878500 0.379500 -0.290200
0.359000 0.488400 0.430500 0.000000 0.000000 0.960400 0.277800 -0.020700
0.364300 0.466400 0.432900 0.000000 0.000000 0.894000 -0.307500 -0.326000
0.364200 0.468500 0.434300 0.000000 0.000000 0.991500 0.106200 -0.074700
0.364800 0.465900 0.441500 0.000000 0.000000 0.999000 0.044500 0.003600
0.364900 0.463300 0.441300 0.000000 0.000000 0.900600 -0.433100 -0.036100
0.362900 0.470500 0.457000 0.000000 0.000000 0.865500 -0.120400 0.486300
0.364300 0.464900 0.450100 0.000000 0.000000 0.887300 -0.369000 0.276700
0.364200 0.467300 0.449000 0.000000 0.000000 0.991600 0.091500 0.091200
0.362800 0.472000 0.454900 0.000000 0.000000 0.973800 0.204400 0.099600
0.358500 0.487600 0.457900 0.000000 0.000000 0.869300 0.340100 0.358700
0.360700 0.478900 0.459500 0.000000 0.000000 0.845400 0.157900 0.510300
0.360900 0.479000 0.457300 0.000000 0.000000 0.965200 0.242300 0.098600
0.359000 0.486300 0.456100 0.000000 0.000000 0.960500 0.270100 0.067100
0.356900 0.494300 0.452100 0.000000 0.000000 0.903700 0.400100 0.152700
0.357600 0.491800 0.451000 0.000000 0.000000 0.965300 0.260100 0.023200
0.357100 0.494500 0.443900 0.000000 0.000000 0.964300 0.263800 0.022500
0.356300 0.497400 0.444100 0.000000 0.000000 0.872800 0.487200 0.030300
0.356900 0.495600 0.435700 0.000000 0.000000 0.901900 0.427500 -0.062100
0.357600 0.493100 0.436400 0.000000 0.000000 0.962300 0.271800 0.011200
0.355300 0.497900 0.434300 0.000000 0.000000 0.706100 0.676800 -0.208500
0.277000 0.494300 0.452100 0.000000 0.000000 -0.897200 0.414100 0.153300
0.276300 0.491800 0.451000 0.000000 0.000000 -0.964800 0.262200 0.018000
0.274900 0.486300 0.456100 0.000000 0.000000 -0.960500 0.270100 0.067100
0.275400 0.487600 0.457900 0.000000 0.000000 -0.869300 0.340100 0.358700
0.278700 0.496200 0.454000 0.000000 0.000000 -0.685700 0.633800 0.357900
0.277700 0.497400 0.444100 0.000000 0.000000 -0.878000 0.477000 0.040100
0.276900 0.494500 0.443900 0.000000 0.000000 -0.964200 0.264200 0.023000
0.276300 0.493100 0.436400 0.000000 0.000000 -0.961800 0.273300 0.011400
0.277000 0.495600 0.435700 0.000000 0.000000 -0.900200 0.429600 -0.071700
0.278700 0.497900 0.434300 0.000000 0.000000 -0.681300 0.692600 -0.237000
0.275400 0.490000 0.429000 0.000000 0.000000 -0.878600 0.380900 -0.287900
0.274900 0.488400 0.430500 0.000000 0.000000 -0.959800 0.279700 -0.023600
0.271100 0.470500 0.457000 0.000000 0.000000 -0.858900 -0.125400 0.496500
0.273200 0.478900 0.459500 0.000000 0.000000 -0.846400 0.153500 0.509900
0.273000 0.479000 0.457300 0.000000 0.000000 -0.966300 0.236600 0.101500
0.271100 0.472000 0.454900 0.000000 0.000000 -0.974500 0.182600 0.130400
0.269700 0.467300 0.449000 0.000000 0.000000 -0.991800 0.089000 0.092000
0.269200 0.465900 0.441500 0.000000 0.000000 -0.997100 0.076200 0.006100
0.269000 0.463300 0.441300 0.000000 0.000000 -0.903700 -0.426800 -0.034900
0.269600 0.464900 0.450100 0.000000 0.000000 -0.888800 -0.365900 0.276100
0.269600 0.466400 0.432900 0.000000 0.000000 -0.895500 -0.300200 -0.328500
0.269700 0.468500 0.434300 0.000000 0.000000 -0.990800 0.104600 -0.085400
0.271100 0.474100 0.429300 0.000000 0.000000 -0.977900 0.188200 -0.091300
0.271100 0.473000 0.427000 0.000000 0.000000 -0.861700 -0.046900 -0.505200
0.273200 0.481700 0.425900 0.000000 0.000000 -0.843200 0.241100 -0.480500
0.273000 0.481400 0.428000 0.000000 0.000000 -0.964200 0.259500 -0.054800
0.294000 0.505500 0.444800 0.000000 0.000000 -0.443900 0.893100 0.072600
0.296900 0.506500 0.432300 0.000000 0.000000 -0.287200 0.951600 -0.109400
0.296900 0.504400 0.457300 0.000000 0.000000 -0.283500 0.922600 0.261600
0.305500 0.504000 0.462100 0.000000 0.000000 -0.078700 0.929500 0.360400
0.317000 0.504000 0.462500 0.000000 0.000000 0.002100 0.942900 0.333000
0.328500 0.504000 0.462100 0.000000 0.000000 0.078000 0.931300 0.355800
0.337100 0.504400 0.457300 0.000000 0.000000 0.273900 0.925800 0.260500
0.339900 0.505500 0.444800 0.000000 0.000000 0.421700 0.903700 0.073800
0.337100 0.506500 0.432300 0.000000 0.000000 0.277800 0.954600 -0.108000
0.328500 0.506900 0.427600 0.000000 0.000000 0.074600 0.981800 -0.174400
0.317000 0.506900 0.427100 0.000000 0.000000 -0.001400 0.985700 -0.168200
0.305500 0.506900 0.427600 0.000000 0.000000 -0.071500 0.981400 -0.178300
0.351600 0.499500 0.431100 0.000000 0.000000 0.137300 0.847900 -0.512100
0.348800 0.501500 0.435900 0.000000 0.000000 0.135700 0.978700 -0.154400
0.346500 0.501300 0.444500 0.000000 0.000000 0.057600 0.993000 0.103200
0.282300 0.499500 0.431100 0.000000 0.000000 -0.477400 0.779300 -0.406000
0.282300 0.497300 0.457300 0.000000 0.000000 -0.189200 0.726400 0.660700
0.303000 0.539000 0.429200 0.000000 0.000000 -0.244600 0.088200 -0.965600
0.303100 0.534400 0.429300 0.000000 0.000000 -0.224300 -0.329200 -0.917200
0.292800 0.534000 0.434200 0.000000 0.000000 -0.719200 -0.282500 -0.634800
0.292500 0.538600 0.434400 0.000000 0.000000 -0.772500 0.063200 -0.631800
0.292800 0.543100 0.435100 0.000000 0.000000 -0.722500 0.390600 -0.570500
0.303100 0.543500 0.430100 0.000000 0.000000 -0.220300 0.479400 -0.849500
0.317000 0.543600 0.429600 0.000000 0.000000 0.000100 0.518900 -0.854800
0.317000 0.539100 0.428600 0.000000 0.000000 0.000200 0.098400 -0.995100
0.317000 0.534500 0.428700 0.000000 0.000000 0.002600 -0.357700 -0.933800
0.317000 0.535800 0.466400 0.000000 0.000000 0.001500 -0.097400 0.995200
0.303000 0.535900 0.465800 0.000000 0.000000 -0.247300 -0.083600 0.965300
0.303100 0.531400 0.464900 0.000000 0.000000 -0.220500 -0.479200 0.849600
0.317000 0.531300 0.465400 0.000000 0.000000 0.001500 -0.517600 0.855600
0.317000 0.540400 0.466300 0.000000 0.000000 -0.002400 0.357700 0.933800
0.303100 0.540500 0.465700 0.000000 0.000000 -0.225400 0.328500 0.917200
0.292500 0.536300 0.460600 0.000000 0.000000 -0.771700 -0.059500 0.633200
0.292800 0.540900 0.460800 0.000000 0.000000 -0.716900 0.278600 0.639000
0.292800 0.531800 0.459900 0.000000 0.000000 -0.726900 -0.377800 0.573500
0.289300 0.532900 0.447100 0.000000 0.000000 -0.957400 -0.287700 -0.024400
0.289000 0.537400 0.447500 0.000000 0.000000 -1.000000 -0.000800 0.000200
0.289300 0.542000 0.447900 0.000000 0.000000 -0.957600 0.287400 0.021000
0.330900 0.535900 0.465800 0.000000 0.000000 0.242000 -0.087100 0.966400
0.330800 0.531400 0.464900 0.000000 0.000000 0.217600 -0.478500 0.850700
0.341200 0.531800 0.459900 0.000000 0.000000 0.731600 -0.370100 0.572500
0.341400 0.536300 0.460600 0.000000 0.000000 0.772300 -0.062300 0.632200
0.341200 0.540900 0.460800 0.000000 0.000000 0.727400 0.271700 0.630100
0.330800 0.540500 0.465700 0.000000 0.000000 0.218300 0.325300 0.920100
0.330900 0.539000 0.429200 0.000000 0.000000 0.244000 0.088700 -0.965700
0.330800 0.534400 0.429300 0.000000 0.000000 0.220300 -0.330700 -0.917600
0.330800 0.543500 0.430100 0.000000 0.000000 0.224000 0.482400 -0.846800
0.341400 0.538600 0.434400 0.000000 0.000000 0.771000 0.064500 -0.633500
0.341200 0.543100 0.435100 0.000000 0.000000 0.722700 0.386700 -0.572800
0.341200 0.534000 0.434200 0.000000 0.000000 0.723400 -0.275500 -0.633100
0.344900 0.537400 0.447500 0.000000 0.000000 1.000000 -0.000800 0.000000
0.344600 0.532900 0.447100 0.000000 0.000000 0.957800 -0.286600 -0.023900
0.344600 0.542000 0.447900 0.000000 0.000000 0.957600 0.287200 0.022200
0.303600 0.532800 0.430500 0.000000 0.000000 -0.101800 -0.854300 -0.509700
0.293600 0.532400 0.434900 0.000000 0.000000 -0.416800 -0.809200 -0.414100
0.317000 0.532800 0.430200 0.000000 0.000000 0.002800 -0.887700 -0.460400
0.304200 0.544800 0.433400 0.000000 0.000000 -0.011300 0.998100 0.061100
0.317000 0.544800 0.433400 0.000000 0.000000 0.002400 0.995600 0.093100
0.317000 0.545000 0.431300 0.000000 0.000000 0.001300 0.953800 -0.300400
0.303600 0.544900 0.431600 0.000000 0.000000 -0.095700 0.929500 -0.356200
0.293600 0.544500 0.436000 0.000000 0.000000 -0.413800 0.872500 -0.260000
0.294600 0.544400 0.437100 0.000000 0.000000 0.003200 0.996300 0.085700
0.317000 0.529900 0.463700 0.000000 0.000000 0.001300 -0.954600 0.297900
0.303600 0.530000 0.463400 0.000000 0.000000 -0.093600 -0.929500 0.356700
0.293600 0.530300 0.459000 0.000000 0.000000 -0.423200 -0.864600 0.270700
0.304200 0.542300 0.462700 0.000000 0.000000 -0.003400 0.994100 0.108800
0.294600 0.542600 0.459100 0.000000 0.000000 -0.008500 0.995800 0.090600
0.293600 0.542500 0.460100 0.000000 0.000000 -0.414300 0.809500 0.416100
0.303600 0.542100 0.464500 0.000000 0.000000 -0.097800 0.853100 0.512500
0.317000 0.542100 0.464800 0.000000 0.000000 -0.003200 0.887900 0.460100
0.317000 0.542300 0.462700 0.000000 0.000000 -0.001000 0.995400 0.095500
0.290200 0.531400 0.446900 0.000000 0.000000 -0.554100 -0.828800 -0.078300
0.290200 0.543500 0.448100 0.000000 0.000000 -0.553000 0.830200 0.071000
0.291400 0.543500 0.448100 0.000000 0.000000 0.000200 0.996600 0.082000
0.330300 0.530000 0.463400 0.000000 0.000000 0.092200 -0.930200 0.355200
0.340400 0.530300 0.459000 0.000000 0.000000 0.423900 -0.864400 0.270400
0.330300 0.542100 0.464500 0.000000 0.000000 0.093700 0.855800 0.508700
0.329700 0.542300 0.462700 0.000000 0.000000 0.004600 0.994200 0.107700
0.340400 0.542500 0.460100 0.000000 0.000000 0.422500 0.810900 0.405000
0.339300 0.542600 0.459100 0.000000 0.000000 0.008700 0.995900 0.090000
0.330300 0.532800 0.430500 0.000000 0.000000 0.097400 -0.853100 -0.512500
0.340400 0.532400 0.434900 0.000000 0.000000 0.418700 -0.808400 -0.413700
0.329700 0.544800 0.433400 0.000000 0.000000 0.005900 0.998200 0.058800
0.339300 0.544400 0.437100 0.000000 0.000000 -0.001300 0.996000 0.089300
0.340400 0.544500 0.436000 0.000000 0.000000 0.412500 0.870300 -0.269100
0.330300 0.544900 0.431600 0.000000 0.000000 0.099900 0.928400 -0.357900
0.343700 0.531400 0.446900 0.000000 0.000000 0.552800 -0.829700 -0.077900
0.342500 0.543500 0.448100 0.000000 0.000000 0.000200 0.996600 0.082800
0.343700 0.543500 0.448100 0.000000 0.000000 0.552400 0.830300 0.074100
0.317000 0.515200 0.430900 0.000000 0.000000 0.000000 0.077700 -0.997000
0.308000 0.515200 0.430900 0.000000 0.000000 -0.233800 0.104200 -0.966700
0.301200 0.514900 0.434500 0.000000 0.000000 -0.772000 0.201500 -0.602900
0.299000 0.514000 0.445500 0.000000 0.000000 -0.976600 0.213900 0.022400
0.301200 0.513100 0.456500 0.000000 0.000000 -0.783400 0.099700 0.613500
0.308000 0.512800 0.460200 0.000000 0.000000 -0.230400 -0.045600 0.972000
0.317000 0.512800 0.460200 0.000000 0.000000 0.000000 -0.076800 0.997000
0.326000 0.512800 0.460200 0.000000 0.000000 0.232100 -0.046800 0.971600
0.332700 0.513100 0.456500 0.000000 0.000000 0.783400 0.101100 0.613200
0.334900 0.514000 0.445500 0.000000 0.000000 0.978100 0.207000 0.020200
0.332700 0.514900 0.434500 0.000000 0.000000 0.771800 0.199200 -0.603800
0.326000 0.515200 0.430900 0.000000 0.000000 0.237400 0.101500 -0.966100
0.184600 0.708800 0.461900 0.000000 0.000000 0.865400 -0.499400 -0.040800
0.169300 0.672000 0.458800 0.000000 0.000000 0.961400 -0.274700 -0.014700
0.161100 0.675500 0.444300 0.000000 0.000000 0.450500 -0.046400 -0.891600
0.177300 0.714200 0.447600 0.000000 0.000000 0.406700 -0.160200 -0.899400
0.202900 0.747500 0.450400 0.000000 0.000000 0.330700 -0.255400 -0.908500
0.208900 0.740300 0.464500 0.000000 0.000000 0.707600 -0.704100 -0.059700
0.240500 0.764500 0.466600 0.000000 0.000000 0.499900 -0.863100 -0.070900
0.236300 0.773100 0.452500 0.000000 0.000000 0.233800 -0.330200 -0.914500
0.277400 0.779700 0.467800 0.000000 0.000000 0.258500 -0.962600 -0.081300
0.275200 0.789100 0.453900 0.000000 0.000000 0.121100 -0.377300 -0.918100
0.317000 0.794600 0.454300 0.000000 0.000000 -0.000400 -0.392500 -0.919700
0.317000 0.784900 0.468300 0.000000 0.000000 0.000200 -0.996800 -0.079800
0.356500 0.779700 0.467800 0.000000 0.000000 -0.258700 -0.962500 -0.081300
0.358700 0.789100 0.453900 0.000000 0.000000 -0.120700 -0.377900 -0.918000
0.393400 0.764500 0.466600 0.000000 0.000000 -0.500500 -0.862800 -0.070900
0.397600 0.773100 0.452500 0.000000 0.000000 -0.234200 -0.330000 -0.914500
0.425000 0.740300 0.464500 0.000000 0.000000 -0.706900 -0.704700 -0.059700
0.431000 0.747500 0.450400 0.000000 0.000000 -0.330300 -0.256000 -0.908500
0.456700 0.714200 0.447600 0.000000 0.000000 -0.404800 -0.158900 -0.900500
0.449300 0.708800 0.461900 0.000000 0.000000 -0.865600 -0.499100 -0.041000
0.464600 0.672000 0.458800 0.000000 0.000000 -0.958600 -0.283900 -0.022700
0.472800 0.675500 0.444300 0.000000 0.000000 -0.454200 -0.054700 -0.889200
0.478300 0.633900 0.440800 0.000000 0.000000 -0.167000 0.845600 -0.507000
0.469800 0.644100 0.456400 0.000000 0.000000 -0.840200 0.540400 0.045200
0.449300 0.556500 0.449100 0.000000 0.000000 -0.866100 0.498100 0.042500
0.464600 0.593200 0.452200 0.000000 0.000000 -0.656100 -0.752300 -0.060300
0.472800 0.592200 0.437300 0.000000 0.000000 -0.348200 -0.748200 -0.564800
0.456700 0.553500 0.434100 0.000000 0.000000 -0.404000 0.306000 -0.862100
0.431000 0.520200 0.431300 0.000000 0.000000 -0.330600 0.403800 -0.853000
0.425000 0.524900 0.446400 0.000000 0.000000 -0.706700 0.705100 0.058100
0.397600 0.494600 0.429100 0.000000 0.000000 -0.169000 0.472600 -0.864900
0.393400 0.500700 0.444400 0.000000 0.000000 -0.368700 0.926400 0.076900
0.378200 0.492100 0.428900 0.000000 0.000000 -0.061600 0.575700 -0.815400
0.375000 0.498600 0.444200 0.000000 0.000000 -0.113300 0.990100 0.083200
0.259000 0.498600 0.444200 0.000000 0.000000 0.117800 0.989500 0.083700
0.277400 0.496500 0.444100 0.000000 0.000000 -0.708100 0.703400 0.061500
0.275200 0.489600 0.428700 0.000000 0.000000 -0.753400 0.513800 -0.410400
0.255800 0.492100 0.428900 0.000000 0.000000 0.063400 0.576600 -0.814500
0.202900 0.520200 0.431300 0.000000 0.000000 0.330700 0.403700 -0.853100
0.208900 0.524900 0.446400 0.000000 0.000000 0.707500 0.704300 0.058000
0.240500 0.500700 0.444400 0.000000 0.000000 0.368000 0.926600 0.077000
0.236300 0.494600 0.429100 0.000000 0.000000 0.168800 0.473000 -0.864800
0.177300 0.553500 0.434100 0.000000 0.000000 0.405400 0.307400 -0.860900
0.184600 0.556500 0.449100 0.000000 0.000000 0.866100 0.498100 0.042100
0.169300 0.593200 0.452200 0.000000 0.000000 0.656500 -0.751900 -0.060600
0.161100 0.592200 0.437300 0.000000 0.000000 0.347900 -0.748300 -0.564900
0.155600 0.633900 0.440800 0.000000 0.000000 0.160300 0.842700 -0.514000
0.164100 0.644100 0.456400 0.000000 0.000000 0.850800 0.521100 0.068000
0.162500 0.722700 0.448300 0.000000 0.000000 -0.459300 0.335500 -0.822500
0.144700 0.679800 0.444700 0.000000 0.000000 -0.512200 0.207300 -0.833500
0.190900 0.759500 0.451400 0.000000 0.000000 -0.373800 0.443200 -0.814800
0.227800 0.787700 0.453700 0.000000 0.000000 -0.264700 0.528100 -0.806900
0.270800 0.805500 0.455200 0.000000 0.000000 -0.137600 0.580800 -0.802400
0.317000 0.811500 0.455700 0.000000 0.000000 -0.000200 0.597100 -0.802200
0.363100 0.805500 0.455200 0.000000 0.000000 0.137900 0.580800 -0.802300
0.406100 0.787700 0.453700 0.000000 0.000000 0.263800 0.527400 -0.807600
0.443100 0.759500 0.451400 0.000000 0.000000 0.374500 0.443200 -0.814400
0.471400 0.722700 0.448300 0.000000 0.000000 0.459700 0.334900 -0.822500
0.489200 0.679800 0.444700 0.000000 0.000000 0.511800 0.208500 -0.833400
0.495300 0.633900 0.440800 0.000000 0.000000 0.314000 0.863600 -0.394500
0.498300 0.633900 0.435600 0.000000 0.000000 0.469100 0.620100 -0.628800
0.492200 0.587900 0.431800 0.000000 0.000000 0.305700 -0.613300 -0.728300
0.472800 0.592800 0.430400 0.000000 0.000000 -0.048500 -0.599200 -0.799100
0.478300 0.634400 0.433900 0.000000 0.000000 0.034700 0.749300 -0.661300
0.489200 0.587900 0.437000 0.000000 0.000000 0.085900 -0.842400 -0.531900
0.471400 0.545000 0.433400 0.000000 0.000000 0.460100 -0.193200 -0.866600
0.443100 0.508200 0.430300 0.000000 0.000000 0.374800 -0.302400 -0.876400
0.406100 0.480000 0.427900 0.000000 0.000000 0.215800 -0.439700 -0.871900
0.384600 0.476600 0.427600 0.000000 0.000000 0.079800 -0.426000 -0.901200
0.357800 0.493200 0.425500 0.000000 0.000000 0.695100 0.408600 -0.591500
0.363300 0.470700 0.421900 0.000000 0.000000 0.644600 -0.216300 -0.733300
0.343600 0.469300 0.421000 0.000000 0.000000 0.056800 -0.424900 -0.903500
0.342500 0.502100 0.423200 0.000000 0.000000 0.286800 0.426900 -0.857600
0.317000 0.500000 0.422600 0.000000 0.000000 0.021200 0.087200 -0.996000
0.317000 0.468800 0.421000 0.000000 0.000000 -0.000000 -0.446000 -0.895100
0.290400 0.469300 0.421000 0.000000 0.000000 -0.041800 -0.438800 -0.897600
0.291500 0.502100 0.423200 0.000000 0.000000 -0.321600 0.387500 -0.864000
0.270800 0.473200 0.427300 0.000000 0.000000 -0.832300 -0.056700 -0.551400
0.249300 0.476600 0.427600 0.000000 0.000000 -0.081500 -0.427100 -0.900500
0.227800 0.480000 0.427900 0.000000 0.000000 -0.215200 -0.442500 -0.870600
0.190900 0.508200 0.430300 0.000000 0.000000 -0.374800 -0.302100 -0.876500
0.162500 0.545000 0.433400 0.000000 0.000000 -0.460000 -0.193600 -0.866500
0.144700 0.587900 0.437000 0.000000 0.000000 -0.073100 -0.841600 -0.535100
0.141700 0.587900 0.431800 0.000000 0.000000 -0.304600 -0.609600 -0.731800
0.135700 0.633900 0.435600 0.000000 0.000000 -0.464700 0.623200 -0.629100
0.155600 0.634400 0.433900 0.000000 0.000000 -0.040000 0.750800 -0.659400
0.161100 0.592800 0.430400 0.000000 0.000000 0.048100 -0.599000 -0.799300
0.138700 0.633900 0.440800 0.000000 0.000000 -0.305600 0.862100 -0.404100
0.136500 0.680800 0.459500 0.000000 0.000000 -0.966000 0.257600 0.020400
0.155200 0.725700 0.463300 0.000000 0.000000 -0.865800 0.498600 0.042500
0.184900 0.764300 0.466500 0.000000 0.000000 -0.706600 0.705200 0.058600
0.223600 0.793800 0.469000 0.000000 0.000000 -0.500000 0.863100 0.071000
0.268600 0.812400 0.470600 0.000000 0.000000 -0.259100 0.962200 0.083300
0.317000 0.818800 0.471100 0.000000 0.000000 0.000100 0.996600 0.082400
0.365300 0.812400 0.470600 0.000000 0.000000 0.259600 0.962100 0.083600
0.410400 0.793800 0.469000 0.000000 0.000000 0.499400 0.863400 0.071100
0.449100 0.764300 0.466500 0.000000 0.000000 0.707100 0.704700 0.058000
0.478700 0.725700 0.463300 0.000000 0.000000 0.866200 0.497900 0.041900
0.497400 0.680800 0.459500 0.000000 0.000000 0.965700 0.258700 0.020400
0.503800 0.632600 0.455500 0.000000 0.000000 0.574400 0.815500 0.071200
0.509800 0.631800 0.455400 0.000000 0.000000 0.856500 0.514300 0.043100
0.503400 0.583700 0.451400 0.000000 0.000000 0.695400 -0.716100 -0.059900
0.497400 0.584400 0.451400 0.000000 0.000000 0.352900 -0.932100 -0.081800
0.478700 0.539500 0.447700 0.000000 0.000000 0.866200 -0.497900 -0.042000
0.449100 0.501000 0.444400 0.000000 0.000000 0.706900 -0.704600 -0.061300
0.410400 0.471400 0.442000 0.000000 0.000000 0.406900 -0.910400 -0.074700
0.387800 0.467600 0.441600 0.000000 0.000000 0.162500 -0.983100 -0.084800
0.365600 0.457800 0.440800 0.000000 0.000000 0.685600 -0.725700 -0.057500
0.345000 0.455800 0.440600 0.000000 0.000000 0.058500 -0.994600 -0.085300
0.289000 0.455800 0.440600 0.000000 0.000000 -0.059400 -0.994500 -0.086100
0.317000 0.455200 0.440600 0.000000 0.000000 0.001100 -0.996500 -0.083000
0.268600 0.463800 0.441300 0.000000 0.000000 -0.874800 -0.481400 -0.054000
0.246100 0.467600 0.441600 0.000000 0.000000 -0.166000 -0.982400 -0.085200
0.184900 0.501000 0.444400 0.000000 0.000000 -0.707100 -0.704400 -0.061500
0.223600 0.471400 0.442000 0.000000 0.000000 -0.403800 -0.911700 -0.075400
0.155200 0.539500 0.447700 0.000000 0.000000 -0.865700 -0.498800 -0.042100
0.136500 0.584400 0.451400 0.000000 0.000000 -0.348800 -0.934600 -0.070100
0.130500 0.583700 0.451400 0.000000 0.000000 -0.698300 -0.713600 -0.056200
0.124200 0.631800 0.455400 0.000000 0.000000 -0.857300 0.513300 0.040200
0.130200 0.632600 0.455500 0.000000 0.000000 -0.572600 0.817500 0.061800
0.144700 0.677400 0.474000 0.000000 0.000000 -0.511900 0.065400 0.856600
0.162500 0.720200 0.477600 0.000000 0.000000 -0.459600 0.193400 0.866800
0.190900 0.757000 0.480700 0.000000 0.000000 -0.374200 0.302200 0.876700
0.227800 0.785300 0.483100 0.000000 0.000000 -0.265600 0.386900 0.883000
0.270800 0.803000 0.484500 0.000000 0.000000 -0.136800 0.439300 0.887900
0.317000 0.809100 0.485100 0.000000 0.000000 -0.000500 0.456300 0.889800
0.363100 0.803000 0.484500 0.000000 0.000000 0.138100 0.439600 0.887500
0.406100 0.785300 0.483100 0.000000 0.000000 0.263800 0.387000 0.883500
0.443100 0.757000 0.480700 0.000000 0.000000 0.374800 0.302000 0.876500
0.471400 0.720200 0.477600 0.000000 0.000000 0.459800 0.192900 0.866800
0.489200 0.677400 0.474000 0.000000 0.000000 0.511900 0.065600 0.856500
0.495300 0.631400 0.470100 0.000000 0.000000 0.303000 0.787700 0.536500
0.498300 0.630600 0.475300 0.000000 0.000000 0.464800 0.513700 0.721200
0.492200 0.584600 0.471400 0.000000 0.000000 0.307300 -0.723100 0.618600
0.471400 0.542500 0.462700 0.000000 0.000000 0.459500 -0.335000 0.822500
0.489200 0.585400 0.466300 0.000000 0.000000 0.087500 -0.917300 0.388500
0.443100 0.505700 0.459600 0.000000 0.000000 0.375200 -0.445800 0.812700
0.406100 0.477500 0.457200 0.000000 0.000000 0.214800 -0.579600 0.786100
0.384600 0.474100 0.456900 0.000000 0.000000 0.081400 -0.570200 0.817500
0.343600 0.465800 0.462300 0.000000 0.000000 0.041300 -0.582800 0.811500
0.363300 0.467300 0.461600 0.000000 0.000000 0.657100 -0.357900 0.663400
0.290400 0.465800 0.462300 0.000000 0.000000 -0.057000 -0.569500 0.820000
0.317000 0.465400 0.462200 0.000000 0.000000 0.001200 -0.587600 0.809200
0.249300 0.474100 0.456900 0.000000 0.000000 -0.082200 -0.571300 0.816600
0.270800 0.470800 0.456700 0.000000 0.000000 -0.827800 -0.133300 0.544900
0.227800 0.477500 0.457200 0.000000 0.000000 -0.214600 -0.581600 0.784600
0.190900 0.505700 0.459600 0.000000 0.000000 -0.375100 -0.445300 0.813000
0.162500 0.542500 0.462700 0.000000 0.000000 -0.459400 -0.335300 0.822500
0.144700 0.585400 0.466300 0.000000 0.000000 -0.087200 -0.917300 0.388400
0.141700 0.584600 0.471400 0.000000 0.000000 -0.307800 -0.722700 0.618800
0.135700 0.630600 0.475300 0.000000 0.000000 -0.462600 0.512100 0.723700
0.138700 0.631400 0.470100 0.000000 0.000000 -0.293300 0.789000 0.539900
0.161100 0.673000 0.473600 0.000000 0.000000 0.455200 -0.203900 0.866800
0.177300 0.711800 0.476900 0.000000 0.000000 0.405100 -0.308100 0.860800
0.202900 0.745100 0.479700 0.000000 0.000000 0.330500 -0.402800 0.853500
0.236300 0.770600 0.481800 0.000000 0.000000 0.234600 -0.478300 0.846300
0.275200 0.786700 0.483200 0.000000 0.000000 0.120300 -0.521100 0.845000
0.317000 0.792200 0.483600 0.000000 0.000000 -0.000700 -0.539700 0.841900
0.358700 0.786700 0.483200 0.000000 0.000000 -0.120000 -0.521900 0.844500
0.397600 0.770600 0.481800 0.000000 0.000000 -0.235000 -0.478300 0.846200
0.431000 0.745100 0.479700 0.000000 0.000000 -0.330200 -0.403500 0.853300
0.456700 0.711800 0.476900 0.000000 0.000000 -0.403600 -0.306700 0.862000
0.472800 0.673000 0.473600 0.000000 0.000000 -0.455300 -0.203900 0.866700
0.478300 0.631400 0.470100 0.000000 0.000000 -0.162700 0.751100 0.639800
0.472800 0.589200 0.473600 0.000000 0.000000 -0.049800 -0.724900 0.687100
0.478300 0.630800 0.477100 0.000000 0.000000 0.040100 0.633800 0.772500
0.472800 0.589800 0.466600 0.000000 0.000000 -0.352900 -0.830600 0.430800
0.456700 0.551000 0.463400 0.000000 0.000000 -0.404300 0.158600 0.900800
0.431000 0.517700 0.460600 0.000000 0.000000 -0.331000 0.256400 0.908100
0.397600 0.492200 0.458500 0.000000 0.000000 -0.172100 0.321400 0.931200
0.378200 0.489600 0.458200 0.000000 0.000000 -0.061700 0.430900 0.900300
0.357800 0.490200 0.461800 0.000000 0.000000 0.717700 0.347100 0.603600
0.342500 0.498600 0.465500 0.000000 0.000000 0.322500 0.238400 0.916100
0.317000 0.496400 0.465800 0.000000 0.000000 -0.020600 -0.077700 0.996800
0.291500 0.498600 0.465500 0.000000 0.000000 -0.286200 0.279400 0.916500
0.275200 0.487100 0.458000 0.000000 0.000000 -0.754400 0.437500 0.489400
0.255800 0.489600 0.458200 0.000000 0.000000 0.064400 0.432400 0.899400
0.236300 0.492200 0.458500 0.000000 0.000000 0.171100 0.322600 0.930900
0.202900 0.517700 0.460600 0.000000 0.000000 0.331500 0.255800 0.908100
0.177300 0.551000 0.463400 0.000000 0.000000 0.405400 0.160000 0.900000
0.161100 0.589800 0.466600 0.000000 0.000000 0.352300 -0.830700 0.431200
0.155600 0.630800 0.477100 0.000000 0.000000 -0.040400 0.633600 0.772600
0.161100 0.589200 0.473600 0.000000 0.000000 0.049600 -0.724800 0.687200
0.155600 0.631400 0.470100 0.000000 0.000000 0.162700 0.751100 0.639900
0.354700 0.503200 0.444600 0.000000 0.000000 0.514900 0.854300 0.070700
0.467400 0.633900 0.440800 0.000000 0.000000 -0.323000 0.801500 -0.503200
0.459400 0.644100 0.456400 0.000000 0.000000 -0.288800 0.954100 0.079600
0.467400 0.634400 0.433900 0.000000 0.000000 -0.537800 0.651900 -0.534600
0.462200 0.592800 0.430400 0.000000 0.000000 -0.615500 -0.492600 -0.615300
0.462200 0.592200 0.437300 0.000000 0.000000 -0.317400 -0.890500 -0.326000
0.454600 0.593200 0.452200 0.000000 0.000000 0.000000 -0.996600 -0.082300
0.467400 0.630800 0.477100 0.000000 0.000000 -0.537300 0.556700 0.633500
0.462200 0.589200 0.473600 0.000000 0.000000 -0.615200 -0.589800 0.523100
0.467400 0.631400 0.470100 0.000000 0.000000 -0.324700 0.707200 0.628000
0.462200 0.589800 0.466600 0.000000 0.000000 -0.318200 -0.932100 0.173200
0.171700 0.592200 0.437300 0.000000 0.000000 0.317300 -0.890800 -0.325400
0.179400 0.593200 0.452200 0.000000 0.000000 0.000000 -0.996600 -0.082300
0.171700 0.592800 0.430400 0.000000 0.000000 0.614800 -0.493300 -0.615400
0.166600 0.634400 0.433900 0.000000 0.000000 0.538600 0.651300 -0.534500
0.166600 0.633900 0.440800 0.000000 0.000000 0.274000 0.797500 -0.537500
0.174500 0.644100 0.456400 0.000000 0.000000 0.210600 0.965000 0.156200
0.171700 0.589200 0.473600 0.000000 0.000000 0.614500 -0.590500 0.523200
0.166600 0.630800 0.477100 0.000000 0.000000 0.538100 0.556200 0.633300
0.171700 0.589800 0.466600 0.000000 0.000000 0.318100 -0.932200 0.172500
0.166600 0.631400 0.470100 0.000000 0.000000 0.325000 0.706800 0.628300
0.282600 0.541000 0.433000 0.000000 0.000000 -0.377400 -0.923000 -0.074400
0.282600 0.538500 0.462300 0.000000 0.000000 -0.379100 -0.922100 -0.077800
0.265400 0.547400 0.463100 0.000000 0.000000 -0.472900 -0.878100 -0.073000
0.265400 0.549800 0.433800 0.000000 0.000000 -0.472000 -0.878500 -0.074300
0.265300 0.630900 0.476100 0.000000 0.000000 0.000100 -0.083500 0.996500
0.239500 0.630900 0.476100 0.000000 0.000000 -0.707200 -0.059600 0.704500
0.239500 0.589300 0.472600 0.000000 0.000000 -0.730100 -0.169000 0.662100
0.265300 0.589300 0.472600 0.000000 0.000000 0.000200 -0.083300 0.996500
0.265300 0.659100 0.443000 0.000000 0.000000 -0.478300 0.875000 0.074700
0.239500 0.643300 0.441600 0.000000 0.000000 -0.873400 0.485300 0.041500
0.239500 0.642100 0.456300 0.000000 0.000000 -0.872300 0.487200 0.041600
0.265300 0.657900 0.457600 0.000000 0.000000 -0.478700 0.875000 0.072100
0.265300 0.635200 0.424500 0.000000 0.000000 -0.177800 0.228000 -0.957300
0.265300 0.593600 0.421000 0.000000 0.000000 -0.174400 -0.015400 -0.984600
0.239500 0.592900 0.429500 0.000000 0.000000 -0.809500 -0.094400 -0.579500
0.239500 0.634500 0.433000 0.000000 0.000000 -0.787000 0.102200 -0.608400
0.211200 0.596800 0.452500 0.000000 0.000000 0.068800 -0.991600 -0.109300
0.205300 0.596000 0.440500 0.000000 0.000000 0.220100 -0.631200 -0.743700
0.233200 0.596000 0.440500 0.000000 0.000000 -0.400500 -0.577200 -0.711700
0.233200 0.595000 0.452300 0.000000 0.000000 0.688600 -0.720800 -0.078800
0.205300 0.594000 0.464200 0.000000 0.000000 0.205400 -0.742500 0.637600
0.233200 0.594000 0.464200 0.000000 0.000000 -0.372800 -0.687700 0.622900
0.231400 0.627600 0.467000 0.000000 0.000000 -0.296900 0.598100 0.744400
0.201400 0.627600 0.467000 0.000000 0.000000 0.220100 0.571500 0.790600
0.231400 0.629600 0.443300 0.000000 0.000000 -0.301700 0.713900 -0.631900
0.201400 0.629600 0.443300 0.000000 0.000000 0.223500 0.695100 -0.683300
0.207500 0.628600 0.455200 0.000000 0.000000 0.110200 0.990400 0.083900
0.234200 0.628600 0.455200 0.000000 0.000000 -0.359100 0.930100 0.077700
0.394500 0.592900 0.429500 0.000000 0.000000 0.819400 -0.078200 -0.567900
0.368600 0.593600 0.421000 0.000000 0.000000 0.155600 0.013700 -0.987700
0.368600 0.635200 0.424500 0.000000 0.000000 0.148800 0.222700 -0.963500
0.394500 0.634500 0.433000 0.000000 0.000000 0.810200 0.049200 -0.584100
0.368600 0.657900 0.457600 0.000000 0.000000 0.477900 0.875400 0.072100
0.394500 0.642100 0.456300 0.000000 0.000000 0.871900 0.487900 0.041600
0.394500 0.643300 0.441600 0.000000 0.000000 0.872900 0.486000 0.041700
0.368600 0.659100 0.443000 0.000000 0.000000 0.477500 0.875400 0.074800
0.368600 0.589300 0.472600 0.000000 0.000000 0.000100 -0.083600 0.996500
0.394500 0.589300 0.472600 0.000000 0.000000 0.730000 -0.170200 0.661900
0.394500 0.630900 0.476100 0.000000 0.000000 0.707200 -0.059600 0.704500
0.368600 0.630900 0.476100 0.000000 0.000000 -0.000100 -0.083500 0.996500
0.351300 0.538500 0.462300 0.000000 0.000000 0.378700 -0.922300 -0.077300
0.351300 0.541000 0.433000 0.000000 0.000000 0.377800 -0.922800 -0.075500
0.368500 0.549800 0.433800 0.000000 0.000000 0.471600 -0.878600 -0.075400
0.368500 0.547400 0.463100 0.000000 0.000000 0.473300 -0.877900 -0.072500
0.428600 0.596000 0.440500 0.000000 0.000000 -0.220100 -0.631200 -0.743700
0.400700 0.596000 0.440500 0.000000 0.000000 0.399300 -0.568900 -0.719000
0.402500 0.629600 0.443300 0.000000 0.000000 0.299800 0.709900 -0.637300
0.432500 0.629600 0.443300 0.000000 0.000000 -0.223100 0.696100 -0.682400
0.399700 0.628600 0.455200 0.000000 0.000000 0.343600 0.932700 0.109900
0.402500 0.627600 0.467000 0.000000 0.000000 0.279200 0.618100 0.734900
0.432500 0.627600 0.467000 0.000000 0.000000 -0.219700 0.572600 0.789900
0.426500 0.628600 0.455200 0.000000 0.000000 -0.110800 0.990300 0.083900
0.400700 0.594000 0.464200 0.000000 0.000000 0.396700 -0.685900 0.610000
0.428600 0.594000 0.464200 0.000000 0.000000 -0.218400 -0.743200 0.632500
0.400700 0.595000 0.452300 0.000000 0.000000 0.324300 -0.942600 -0.079400
0.422700 0.596800 0.452500 0.000000 0.000000 -0.088300 -0.992500 -0.084400
0.265300 0.659800 0.435100 0.000000 0.000000 -0.390700 0.763800 -0.513700
0.239500 0.644000 0.433800 0.000000 0.000000 -0.690800 0.437300 -0.575900
0.239500 0.632600 0.455500 0.000000 0.000000 -0.877700 0.477600 0.040600
0.239500 0.633900 0.440800 0.000000 0.000000 -0.964500 0.207000 -0.163700
0.265300 0.656100 0.478200 0.000000 0.000000 -0.341800 0.565500 0.750600
0.239500 0.640300 0.476900 0.000000 0.000000 -0.690400 0.332300 0.642600
0.394500 0.640300 0.476900 0.000000 0.000000 0.690200 0.333000 0.642500
0.368600 0.656100 0.478200 0.000000 0.000000 0.341100 0.565600 0.750800
0.394500 0.633900 0.440800 0.000000 0.000000 0.965700 0.202800 -0.162400
0.394500 0.632600 0.455500 0.000000 0.000000 0.888300 0.454900 0.062400
0.368600 0.659800 0.435100 0.000000 0.000000 0.373400 0.771500 -0.515200
0.394500 0.644000 0.433800 0.000000 0.000000 0.749100 0.456500 -0.480100
0.250400 0.555200 0.469800 0.000000 0.000000 -0.598500 -0.541300 0.590600
0.279500 0.546300 0.469000 0.000000 0.000000 0.000500 -0.083000 0.996600
0.250400 0.555700 0.463800 0.000000 0.000000 -0.773800 -0.631300 -0.052200
0.239500 0.589800 0.466600 0.000000 0.000000 -0.930200 -0.342900 0.131000
0.239500 0.592200 0.437300 0.000000 0.000000 -0.931400 -0.314000 -0.183900
0.250400 0.558100 0.434500 0.000000 0.000000 -0.773300 -0.631700 -0.053900
0.279500 0.550200 0.423200 0.000000 0.000000 -0.119800 -0.159300 -0.979900
0.250400 0.558800 0.426600 0.000000 0.000000 -0.630700 -0.446800 -0.634500
0.383500 0.558800 0.426600 0.000000 0.000000 0.645300 -0.484600 -0.590600
0.354500 0.550200 0.423200 0.000000 0.000000 0.114600 -0.171200 -0.978600
0.394500 0.589800 0.466600 0.000000 0.000000 0.930400 -0.342700 0.129900
0.383500 0.555700 0.463800 0.000000 0.000000 0.772900 -0.632300 -0.052200
0.383500 0.558100 0.434500 0.000000 0.000000 0.772500 -0.632700 -0.054000
0.394500 0.592200 0.437300 0.000000 0.000000 0.932900 -0.310800 -0.182000
0.354500 0.546300 0.469000 0.000000 0.000000 -0.000000 -0.083300 0.996500
0.383500 0.555200 0.469800 0.000000 0.000000 0.597500 -0.541600 0.591400
0.265400 0.546900 0.469100 0.000000 0.000000 -0.334400 -0.680300 0.652200
0.282600 0.538000 0.468300 0.000000 0.000000 -0.276400 -0.727700 0.627700
0.265400 0.550500 0.425900 0.000000 0.000000 -0.396100 -0.684400 -0.612100
0.282600 0.541600 0.425200 0.000000 0.000000 -0.309800 -0.732400 -0.606300
0.351300 0.541600 0.425200 0.000000 0.000000 0.311700 -0.732300 -0.605400
0.368500 0.550500 0.425900 0.000000 0.000000 0.318100 -0.532700 -0.784300
0.368500 0.546900 0.469100 0.000000 0.000000 0.334400 -0.680300 0.652200
0.351300 0.538000 0.468300 0.000000 0.000000 0.276400 -0.727700 0.627700
0.317000 0.547500 0.423000 0.000000 0.000000 0.000000 -0.131300 -0.991300
0.317000 0.539000 0.424900 0.000000 0.000000 0.000000 -0.752000 -0.659100
0.291400 0.539000 0.424900 0.000000 0.000000 -0.113100 -0.767200 -0.631300
0.289100 0.547500 0.423000 0.000000 0.000000 -0.036400 -0.145900 -0.988600
0.317000 0.535300 0.468100 0.000000 0.000000 0.000000 -0.763700 0.645600
0.317000 0.543600 0.468800 0.000000 0.000000 0.000000 -0.083500 0.996500
0.289100 0.543600 0.468800 0.000000 0.000000 -0.001700 -0.083800 0.996500
0.291400 0.535300 0.468100 0.000000 0.000000 -0.110300 -0.783100 0.612000
0.291100 0.589300 0.472600 0.000000 0.000000 -0.000100 -0.083500 0.996500
0.317000 0.589300 0.472600 0.000000 0.000000 0.000000 -0.083400 0.996500
0.291100 0.630900 0.476100 0.000000 0.000000 -0.000200 -0.084100 0.996500
0.317000 0.630900 0.476100 0.000000 0.000000 0.000000 -0.084300 0.996400
0.291100 0.668500 0.479300 0.000000 0.000000 -0.167800 0.674000 0.719500
0.317000 0.668500 0.479300 0.000000 0.000000 0.000000 0.645300 0.764000
0.317000 0.670200 0.458600 0.000000 0.000000 0.000000 0.996700 0.081600
0.317000 0.671400 0.444000 0.000000 0.000000 0.000000 0.996400 0.085100
0.291100 0.671400 0.444000 0.000000 0.000000 -0.221300 0.971700 0.083000
0.291100 0.670200 0.458600 0.000000 0.000000 -0.221200 0.972000 0.079600
0.317000 0.593600 0.421000 0.000000 0.000000 0.000000 0.011800 -0.999900
0.291100 0.593600 0.421000 0.000000 0.000000 -0.001100 0.010300 -0.999900
0.291400 0.535800 0.462100 0.000000 0.000000 -0.458800 -0.861500 0.217400
0.291400 0.538300 0.432800 0.000000 0.000000 -0.456600 -0.813800 -0.359600
0.291100 0.672100 0.436100 0.000000 0.000000 -0.177700 0.844200 -0.505700
0.291200 0.653700 0.429900 0.000000 0.000000 -0.041000 0.329000 -0.943400
0.291300 0.635400 0.423800 0.000000 0.000000 -0.011400 0.195800 -0.980600
0.291200 0.614500 0.422400 0.000000 0.000000 0.000000 0.066900 -0.997800
0.342800 0.593600 0.421000 0.000000 0.000000 0.001100 0.010300 -0.999900
0.344800 0.547500 0.423000 0.000000 0.000000 0.035900 -0.145700 -0.988700
0.342800 0.670200 0.458600 0.000000 0.000000 0.221200 0.972000 0.079600
0.342800 0.671400 0.444000 0.000000 0.000000 0.221300 0.971700 0.083000
0.342800 0.668500 0.479300 0.000000 0.000000 0.167800 0.674000 0.719500
0.342800 0.630900 0.476100 0.000000 0.000000 0.000200 -0.084100 0.996500
0.342800 0.589300 0.472600 0.000000 0.000000 0.000000 -0.083400 0.996500
0.344800 0.543600 0.468800 0.000000 0.000000 0.001500 -0.084100 0.996500
0.342500 0.535300 0.468100 0.000000 0.000000 0.110300 -0.783100 0.612000
0.342500 0.539000 0.424900 0.000000 0.000000 0.113000 -0.767300 -0.631300
0.342700 0.635400 0.423800 0.000000 0.000000 0.022400 0.206400 -0.978200
0.342700 0.614500 0.422400 0.000000 0.000000 0.000000 0.066800 -0.997800
0.342700 0.653700 0.429900 0.000000 0.000000 0.057500 0.317000 -0.946700
0.342800 0.672100 0.436100 0.000000 0.000000 0.177700 0.844200 -0.505700
0.342500 0.535800 0.462100 0.000000 0.000000 0.458800 -0.861500 0.217400
0.342500 0.538300 0.432800 0.000000 0.000000 0.456600 -0.813800 -0.359600
0.291400 0.507000 0.459700 0.000000 0.000000 -0.730300 -0.163200 0.663400
0.317000 0.507000 0.459700 0.000000 0.000000 0.000100 -0.077200 0.997000
0.317000 0.535800 0.462100 0.000000 0.000000 0.000000 -0.763400 0.645900
0.291400 0.509500 0.430400 0.000000 0.000000 -0.727900 -0.051100 -0.683800
0.317000 0.538300 0.432800 0.000000 0.000000 0.000000 -0.643900 -0.765100
0.317000 0.509500 0.430400 0.000000 0.000000 0.000100 0.077200 -0.997000
0.342500 0.509500 0.430400 0.000000 0.000000 0.727900 -0.051100 -0.683800
0.342500 0.507000 0.459700 0.000000 0.000000 0.730200 -0.163300 0.663400
0.279300 0.503200 0.444600 0.000000 0.000000 -0.510500 0.856900 0.071100
0.276100 0.490200 0.461800 0.000000 0.000000 -0.695900 0.306100 0.649600
0.270700 0.467300 0.461600 0.000000 0.000000 -0.639200 -0.340600 0.689500
0.268300 0.457800 0.440800 0.000000 0.000000 -0.686100 -0.724600 -0.065400
0.270700 0.470700 0.421900 0.000000 0.000000 -0.654200 -0.239300 -0.717400
0.276100 0.493200 0.425500 0.000000 0.000000 -0.719200 0.440800 -0.537000
0.288800 0.503800 0.462900 0.000000 0.000000 -0.771900 0.435400 0.463300
0.288800 0.506900 0.426700 0.000000 0.000000 -0.782500 0.517000 -0.347000
0.317000 0.503700 0.466400 0.000000 0.000000 -0.029300 0.633700 0.773100
0.345200 0.503800 0.462900 0.000000 0.000000 0.784400 0.442800 0.434400
0.345200 0.506900 0.426700 0.000000 0.000000 0.767100 0.518000 -0.378500
0.317000 0.507300 0.423200 0.000000 0.000000 0.033800 0.748800 -0.661900
0.239500 0.631400 0.470100 0.000000 0.000000 -0.963900 0.178500 0.197600
0.394500 0.631400 0.470100 0.000000 0.000000 0.968100 0.173400 0.181100
0.265300 0.656700 0.472300 0.000000 0.000000 -0.478800 0.874300 0.079700
0.239500 0.640800 0.470900 0.000000 0.000000 -0.873600 0.484800 0.041300
0.394500 0.640800 0.470900 0.000000 0.000000 0.873200 0.485600 0.041300
0.368600 0.656700 0.472300 0.000000 0.000000 0.478000 0.874700 0.079700
0.317000 0.669000 0.473300 0.000000 0.000000 0.000000 0.996600 0.082200
0.291100 0.669000 0.473300 0.000000 0.000000 -0.221900 0.971700 0.080700
0.342800 0.669000 0.473300 0.000000 0.000000 0.221900 0.971700 0.080700
0.317000 0.672100 0.436100 0.000000 0.000000 0.000000 0.837200 -0.546900
0.192400 0.592200 0.437300 0.000000 0.000000 0.148400 -0.681700 -0.716500
0.188000 0.633900 0.440800 0.000000 0.000000 0.236800 0.627700 -0.741600
0.198900 0.593200 0.452200 0.000000 0.000000 0.183400 -0.979400 -0.084300
0.192400 0.589800 0.466600 0.000000 0.000000 0.143100 -0.791800 0.593800
0.188000 0.631400 0.470100 0.000000 0.000000 0.128100 0.635900 0.761000
0.194800 0.632600 0.455500 0.000000 0.000000 0.324000 0.939100 0.114200
0.445900 0.633900 0.440800 0.000000 0.000000 -0.130700 0.754300 -0.643300
0.439200 0.632600 0.455500 0.000000 0.000000 -0.272100 0.958800 0.082100
0.445900 0.631400 0.470100 0.000000 0.000000 -0.128500 0.636100 0.760900
0.441500 0.589800 0.466600 0.000000 0.000000 -0.143100 -0.791800 0.593800
0.435000 0.593200 0.452200 0.000000 0.000000 -0.183400 -0.979400 -0.084300
0.441500 0.592200 0.437300 0.000000 0.000000 -0.148400 -0.681700 -0.716500
0.297700 0.635400 0.423800 0.000000 0.000000 0.000000 0.192900 -0.981200
0.297700 0.627900 0.423300 0.000000 0.000000 0.000100 0.066800 -0.997800
0.307300 0.614500 0.422400 0.000000 0.000000 0.000000 0.066900 -0.997800
0.336300 0.653700 0.429900 0.000000 0.000000 0.001200 0.317300 -0.948300
0.317000 0.662900 0.433000 0.000000 0.000000 -0.000100 0.320800 -0.947100
0.333100 0.662900 0.433000 0.000000 0.000000 0.524400 0.806500 0.273000
0.300800 0.662900 0.433000 0.000000 0.000000 0.855500 -0.504700 -0.115400
0.297600 0.653700 0.429900 0.000000 0.000000 -0.001600 0.318400 -0.947900
0.356500 0.496500 0.444100 0.000000 0.000000 0.712400 0.699200 0.060000
0.358700 0.489600 0.428700 0.000000 0.000000 0.753200 0.513700 -0.410700
0.358700 0.487100 0.458000 0.000000 0.000000 0.755000 0.449700 0.477200
0.363100 0.470800 0.456700 0.000000 0.000000 0.838400 -0.147500 0.524700
0.365300 0.463800 0.441300 0.000000 0.000000 0.875300 -0.482900 -0.026800
0.363100 0.473200 0.427300 0.000000 0.000000 0.837400 -0.036500 -0.545400
0.317000 0.506700 0.430200 0.000000 0.000000 0.000100 0.761100 -0.648600
0.292200 0.506800 0.430200 0.000000 0.000000 -0.337600 0.884800 -0.321100
0.341700 0.506800 0.430200 0.000000 0.000000 0.334200 0.885500 -0.322900
0.341700 0.504400 0.459500 0.000000 0.000000 0.334200 0.805300 0.489600
0.317000 0.504200 0.459500 0.000000 0.000000 0.004600 0.654900 0.755700
0.292200 0.504400 0.459500 0.000000 0.000000 -0.348900 0.809100 0.472900
0.317000 0.630900 0.426900 0.000000 0.000000 0.000000 0.066600 -0.997800
0.317000 0.635100 0.427200 0.000000 0.000000 0.000000 0.218000 -0.976000
0.327900 0.635100 0.427200 0.000000 0.000000 -0.525700 0.195700 -0.827900
0.327600 0.630900 0.426900 0.000000 0.000000 -0.453300 0.213100 -0.865500
0.317000 0.650700 0.433200 0.000000 0.000000 0.000000 -0.226900 -0.973900
0.328200 0.650700 0.433200 0.000000 0.000000 -0.476500 -0.123600 -0.870400
0.328000 0.649100 0.432600 0.000000 0.000000 -0.525800 0.320100 -0.788100
0.317000 0.649100 0.432600 0.000000 0.000000 0.000000 0.355500 -0.934700
0.297600 0.652200 0.429400 0.000000 0.000000 -0.001000 0.315500 -0.948900
0.326600 0.614500 0.422400 0.000000 0.000000 -0.000000 0.066900 -0.997800
0.317000 0.614500 0.422400 0.000000 0.000000 0.000000 0.061700 -0.998100
0.336300 0.652200 0.429400 0.000000 0.000000 -0.000000 0.316200 -0.948700
0.329900 0.652200 0.429400 0.000000 0.000000 -0.548000 0.266900 -0.792800
0.329900 0.653800 0.429900 0.000000 0.000000 -0.178600 0.124300 -0.976000
0.329800 0.635400 0.423800 0.000000 0.000000 -0.492000 0.172000 -0.853500
0.336300 0.635400 0.423800 0.000000 0.000000 -0.000000 0.193000 -0.981200
0.336300 0.627900 0.423300 0.000000 0.000000 -0.965100 0.261400 0.016600
0.329800 0.627900 0.423300 0.000000 0.000000 -0.247200 0.205900 -0.946800
0.305900 0.649100 0.432600 0.000000 0.000000 0.539900 0.301600 -0.785900
0.305800 0.650700 0.433200 0.000000 0.000000 0.474100 -0.137300 -0.869700
0.306400 0.630900 0.426900 0.000000 0.000000 0.471500 0.165700 -0.866100
0.306000 0.635100 0.427200 0.000000 0.000000 0.534600 0.214900 -0.817300
0.317000 0.616400 0.426000 0.000000 0.000000 -0.080100 0.851500 -0.518100
0.317000 0.616700 0.422500 0.000000 0.000000 -0.041200 0.457500 -0.888300
0.317000 0.653800 0.429900 0.000000 0.000000 0.000000 -0.241700 -0.970300
0.304100 0.653800 0.429900 0.000000 0.000000 0.177300 0.132100 -0.975200
0.304100 0.652200 0.429400 0.000000 0.000000 0.544200 0.257200 -0.798600
0.304100 0.627900 0.423300 0.000000 0.000000 0.287200 0.189100 -0.939000
0.304100 0.635400 0.423800 0.000000 0.000000 0.481700 0.184000 -0.856800
0.265400 0.548600 0.448400 0.000000 0.000000 -0.344000 -0.699000 0.626900
0.265400 0.549800 0.433800 0.000000 0.000000 -0.472000 -0.878500 -0.074400
0.282600 0.541000 0.433000 0.000000 0.000000 -0.377000 -0.923300 -0.073200
0.282600 0.539800 0.447700 0.000000 0.000000 -0.280800 -0.739400 0.611900
0.239500 0.589300 0.472600 0.000000 0.000000 -0.729900 -0.169300 0.662200
0.265300 0.589300 0.472600 0.000000 0.000000 0.000000 -0.083600 0.996500
0.265300 0.630900 0.476100 0.000000 0.000000 -0.000200 -0.083700 0.996500
0.239500 0.630900 0.476100 0.000000 0.000000 -0.707100 -0.059300 0.704700
0.265300 0.659100 0.443000 0.000000 0.000000 -0.478300 0.875000 0.074700
0.239500 0.643300 0.441600 0.000000 0.000000 -0.873400 0.485300 0.041500
0.239500 0.642100 0.456300 0.000000 0.000000 -0.697300 0.334100 0.634200
0.265300 0.657900 0.457600 0.000000 0.000000 -0.351400 0.585800 0.730300
0.239500 0.592900 0.429500 0.000000 0.000000 -0.819700 -0.077100 -0.567600
0.239500 0.634500 0.433000 0.000000 0.000000 -0.787000 0.102200 -0.608400
0.265300 0.635200 0.424500 0.000000 0.000000 -0.166100 0.234500 -0.957800
0.265300 0.593600 0.421000 0.000000 0.000000 -0.154700 0.017500 -0.987800
0.368600 0.635200 0.424500 0.000000 0.000000 0.158400 0.207400 -0.965300
0.394500 0.634500 0.433000 0.000000 0.000000 0.810200 0.049200 -0.584100
0.394500 0.592900 0.429500 0.000000 0.000000 0.809300 -0.095200 -0.579600
0.368600 0.593600 0.421000 0.000000 0.000000 0.174200 -0.013200 -0.984600
0.394500 0.642100 0.456300 0.000000 0.000000 0.697500 0.339700 0.630900
0.394500 0.643300 0.441600 0.000000 0.000000 0.873000 0.486000 0.041600
0.368600 0.659100 0.443000 0.000000 0.000000 0.477500 0.875500 0.074800
0.368600 0.657900 0.457600 0.000000 0.000000 0.350100 0.586200 0.730600
0.368600 0.589300 0.472600 0.000000 0.000000 -0.000200 -0.083200 0.996500
0.394500 0.589300 0.472600 0.000000 0.000000 0.730200 -0.170000 0.661800
0.394500 0.630900 0.476100 0.000000 0.000000 0.707100 -0.059300 0.704700
0.368600 0.630900 0.476100 0.000000 0.000000 0.000000 -0.083400 0.996500
0.351300 0.539800 0.447700 0.000000 0.000000 0.279900 -0.740100 0.611500
0.351300 0.541000 0.433000 0.000000 0.000000 0.376500 -0.923400 -0.075100
0.368500 0.549800 0.433800 0.000000 0.000000 0.471200 -0.878800 -0.075000
0.368500 0.548600 0.448400 0.000000 0.000000 0.345400 -0.698200 0.627100
0.239500 0.644000 0.433800 0.000000 0.000000 -0.690800 0.437300 -0.575900
0.265300 0.659800 0.435100 0.000000 0.000000 -0.386000 0.761100 -0.521300
0.239500 0.632600 0.455500 0.000000 0.000000 -0.577600 -0.624300 0.526000
0.239500 0.633900 0.440800 0.000000 0.000000 -0.905300 -0.325300 0.273200
0.265300 0.656100 0.478200 0.000000 0.000000 -0.343400 0.565500 0.749900
0.239500 0.640300 0.476900 0.000000 0.000000 -0.689700 0.333200 0.642900
0.368600 0.656100 0.478200 0.000000 0.000000 0.342200 0.565400 0.750500
0.394500 0.640300 0.476900 0.000000 0.000000 0.689500 0.333800 0.642800
0.394500 0.632600 0.455500 0.000000 0.000000 0.586300 -0.624600 0.515800
0.394500 0.633900 0.440800 0.000000 0.000000 0.905100 -0.325400 0.273800
0.368600 0.659800 0.435100 0.000000 0.000000 0.393900 0.774500 -0.495000
0.394500 0.644000 0.433800 0.000000 0.000000 0.749100 0.456500 -0.480100
0.279500 0.546300 0.469000 0.000000 0.000000 -0.000200 -0.083300 0.996500
0.250400 0.555200 0.469800 0.000000 0.000000 -0.598200 -0.540900 0.591200
0.250400 0.556900 0.449100 0.000000 0.000000 -0.608800 -0.545000 0.576500
0.239500 0.591000 0.452000 0.000000 0.000000 -0.667000 0.439600 0.601500
0.239500 0.592200 0.437300 0.000000 0.000000 -0.938400 0.099000 0.331200
0.250400 0.558100 0.434500 0.000000 0.000000 -0.773300 -0.631700 -0.053900
0.279500 0.550200 0.423200 0.000000 0.000000 -0.115000 -0.175100 -0.977800
0.250400 0.558800 0.426600 0.000000 0.000000 -0.646200 -0.483800 -0.590300
0.354500 0.550200 0.423200 0.000000 0.000000 0.127200 -0.169900 -0.977200
0.383500 0.558800 0.426600 0.000000 0.000000 0.629800 -0.447900 -0.634600
0.383500 0.558100 0.434500 0.000000 0.000000 0.772500 -0.632700 -0.054000
0.394500 0.592200 0.437300 0.000000 0.000000 0.938500 0.097500 0.331200
0.394500 0.591000 0.452000 0.000000 0.000000 0.668900 0.440100 0.599000
0.383500 0.556900 0.449100 0.000000 0.000000 0.607100 -0.548100 0.575300
0.383500 0.555200 0.469800 0.000000 0.000000 0.597700 -0.542000 0.590800
0.354500 0.546300 0.469000 0.000000 0.000000 -0.000100 -0.083400 0.996500
0.282600 0.538000 0.468300 0.000000 0.000000 -0.276600 -0.727600 0.627800
0.265400 0.546900 0.469100 0.000000 0.000000 -0.319600 -0.656600 0.683200
0.282600 0.541600 0.425200 0.000000 0.000000 -0.305900 -0.730300 -0.610800
0.265400 0.550500 0.425900 0.000000 0.000000 -0.396100 -0.684400 -0.612100
0.368500 0.550500 0.425900 0.000000 0.000000 0.318000 -0.532700 -0.784300
0.351300 0.541600 0.425200 0.000000 0.000000 0.306300 -0.731400 -0.609300
0.351300 0.538000 0.468300 0.000000 0.000000 0.276400 -0.727700 0.627700
0.368500 0.546900 0.469100 0.000000 0.000000 0.334400 -0.680300 0.652200
0.291400 0.539000 0.424900 0.000000 0.000000 -0.114600 -0.766400 -0.632100
0.289100 0.547500 0.423000 0.000000 0.000000 -0.038200 -0.152400 -0.987600
0.317000 0.547500 0.423000 0.000000 0.000000 0.000000 -0.131300 -0.991300
0.317000 0.539000 0.424900 0.000000 0.000000 0.000000 -0.752000 -0.659100
0.291400 0.535300 0.468100 0.000000 0.000000 -0.110300 -0.783100 0.612000
0.317000 0.535300 0.468100 0.000000 0.000000 0.000000 -0.763700 0.645600
0.317000 0.543600 0.468800 0.000000 0.000000 0.000000 -0.083500 0.996500
0.289100 0.543600 0.468800 0.000000 0.000000 -0.001700 -0.083800 0.996500
0.291100 0.589300 0.472600 0.000000 0.000000 -0.000100 -0.083500 0.996500
0.317000 0.589300 0.472600 0.000000 0.000000 0.000000 -0.083400 0.996500
0.317000 0.630900 0.476100 0.000000 0.000000 0.000000 -0.084300 0.996400
0.291100 0.630900 0.476100 0.000000 0.000000 0.000000 -0.084300 0.996400
0.291100 0.668500 0.479300 0.000000 0.000000 -0.167700 0.674100 0.719400
0.317000 0.668500 0.479300 0.000000 0.000000 0.000000 0.645300 0.764000
0.317000 0.670200 0.458600 0.000000 0.000000 0.000000 0.670600 0.741900
0.317000 0.671400 0.444000 0.000000 0.000000 0.000000 0.996400 0.085100
0.291100 0.671400 0.444000 0.000000 0.000000 -0.221300 0.971700 0.083000
0.291100 0.670200 0.458600 0.000000 0.000000 -0.170400 0.693500 0.700000
0.291100 0.593600 0.421000 0.000000 0.000000 -0.002400 0.014500 -0.999900
0.317000 0.593600 0.421000 0.000000 0.000000 0.000000 0.011800 -0.999900
0.291400 0.537100 0.447500 0.000000 0.000000 -0.209700 -0.733700 0.646300
0.291400 0.538300 0.432800 0.000000 0.000000 -0.196200 -0.977100 -0.082700
0.291300 0.635400 0.423800 0.000000 0.000000 -0.024700 0.203800 -0.978700
0.291100 0.672100 0.436100 0.000000 0.000000 -0.177900 0.844100 -0.505900
0.291200 0.653700 0.429900 0.000000 0.000000 -0.710200 0.220200 -0.668600
0.291200 0.614500 0.422400 0.000000 0.000000 0.000000 0.066900 -0.997800
0.342800 0.593600 0.421000 0.000000 0.000000 0.000000 0.011800 -0.999900
0.344800 0.547500 0.423000 0.000000 0.000000 0.038000 -0.152400 -0.987600
0.342800 0.671400 0.444000 0.000000 0.000000 0.221300 0.971700 0.083000
0.342800 0.670200 0.458600 0.000000 0.000000 0.171000 0.693100 0.700300
0.342800 0.668500 0.479300 0.000000 0.000000 0.167800 0.674000 0.719500
0.342800 0.630900 0.476100 0.000000 0.000000 0.000200 -0.084100 0.996500
0.342800 0.589300 0.472600 0.000000 0.000000 0.000000 -0.083400 0.996500
0.344800 0.543600 0.468800 0.000000 0.000000 0.001500 -0.084100 0.996500
0.342500 0.535300 0.468100 0.000000 0.000000 0.110300 -0.783100 0.612000
0.342500 0.539000 0.424900 0.000000 0.000000 0.116300 -0.766900 -0.631100
0.342700 0.614500 0.422400 0.000000 0.000000 0.006900 0.070500 -0.997500
0.342700 0.635400 0.423800 0.000000 0.000000 0.014200 0.193600 -0.981000
0.342800 0.672100 0.436100 0.000000 0.000000 0.170400 0.848900 -0.500300
0.342700 0.653700 0.429900 0.000000 0.000000 0.277800 0.304600 -0.911100
0.342500 0.538300 0.432800 0.000000 0.000000 0.197900 -0.976600 -0.084300
0.342500 0.537100 0.447500 0.000000 0.000000 0.210300 -0.733200 0.646700
0.239500 0.631400 0.470100 0.000000 0.000000 -0.904800 -0.275200 -0.325100
0.239500 0.589800 0.466600 0.000000 0.000000 -0.937800 0.153600 -0.311400
0.394500 0.631400 0.470100 0.000000 0.000000 0.904800 -0.275200 -0.325100
0.394500 0.589800 0.466600 0.000000 0.000000 0.937900 0.152100 -0.311800
0.239500 0.640800 0.470900 0.000000 0.000000 -0.873100 0.485800 0.040700
0.265300 0.656700 0.472300 0.000000 0.000000 -0.479300 0.874000 0.079900
0.394500 0.640800 0.470900 0.000000 0.000000 0.872700 0.486500 0.040800
0.368600 0.656700 0.472300 0.000000 0.000000 0.478600 0.874400 0.080000
0.250400 0.555700 0.463800 0.000000 0.000000 -0.773800 -0.631300 -0.052300
0.383500 0.555700 0.463800 0.000000 0.000000 0.772900 -0.632300 -0.052300
0.265400 0.547400 0.463100 0.000000 0.000000 -0.473300 -0.877900 -0.072700
0.282600 0.538500 0.462300 0.000000 0.000000 -0.377700 -0.922700 -0.077800
0.351300 0.538500 0.462300 0.000000 0.000000 0.377700 -0.922700 -0.077800
0.368500 0.547400 0.463100 0.000000 0.000000 0.473300 -0.877900 -0.072700
0.291400 0.535800 0.462100 0.000000 0.000000 -0.197900 -0.976500 -0.085400
0.317000 0.535800 0.462100 0.000000 0.000000 0.000000 -0.996500 -0.083000
0.317000 0.669000 0.473300 0.000000 0.000000 0.000000 0.996600 0.082500
0.291100 0.669000 0.473300 0.000000 0.000000 -0.222000 0.971700 0.080900
0.342800 0.669000 0.473300 0.000000 0.000000 0.221900 0.971700 0.081000
0.342500 0.535800 0.462100 0.000000 0.000000 0.197900 -0.976500 -0.085400
0.317000 0.538300 0.432800 0.000000 0.000000 0.000000 -0.996100 -0.088300
0.317000 0.672100 0.436100 0.000000 0.000000 0.000000 0.837200 -0.546900
0.239500 0.632000 0.462800 0.000000 0.000000 -0.580800 -0.531700 -0.616400
0.239500 0.641400 0.463600 0.000000 0.000000 -0.698100 0.437400 -0.566800
0.394500 0.641400 0.463600 0.000000 0.000000 0.697900 0.438000 -0.566700
0.394500 0.632000 0.462800 0.000000 0.000000 0.583900 -0.530000 -0.615000
0.297700 0.635400 0.423800 0.000000 0.000000 0.000000 0.192900 -0.981200
0.297700 0.627900 0.423300 0.000000 0.000000 0.000100 0.066800 -0.997800
0.307300 0.614500 0.422400 0.000000 0.000000 0.000000 0.066900 -0.997800
0.333100 0.662900 0.433000 0.000000 0.000000 -0.000000 0.319300 -0.947600
0.336300 0.653700 0.429900 0.000000 0.000000 0.000300 0.317800 -0.948200
0.317000 0.662900 0.433000 0.000000 0.000000 0.000200 0.320600 -0.947200
0.300800 0.662900 0.433000 0.000000 0.000000 0.000000 0.319300 -0.947600
0.297600 0.653700 0.429900 0.000000 0.000000 -0.001600 0.318400 -0.947900
0.265300 0.657300 0.464900 0.000000 0.000000 -0.351700 0.696400 -0.625600
0.291100 0.669600 0.466000 0.000000 0.000000 -0.170300 0.800700 -0.574400
0.317000 0.669600 0.466000 0.000000 0.000000 0.000000 0.785000 -0.619500
0.342800 0.669600 0.466000 0.000000 0.000000 0.171200 0.800000 -0.575000
0.368600 0.657300 0.464900 0.000000 0.000000 0.350100 0.696800 -0.626000
0.327600 0.630900 0.426900 0.000000 0.000000 -0.481100 0.163600 -0.861300
0.317000 0.630900 0.426900 0.000000 0.000000 0.000000 0.066600 -0.997800
0.317000 0.635100 0.427200 0.000000 0.000000 0.000000 0.218000 -0.976000
0.327900 0.635100 0.427200 0.000000 0.000000 -0.536700 0.201200 -0.819400
0.317000 0.650700 0.433200 0.000000 0.000000 0.000000 -0.226900 -0.973900
0.328200 0.650700 0.433200 0.000000 0.000000 -0.494300 -0.122600 -0.860600
0.328000 0.649100 0.432600 0.000000 0.000000 -0.534600 0.318600 -0.782800
0.317000 0.649100 0.432600 0.000000 0.000000 0.000000 0.355500 -0.934700
0.297600 0.652200 0.429400 0.000000 0.000000 -0.001000 0.315500 -0.948900
0.326600 0.614500 0.422400 0.000000 0.000000 -0.000000 0.066900 -0.997800
0.317000 0.614500 0.422400 0.000000 0.000000 0.000000 0.061700 -0.998100
0.336300 0.652200 0.429400 0.000000 0.000000 -0.707100 0.223600 -0.670800
0.329900 0.652200 0.429400 0.000000 0.000000 -0.533000 0.264700 -0.803700
0.329900 0.653800 0.429900 0.000000 0.000000 -0.918800 -0.216100 0.330200
0.329800 0.627900 0.423300 0.000000 0.000000 -0.291900 0.191500 -0.937100
0.329800 0.635400 0.423800 0.000000 0.000000 -0.481600 0.177000 -0.858300
0.336300 0.635400 0.423800 0.000000 0.000000 -0.000000 0.193000 -0.981200
0.336300 0.627900 0.423300 0.000000 0.000000 -0.965100 0.261300 0.016900
0.305900 0.649100 0.432600 0.000000 0.000000 0.537500 0.305700 -0.785900
0.305800 0.650700 0.433200 0.000000 0.000000 0.464000 -0.137800 -0.875100
0.306400 0.630900 0.426900 0.000000 0.000000 0.471500 0.165700 -0.866100
0.306000 0.635100 0.427200 0.000000 0.000000 0.534600 0.214900 -0.817300
0.317000 0.616400 0.426000 0.000000 0.000000 -0.001400 0.845700 -0.533700
0.317000 0.616700 0.422500 0.000000 0.000000 -0.000800 0.508400 -0.861100
0.317000 0.653800 0.429900 0.000000 0.000000 0.000500 -0.241500 -0.970400
0.304100 0.653800 0.429900 0.000000 0.000000 0.178700 0.128200 -0.975500
0.304100 0.652200 0.429400 0.000000 0.000000 0.552200 0.260600 -0.791900
0.304100 0.635400 0.423800 0.000000 0.000000 0.481700 0.184000 -0.856800
0.304100 0.627900 0.423300 0.000000 0.000000 0.287200 0.189100 -0.939000
0.378300 0.560600 0.449700 0.000000 0.000000 0.484800 -0.448800 0.750700
0.387000 0.591000 0.452000 0.000000 0.000000 0.303900 0.827300 0.472600
0.387000 0.590400 0.459300 0.000000 0.000000 0.304600 0.898700 -0.315500
0.378300 0.560000 0.456500 0.000000 0.000000 0.484400 -0.316600 -0.815500
0.364500 0.552300 0.455800 0.000000 0.000000 0.340300 -0.579500 -0.740500
0.364500 0.552900 0.449100 0.000000 0.000000 0.343500 -0.694200 0.632500
0.348600 0.544800 0.448400 0.000000 0.000000 0.266300 -0.711300 0.650400
0.348600 0.544200 0.455200 0.000000 0.000000 0.265400 -0.586900 -0.765000
0.340500 0.541700 0.454900 0.000000 0.000000 0.226500 -0.648000 -0.727200
0.340500 0.542300 0.448200 0.000000 0.000000 0.220200 -0.760100 0.611400
0.394500 0.590400 0.459300 0.000000 0.000000 0.669000 0.532600 -0.518400
0.383500 0.556300 0.456500 0.000000 0.000000 0.608500 -0.445900 -0.656400
0.368500 0.548000 0.455800 0.000000 0.000000 0.345900 -0.586000 -0.732800
0.351300 0.539100 0.455000 0.000000 0.000000 0.277400 -0.627400 -0.727600
0.342500 0.536500 0.454800 0.000000 0.000000 0.209300 -0.615300 -0.760000
0.388400 0.639000 0.456300 0.000000 0.000000 0.485600 0.130600 0.864400
0.388400 0.638400 0.463100 0.000000 0.000000 0.486000 0.271300 -0.830800
0.387000 0.632000 0.462800 0.000000 0.000000 0.292000 -0.698700 -0.653100
0.387000 0.632600 0.455500 0.000000 0.000000 0.289200 -0.828300 0.479900
0.364600 0.653600 0.457500 0.000000 0.000000 0.339600 0.563200 0.753300
0.364600 0.653000 0.464300 0.000000 0.000000 0.340700 0.681900 -0.647300
0.340800 0.664400 0.465200 0.000000 0.000000 0.148500 0.717600 -0.680400
0.340800 0.664900 0.458500 0.000000 0.000000 0.149700 0.599300 0.786400
0.317000 0.664900 0.458500 0.000000 0.000000 0.000000 0.673300 0.739300
0.317000 0.664400 0.465200 0.000000 0.000000 0.000000 0.782700 -0.622400
0.293200 0.664900 0.458500 0.000000 0.000000 -0.149200 0.598500 0.787100
0.293200 0.664400 0.465200 0.000000 0.000000 -0.147500 0.717000 -0.681300
0.269400 0.653000 0.464300 0.000000 0.000000 -0.340800 0.680500 -0.648600
0.269400 0.653600 0.457500 0.000000 0.000000 -0.339300 0.562200 0.754200
0.245600 0.639000 0.456300 0.000000 0.000000 -0.504400 0.119200 0.855200
0.245600 0.638400 0.463100 0.000000 0.000000 -0.487600 0.276200 -0.828200
0.246900 0.632600 0.455500 0.000000 0.000000 -0.315400 -0.935200 0.161000
0.246900 0.632000 0.462800 0.000000 0.000000 -0.307700 -0.899900 -0.309100
0.285300 0.544800 0.448400 0.000000 0.000000 -0.268400 -0.710200 0.650800
0.293400 0.542300 0.448200 0.000000 0.000000 -0.219500 -0.760000 0.611700
0.293400 0.541700 0.454900 0.000000 0.000000 -0.226500 -0.648000 -0.727200
0.285300 0.544200 0.455200 0.000000 0.000000 -0.263900 -0.586200 -0.766000
0.269500 0.552300 0.455800 0.000000 0.000000 -0.343400 -0.576700 -0.741300
0.269500 0.552900 0.449100 0.000000 0.000000 -0.342800 -0.694900 0.632100
0.255700 0.560000 0.456500 0.000000 0.000000 -0.487400 -0.316300 -0.813900
0.255700 0.560600 0.449700 0.000000 0.000000 -0.488700 -0.445600 0.750100
0.246900 0.591000 0.452000 0.000000 0.000000 -0.311200 0.838500 0.447300
0.246900 0.590400 0.459300 0.000000 0.000000 -0.307900 0.897000 -0.317100
0.291400 0.536500 0.454800 0.000000 0.000000 -0.209300 -0.615300 -0.760000
0.282600 0.539100 0.455000 0.000000 0.000000 -0.275900 -0.629000 -0.726800
0.265400 0.548000 0.455800 0.000000 0.000000 -0.348200 -0.584600 -0.732900
0.250400 0.556300 0.456500 0.000000 0.000000 -0.609300 -0.442900 -0.657800
0.239500 0.590400 0.459300 0.000000 0.000000 -0.667400 0.532100 -0.521000
0.256700 0.589800 0.466600 0.000000 0.000000 0.000000 0.763600 -0.645600
0.256700 0.631400 0.470100 0.000000 0.000000 0.000300 -0.645700 -0.763500
0.256700 0.631700 0.466500 0.000000 0.000000 -0.068100 -0.992700 0.099400
0.256700 0.592200 0.437300 0.000000 0.000000 -0.000200 0.646500 0.762900
0.256700 0.633900 0.440800 0.000000 0.000000 0.000000 -0.767200 0.641400
0.377200 0.592200 0.437300 0.000000 0.000000 0.000000 0.646600 0.762900
0.377200 0.633900 0.440800 0.000000 0.000000 0.002000 -0.766300 0.642500
0.377200 0.633200 0.448200 0.000000 0.000000 0.035900 -0.985500 -0.166100
0.377200 0.589800 0.466600 0.000000 0.000000 0.000300 0.763500 -0.645800
0.377200 0.631400 0.470100 0.000000 0.000000 -0.000300 -0.645700 -0.763500
0.377200 0.590100 0.463000 0.000000 0.000000 0.001800 0.996000 0.089000
0.372500 0.590300 0.461000 0.000000 0.000000 0.003800 0.996300 0.086000
0.372500 0.591200 0.450500 0.000000 0.000000 0.004500 0.996700 0.080900
0.372500 0.630500 0.464200 0.000000 0.000000 0.088100 -0.996100 0.001800
0.372500 0.631500 0.453700 0.000000 0.000000 0.078500 -0.987000 -0.140000
0.261400 0.631500 0.453700 0.000000 0.000000 -0.095000 -0.985500 -0.140900
0.261400 0.630500 0.464200 0.000000 0.000000 -0.102900 -0.994700 0.000200
0.261400 0.590300 0.461000 0.000000 0.000000 -0.003000 0.996200 0.086800
0.261400 0.591200 0.450500 0.000000 0.000000 -0.004700 0.996800 0.080100
0.377200 0.591600 0.444700 0.000000 0.000000 0.002100 0.997000 0.076700
0.256700 0.591600 0.444700 0.000000 0.000000 -0.002800 0.997000 0.077900
0.256700 0.590100 0.463000 0.000000 0.000000 -0.001600 0.996000 0.088900
0.377200 0.631700 0.466500 0.000000 0.000000 0.049900 -0.986900 0.153200
0.256700 0.633200 0.448200 0.000000 0.000000 -0.043200 -0.988700 -0.143500
0.146600 0.628700 0.435100 0.000000 0.000000 -0.203200 0.276400 -0.939300
0.155200 0.629000 0.434500 0.000000 0.000000 -0.051300 0.317200 -0.947000
0.157300 0.613300 0.432300 0.000000 0.000000 -0.045500 0.078200 -0.995900
0.148500 0.612300 0.432900 0.000000 0.000000 -0.207100 0.054300 -0.976800
0.139700 0.610800 0.436000 0.000000 0.000000 -0.555300 -0.004600 -0.831600
0.137900 0.628000 0.438000 0.000000 0.000000 -0.547200 0.193500 -0.814300
0.150900 0.595800 0.432300 0.000000 0.000000 -0.146300 -0.150200 -0.977800
0.142400 0.593700 0.435100 0.000000 0.000000 -0.503800 -0.188900 -0.842900
0.159400 0.597400 0.431900 0.000000 0.000000 -0.007800 -0.156800 -0.987600
0.133000 0.609300 0.443500 0.000000 0.000000 -0.869300 -0.072000 -0.489000
0.131300 0.627000 0.445400 0.000000 0.000000 -0.875400 0.097200 -0.473600
0.130200 0.608100 0.453400 0.000000 0.000000 -0.991600 -0.128900 -0.011900
0.128500 0.626100 0.454900 0.000000 0.000000 -0.998900 0.046100 0.002000
0.135900 0.591700 0.442400 0.000000 0.000000 -0.826400 -0.249200 -0.505000
0.133200 0.590300 0.451900 0.000000 0.000000 -0.952400 -0.303500 -0.027200
0.133000 0.607700 0.463400 0.000000 0.000000 -0.869700 -0.153100 0.469300
0.131300 0.625400 0.464500 0.000000 0.000000 -0.874400 0.022100 0.484700
0.139700 0.607900 0.471100 0.000000 0.000000 -0.553300 -0.143600 0.820500
0.137900 0.625100 0.472000 0.000000 0.000000 -0.556300 0.047600 0.829600
0.142400 0.590900 0.469100 0.000000 0.000000 -0.502000 -0.327100 0.800600
0.135900 0.590100 0.461600 0.000000 0.000000 -0.825900 -0.329400 0.457600
0.148500 0.608800 0.474300 0.000000 0.000000 -0.205500 -0.110700 0.972400
0.146600 0.625300 0.475000 0.000000 0.000000 -0.197100 0.107600 0.974500
0.157300 0.609700 0.475100 0.000000 0.000000 -0.050500 -0.090900 0.994600
0.155200 0.625600 0.475600 0.000000 0.000000 -0.047600 0.156300 0.986600
0.150900 0.592500 0.472200 0.000000 0.000000 -0.143200 -0.312000 0.939200
0.159400 0.594000 0.472900 0.000000 0.000000 -0.010300 -0.320100 0.947300
0.154600 0.635100 0.442800 0.000000 0.000000 0.240400 0.556700 -0.795200
0.169300 0.642600 0.449000 0.000000 0.000000 0.629100 0.109100 -0.769600
0.171800 0.638300 0.448600 0.000000 0.000000 0.360000 0.637700 -0.681000
0.168500 0.631300 0.441200 0.000000 0.000000 0.373800 0.570500 -0.731300
0.162100 0.635200 0.441900 0.000000 0.000000 0.293300 0.803500 0.518100
0.175900 0.639400 0.456100 0.000000 0.000000 0.576100 0.810800 0.103600
0.172900 0.644500 0.456500 0.000000 0.000000 0.986600 0.160700 0.026900
0.163800 0.613600 0.432200 0.000000 0.000000 0.094600 0.096300 -0.990800
0.165800 0.598000 0.431700 0.000000 0.000000 0.291300 -0.175200 -0.940500
0.168200 0.601900 0.432700 0.000000 0.000000 0.559800 0.009600 -0.828600
0.167800 0.613600 0.433000 0.000000 0.000000 0.609000 0.150100 -0.778900
0.161800 0.629200 0.434300 0.000000 0.000000 0.276800 0.390700 -0.877900
0.165300 0.625100 0.434700 0.000000 0.000000 0.561400 0.245300 -0.790400
0.172400 0.592700 0.452100 0.000000 0.000000 0.000000 -0.996700 -0.081400
0.167300 0.592700 0.452100 0.000000 0.000000 0.000000 -0.996700 -0.081300
0.165200 0.592700 0.444800 0.000000 0.000000 0.026500 -0.998900 0.038400
0.170400 0.592700 0.444800 0.000000 0.000000 0.000000 -0.999700 0.023100
0.178700 0.592700 0.452100 0.000000 0.000000 0.000000 -0.996700 -0.081400
0.176800 0.592700 0.444800 0.000000 0.000000 0.038700 -0.981300 -0.188700
0.167400 0.592400 0.438300 0.000000 0.000000 0.297800 -0.936000 -0.187700
0.172700 0.595700 0.438200 0.000000 0.000000 0.423200 -0.480000 -0.768500
0.160100 0.591800 0.439100 0.000000 0.000000 0.139200 -0.990200 -0.006700
0.161800 0.625700 0.475800 0.000000 0.000000 0.214000 0.217500 0.952300
0.163800 0.610000 0.475300 0.000000 0.000000 0.089200 -0.078600 0.992900
0.167800 0.610100 0.474500 0.000000 0.000000 0.615400 0.002700 0.788200
0.165300 0.621700 0.474800 0.000000 0.000000 0.578700 0.112500 0.807800
0.168200 0.598600 0.472800 0.000000 0.000000 0.588400 -0.099300 0.802500
0.165800 0.594500 0.473100 0.000000 0.000000 0.243100 -0.320600 0.915500
0.169300 0.641400 0.463600 0.000000 0.000000 0.620900 0.084500 0.779300
0.171800 0.637000 0.463200 0.000000 0.000000 0.428700 0.521000 0.738100
0.162100 0.632900 0.469300 0.000000 0.000000 0.190800 0.684800 0.703300
0.168500 0.628900 0.469300 0.000000 0.000000 0.361300 0.395500 0.844400
0.154600 0.633000 0.468400 0.000000 0.000000 0.194900 0.459000 0.866800
0.160100 0.589700 0.464800 0.000000 0.000000 0.127200 -0.978700 -0.161000
0.165200 0.591500 0.459400 0.000000 0.000000 0.000000 -0.965200 -0.261500
0.170400 0.591500 0.459400 0.000000 0.000000 0.080200 -0.994500 -0.067700
0.167400 0.590100 0.465700 0.000000 0.000000 0.348500 -0.937100 0.017300
0.172700 0.593300 0.466300 0.000000 0.000000 0.419500 -0.681200 0.600000
0.176800 0.591500 0.459400 0.000000 0.000000 0.047700 -0.991800 0.118600
0.205700 0.601300 0.442100 0.000000 0.000000 0.123600 -0.279900 -0.952000
0.203500 0.618200 0.442000 0.000000 0.000000 0.102300 0.108300 -0.988800
0.210600 0.616400 0.442200 0.000000 0.000000 0.032700 0.090200 -0.995400
0.212400 0.601100 0.442400 0.000000 0.000000 0.001600 -0.337600 -0.941300
0.219300 0.600400 0.442300 0.000000 0.000000 -0.030800 -0.376400 -0.926000
0.217800 0.613700 0.442000 0.000000 0.000000 -0.002000 0.074300 -0.997200
0.210000 0.631600 0.445000 0.000000 0.000000 0.221000 0.431700 -0.874500
0.217300 0.626900 0.444600 0.000000 0.000000 0.156900 0.441300 -0.883500
0.202800 0.635100 0.445000 0.000000 0.000000 0.101600 0.501100 -0.859400
0.212800 0.635800 0.455800 0.000000 0.000000 0.574200 0.815900 0.067500
0.211500 0.635300 0.461700 0.000000 0.000000 0.497400 0.699100 0.513600
0.218600 0.629900 0.461200 0.000000 0.000000 0.407600 0.758200 0.509000
0.219700 0.630400 0.455300 0.000000 0.000000 0.421500 0.903800 0.074700
0.217300 0.625100 0.465300 0.000000 0.000000 0.156600 0.284800 0.945700
0.210000 0.629900 0.465700 0.000000 0.000000 0.232500 0.268600 0.934800
0.204600 0.639400 0.462300 0.000000 0.000000 0.091800 0.876400 0.472700
0.202800 0.633300 0.466400 0.000000 0.000000 0.082400 0.353200 0.931900
0.206100 0.639900 0.456200 0.000000 0.000000 0.181800 0.979800 0.083400
0.203500 0.616200 0.466400 0.000000 0.000000 0.107200 -0.063200 0.992200
0.210600 0.614400 0.465900 0.000000 0.000000 0.030700 -0.078900 0.996400
0.217800 0.611700 0.465700 0.000000 0.000000 -0.005600 -0.093500 0.995600
0.219300 0.598700 0.463100 0.000000 0.000000 -0.039300 -0.536000 0.843300
0.212400 0.599400 0.463100 0.000000 0.000000 0.004600 -0.493500 0.869700
0.205700 0.599500 0.463500 0.000000 0.000000 0.136000 -0.431700 0.891700
0.215600 0.596000 0.452400 0.000000 0.000000 -0.011000 -0.996700 -0.081000
0.221500 0.595700 0.452400 0.000000 0.000000 -0.060100 -0.995300 -0.075300
0.220700 0.595000 0.458300 0.000000 0.000000 -0.050400 -0.963200 0.263900
0.214500 0.595200 0.458300 0.000000 0.000000 0.005700 -0.957200 0.289400
0.209600 0.595800 0.452400 0.000000 0.000000 0.115000 -0.989900 -0.083300
0.208300 0.594900 0.458500 0.000000 0.000000 0.148200 -0.931300 0.332700
0.181000 0.636100 0.448400 0.000000 0.000000 0.156000 0.845900 -0.510100
0.178800 0.629200 0.442300 0.000000 0.000000 0.101400 0.430200 -0.897000
0.190400 0.635200 0.448500 0.000000 0.000000 -0.116700 0.920700 -0.372300
0.188400 0.629900 0.442700 0.000000 0.000000 -0.013300 0.468000 -0.883600
0.182800 0.636900 0.455800 0.000000 0.000000 0.231500 0.966900 0.107200
0.192100 0.635000 0.455700 0.000000 0.000000 -0.135200 0.986500 0.092700
0.181000 0.634900 0.463100 0.000000 0.000000 0.163900 0.771900 0.614300
0.190400 0.634000 0.462800 0.000000 0.000000 -0.132000 0.854000 0.503200
0.178800 0.627100 0.467900 0.000000 0.000000 0.106300 0.263500 0.958800
0.188400 0.627800 0.467700 0.000000 0.000000 -0.016400 0.315400 0.948800
0.171800 0.610500 0.469300 0.000000 0.000000 0.432600 -0.035700 0.900900
0.179700 0.610600 0.468400 0.000000 0.000000 0.077500 -0.078700 0.993900
0.189200 0.611500 0.468100 0.000000 0.000000 0.084500 -0.083000 0.993000
0.191700 0.596000 0.465000 0.000000 0.000000 0.125800 -0.519800 0.845000
0.182300 0.595400 0.465300 0.000000 0.000000 0.096400 -0.555700 0.825800
0.185600 0.591500 0.459400 0.000000 0.000000 0.028600 -0.975200 0.219400
0.194700 0.592000 0.459300 0.000000 0.000000 0.141700 -0.950200 0.277600
0.196400 0.593100 0.452200 0.000000 0.000000 0.131400 -0.987700 -0.085100
0.187400 0.592700 0.452100 0.000000 0.000000 0.026100 -0.996400 -0.081200
0.185600 0.592700 0.444800 0.000000 0.000000 0.058800 -0.928100 -0.367600
0.194700 0.593200 0.445000 0.000000 0.000000 0.133600 -0.898400 -0.418500
0.182300 0.597600 0.439600 0.000000 0.000000 0.138000 -0.349000 -0.926900
0.191700 0.598100 0.440000 0.000000 0.000000 0.116500 -0.375300 -0.919600
0.171800 0.613100 0.438200 0.000000 0.000000 0.433300 0.135300 -0.891000
0.179700 0.613000 0.439100 0.000000 0.000000 0.075800 0.086600 -0.993400
0.189200 0.613900 0.439500 0.000000 0.000000 0.082800 0.086200 -0.992800
0.147100 0.633900 0.440800 0.000000 0.000000 -0.028800 0.679700 -0.732900
0.146400 0.634000 0.437800 0.000000 0.000000 -0.130300 0.838000 -0.529900
0.138200 0.633700 0.440300 0.000000 0.000000 -0.377700 0.776700 -0.504100
0.139700 0.633700 0.442700 0.000000 0.000000 -0.419000 0.699400 -0.579100
0.154700 0.634100 0.437500 0.000000 0.000000 -0.047500 0.821900 -0.567600
0.160200 0.592000 0.433900 0.000000 0.000000 0.115100 -0.788100 -0.604700
0.152900 0.590100 0.437200 0.000000 0.000000 0.233000 -0.969200 -0.080100
0.152200 0.590200 0.434100 0.000000 0.000000 0.081200 -0.759000 -0.646000
0.144300 0.588000 0.436400 0.000000 0.000000 -0.181900 -0.761700 -0.621900
0.145800 0.588000 0.438800 0.000000 0.000000 0.221000 -0.965000 -0.141300
0.132300 0.632600 0.455500 0.000000 0.000000 -0.706600 0.704000 0.071700
0.134400 0.633200 0.448200 0.000000 0.000000 -0.643600 0.711700 -0.281600
0.132200 0.633100 0.446800 0.000000 0.000000 -0.624100 0.730800 -0.276300
0.129700 0.632300 0.455500 0.000000 0.000000 -0.729900 0.680800 0.061600
0.138400 0.586000 0.442900 0.000000 0.000000 -0.421900 -0.808600 -0.410200
0.140600 0.586200 0.444200 0.000000 0.000000 0.167400 -0.976700 -0.134300
0.136000 0.584600 0.451500 0.000000 0.000000 -0.523200 -0.849200 -0.070800
0.138600 0.585000 0.451500 0.000000 0.000000 0.151300 -0.984600 -0.087200
0.139700 0.631500 0.468300 0.000000 0.000000 -0.369700 0.674100 0.639500
0.134400 0.632000 0.462800 0.000000 0.000000 -0.617900 0.671300 0.409300
0.132200 0.631600 0.464100 0.000000 0.000000 -0.628900 0.666400 0.400500
0.138200 0.631200 0.470700 0.000000 0.000000 -0.387700 0.693100 0.607600
0.140600 0.584900 0.458900 0.000000 0.000000 0.163300 -0.986100 -0.029400
0.138400 0.584500 0.460100 0.000000 0.000000 -0.424100 -0.864700 0.269200
0.144300 0.585400 0.466800 0.000000 0.000000 -0.185400 -0.854200 0.485800
0.145800 0.585800 0.464500 0.000000 0.000000 0.215300 -0.976000 -0.032800
0.147100 0.631400 0.470100 0.000000 0.000000 -0.118300 0.636200 0.762400
0.146400 0.631000 0.473200 0.000000 0.000000 -0.144300 0.729000 0.669100
0.154700 0.631100 0.473500 0.000000 0.000000 -0.025400 0.709900 0.703900
0.152200 0.587200 0.469500 0.000000 0.000000 0.093000 -0.849200 0.519900
0.152900 0.587600 0.466500 0.000000 0.000000 0.264000 -0.962200 -0.066700
0.160200 0.588900 0.470000 0.000000 0.000000 0.110400 -0.883000 0.456100
0.169700 0.597700 0.434300 0.000000 0.000000 0.655700 -0.228000 -0.719800
0.166400 0.592500 0.433900 0.000000 0.000000 0.399800 -0.729800 -0.554600
0.169100 0.613300 0.435600 0.000000 0.000000 0.799800 0.161600 -0.578200
0.165900 0.628900 0.436900 0.000000 0.000000 0.597400 0.380500 -0.705900
0.161100 0.634100 0.437400 0.000000 0.000000 0.224200 0.779600 -0.584800
0.161100 0.631100 0.473600 0.000000 0.000000 0.275500 0.686600 0.672800
0.165900 0.625900 0.473200 0.000000 0.000000 0.627600 0.319500 0.710000
0.169100 0.610300 0.471900 0.000000 0.000000 0.799500 0.035200 0.599700
0.169700 0.594700 0.470500 0.000000 0.000000 0.702100 -0.323100 0.634500
0.166400 0.589500 0.470100 0.000000 0.000000 0.398100 -0.814100 0.422700
0.197900 0.638400 0.449400 0.000000 0.000000 -0.301200 0.919000 -0.254500
0.196000 0.633200 0.443900 0.000000 0.000000 -0.055200 0.503500 -0.862200
0.204600 0.640400 0.450100 0.000000 0.000000 0.096800 0.942700 -0.319300
0.199500 0.637800 0.456000 0.000000 0.000000 -0.338200 0.937800 0.078200
0.197900 0.637300 0.462600 0.000000 0.000000 -0.296800 0.857800 0.419700
0.196000 0.631200 0.467100 0.000000 0.000000 -0.065800 0.356200 0.932100
0.196800 0.614300 0.467300 0.000000 0.000000 0.133800 -0.068500 0.988600
0.199100 0.597900 0.464300 0.000000 0.000000 0.195500 -0.449200 0.871800
0.202000 0.593400 0.458900 0.000000 0.000000 0.223300 -0.919000 0.324800
0.203500 0.594500 0.452300 0.000000 0.000000 0.202300 -0.975400 -0.088000
0.202000 0.594600 0.445600 0.000000 0.000000 0.231000 -0.850800 -0.472100
0.208300 0.595900 0.446300 0.000000 0.000000 0.136900 -0.871900 -0.470100
0.199100 0.599800 0.441100 0.000000 0.000000 0.209300 -0.287200 -0.934700
0.196800 0.616500 0.440800 0.000000 0.000000 0.138700 0.101900 -0.985100
0.218600 0.630900 0.449400 0.000000 0.000000 0.401000 0.838000 -0.370100
0.211500 0.636300 0.449900 0.000000 0.000000 0.488000 0.777600 -0.396500
0.240500 0.597200 0.441000 0.000000 0.000000 -0.132300 -0.562800 -0.815900
0.234400 0.598400 0.440800 0.000000 0.000000 -0.225300 -0.450800 -0.863800
0.233900 0.613000 0.439800 0.000000 0.000000 -0.326700 0.040700 -0.944300
0.240600 0.613100 0.438500 0.000000 0.000000 -0.152100 0.022800 -0.988100
0.247500 0.596300 0.440300 0.000000 0.000000 -0.008500 -0.571900 -0.820300
0.247600 0.613200 0.437700 0.000000 0.000000 0.023300 0.027500 -0.999400
0.240500 0.628800 0.441700 0.000000 0.000000 -0.188500 0.499200 -0.845800
0.247500 0.629700 0.441100 0.000000 0.000000 0.007700 0.512000 -0.858900
0.233600 0.627300 0.442800 0.000000 0.000000 -0.395200 0.481600 -0.782200
0.247600 0.635400 0.447600 0.000000 0.000000 0.037000 0.943100 -0.330400
0.240800 0.634300 0.448000 0.000000 0.000000 -0.229700 0.920000 -0.317400
0.241200 0.634100 0.455600 0.000000 0.000000 -0.225600 0.971000 0.079700
0.247600 0.635200 0.455700 0.000000 0.000000 0.070000 0.994300 0.080400
0.234300 0.632300 0.448400 0.000000 0.000000 -0.474700 0.837500 -0.270700
0.234900 0.632200 0.455400 0.000000 0.000000 -0.496600 0.865700 0.063100
0.234300 0.631200 0.462400 0.000000 0.000000 -0.475200 0.780600 0.406000
0.240800 0.633000 0.463200 0.000000 0.000000 -0.229400 0.850900 0.472600
0.247600 0.634100 0.463700 0.000000 0.000000 0.045200 0.875000 0.481900
0.247500 0.627400 0.469200 0.000000 0.000000 0.017800 0.367200 0.930000
0.240500 0.626500 0.468400 0.000000 0.000000 -0.189700 0.344800 0.919300
0.233600 0.625300 0.467100 0.000000 0.000000 -0.392400 0.344800 0.852700
0.233900 0.610600 0.467700 0.000000 0.000000 -0.333800 -0.096500 0.937700
0.240600 0.610500 0.469000 0.000000 0.000000 -0.139500 -0.127200 0.982000
0.247600 0.610500 0.469800 0.000000 0.000000 0.022100 -0.140100 0.989900
0.240500 0.595300 0.463900 0.000000 0.000000 -0.116000 -0.700900 0.703800
0.247500 0.594300 0.464400 0.000000 0.000000 -0.007200 -0.699200 0.714900
0.234400 0.596400 0.464300 0.000000 0.000000 -0.219500 -0.598900 0.770100
0.247200 0.589800 0.451900 0.000000 0.000000 -0.045300 -0.995600 -0.081900
0.239300 0.591000 0.452000 0.000000 0.000000 -0.094500 -0.992000 -0.084000
0.234200 0.592600 0.447000 0.000000 0.000000 -0.148800 -0.884200 -0.442800
0.233300 0.592500 0.452100 0.000000 0.000000 -0.609600 -0.791500 -0.043400
0.234200 0.591700 0.457200 0.000000 0.000000 -0.180600 -0.944900 0.273100
0.220700 0.595900 0.446400 0.000000 0.000000 -0.043600 -0.907700 -0.417400
0.214500 0.596200 0.446500 0.000000 0.000000 -0.007600 -0.903100 -0.429300
0.233000 0.600100 0.442300 0.000000 0.000000 -0.906600 -0.236000 -0.349900
0.232300 0.612800 0.441900 0.000000 0.000000 -0.852600 0.007700 -0.522500
0.231900 0.612900 0.440900 0.000000 0.000000 -0.924000 -0.007600 -0.382300
0.232600 0.599300 0.441400 0.000000 0.000000 -0.868700 -0.171700 -0.464700
0.231600 0.626200 0.443600 0.000000 0.000000 -0.904200 0.214600 -0.369400
0.232000 0.625300 0.444400 0.000000 0.000000 -0.896000 0.288500 -0.337500
0.250500 0.628500 0.442200 0.000000 0.000000 0.941700 0.151000 -0.300600
0.250500 0.613000 0.439100 0.000000 0.000000 0.928700 0.006800 -0.370800
0.250100 0.613100 0.438100 0.000000 0.000000 0.598400 0.019400 -0.801000
0.250100 0.629400 0.441400 0.000000 0.000000 0.598200 0.407900 -0.689800
0.250100 0.596500 0.440600 0.000000 0.000000 0.556100 -0.470200 -0.685300
0.250500 0.597100 0.441400 0.000000 0.000000 0.928400 -0.203700 -0.310700
0.250100 0.634800 0.447800 0.000000 0.000000 0.655300 0.716700 -0.238400
0.250100 0.634400 0.455600 0.000000 0.000000 0.729500 0.681700 0.055300
0.250500 0.632600 0.455500 0.000000 0.000000 0.975300 0.220200 0.018400
0.250500 0.633200 0.448200 0.000000 0.000000 0.971100 0.225900 -0.077600
0.232400 0.630700 0.448900 0.000000 0.000000 -0.912900 0.404600 -0.054100
0.232800 0.629100 0.449200 0.000000 0.000000 -0.874900 0.484300 0.004500
0.233100 0.630400 0.455300 0.000000 0.000000 -0.952100 0.305300 0.017100
0.233500 0.628600 0.455200 0.000000 0.000000 -0.800900 0.596900 0.048000
0.232400 0.629600 0.461700 0.000000 0.000000 -0.919500 0.371800 0.127700
0.232800 0.628100 0.461100 0.000000 0.000000 -0.873700 0.480000 0.079100
0.231600 0.624400 0.466100 0.000000 0.000000 -0.907200 0.155500 0.390900
0.232000 0.623600 0.465200 0.000000 0.000000 -0.898400 0.232200 0.372900
0.250500 0.632000 0.462800 0.000000 0.000000 0.969700 0.213200 0.119100
0.250100 0.633500 0.463400 0.000000 0.000000 0.657500 0.662900 0.358000
0.250100 0.627100 0.468800 0.000000 0.000000 0.605500 0.290300 0.741000
0.250500 0.626300 0.467900 0.000000 0.000000 0.938300 0.095300 0.332300
0.232300 0.610800 0.465600 0.000000 0.000000 -0.854000 -0.081800 0.513900
0.231900 0.610700 0.466600 0.000000 0.000000 -0.925700 -0.063400 0.373000
0.232600 0.597400 0.463900 0.000000 0.000000 -0.862900 -0.245100 0.441900
0.233000 0.598300 0.463000 0.000000 0.000000 -0.898700 -0.290000 0.329000
0.250500 0.595300 0.463400 0.000000 0.000000 0.935200 -0.235900 0.264200
0.250500 0.610600 0.468400 0.000000 0.000000 0.928800 -0.053500 0.366700
0.250100 0.610500 0.469400 0.000000 0.000000 0.598000 -0.114500 0.793300
0.250100 0.594500 0.464100 0.000000 0.000000 0.561400 -0.580300 0.590000
0.250500 0.591000 0.452000 0.000000 0.000000 0.929400 -0.368100 -0.028800
0.250100 0.590000 0.451900 0.000000 0.000000 0.531600 -0.843900 -0.071900
0.233200 0.595000 0.452300 0.000000 0.000000 -0.801000 -0.596400 -0.051500
0.233200 0.595500 0.446400 0.000000 0.000000 -0.892600 -0.416100 -0.173700
0.232800 0.594000 0.445800 0.000000 0.000000 -0.756300 -0.466200 -0.458900
0.232800 0.593300 0.452200 0.000000 0.000000 -0.982800 -0.184300 0.006200
0.233200 0.594500 0.458200 0.000000 0.000000 -0.893700 -0.436800 0.102500
0.232800 0.593000 0.458600 0.000000 0.000000 -0.829800 -0.493200 0.261300
0.226600 0.628600 0.455200 0.000000 0.000000 0.115400 0.989800 0.083400
0.225700 0.629100 0.449200 0.000000 0.000000 0.116900 0.941000 -0.317500
0.224600 0.625300 0.444400 0.000000 0.000000 0.047000 0.492400 -0.869100
0.225700 0.628100 0.461100 0.000000 0.000000 0.111700 0.875000 0.471100
0.224600 0.623600 0.465200 0.000000 0.000000 0.044500 0.349500 0.935900
0.225100 0.610800 0.465600 0.000000 0.000000 0.002200 -0.090500 0.995900
0.226100 0.598400 0.463000 0.000000 0.000000 -0.009600 -0.531100 0.847200
0.227000 0.594700 0.458300 0.000000 0.000000 -0.033400 -0.960300 0.277000
0.227300 0.595300 0.452400 0.000000 0.000000 -0.047700 -0.995500 -0.082200
0.227000 0.595700 0.446400 0.000000 0.000000 -0.026400 -0.901900 -0.431000
0.226100 0.600100 0.442300 0.000000 0.000000 -0.010600 -0.385100 -0.922800
0.225100 0.612800 0.441900 0.000000 0.000000 -0.002600 0.078100 -0.996900
0.198900 0.731000 0.454600 0.000000 0.000000 0.895600 -0.065600 -0.440100
0.197000 0.729900 0.455000 0.000000 0.000000 0.659900 -0.519400 -0.542900
0.192500 0.734100 0.449300 0.000000 0.000000 0.362200 -0.280700 -0.888800
0.194100 0.735500 0.448500 0.000000 0.000000 0.643100 0.141600 -0.752600
0.200800 0.728700 0.463200 0.000000 0.000000 0.981500 -0.191200 -0.012500
0.198800 0.727800 0.463100 0.000000 0.000000 0.755500 -0.652900 -0.053800
0.176400 0.697700 0.452500 0.000000 0.000000 0.839900 -0.093200 -0.534700
0.187100 0.714800 0.453200 0.000000 0.000000 0.703700 -0.462600 -0.539200
0.189200 0.712800 0.461800 0.000000 0.000000 0.815800 -0.576400 -0.046700
0.178400 0.696100 0.460300 0.000000 0.000000 0.992000 -0.126200 -0.003900
0.171200 0.700600 0.446800 0.000000 0.000000 0.452300 -0.031700 -0.891300
0.181900 0.718700 0.447000 0.000000 0.000000 0.390400 -0.233300 -0.890600
0.173900 0.677900 0.443600 0.000000 0.000000 0.458000 -0.031600 -0.888400
0.181800 0.674900 0.449800 0.000000 0.000000 0.803000 -0.156600 -0.575000
0.184900 0.673200 0.458300 0.000000 0.000000 0.963300 -0.268400 -0.009200
0.171700 0.663900 0.449100 0.000000 0.000000 0.700600 -0.322100 -0.636700
0.174000 0.662700 0.457400 0.000000 0.000000 0.898600 -0.438200 -0.022900
0.159300 0.660700 0.442500 0.000000 0.000000 0.334100 -0.042700 -0.941600
0.170600 0.652600 0.448100 0.000000 0.000000 0.757400 -0.062600 -0.649900
0.157700 0.644700 0.441100 0.000000 0.000000 0.437900 -0.142900 -0.887600
0.173200 0.654500 0.456700 0.000000 0.000000 0.997500 -0.069900 -0.004700
0.186100 0.739400 0.447600 0.000000 0.000000 -0.043000 0.036300 -0.998400
0.179800 0.744400 0.450100 0.000000 0.000000 -0.450000 0.315800 -0.835300
0.180700 0.746600 0.449400 0.000000 0.000000 -0.049800 0.709900 -0.702500
0.187400 0.741300 0.446700 0.000000 0.000000 0.301600 0.449900 -0.840600
0.164000 0.704100 0.445000 0.000000 0.000000 -0.035100 0.087000 -0.995600
0.174500 0.723500 0.445200 0.000000 0.000000 -0.030200 0.047400 -0.998400
0.156800 0.707200 0.447300 0.000000 0.000000 -0.494900 0.236900 -0.836000
0.167100 0.727900 0.447700 0.000000 0.000000 -0.452600 0.303500 -0.838500
0.162900 0.681400 0.441700 0.000000 0.000000 0.038300 0.095100 -0.994700
0.151800 0.684700 0.444200 0.000000 0.000000 -0.374800 0.224900 -0.899400
0.151000 0.662300 0.440500 0.000000 0.000000 -0.033200 0.095900 -0.994800
0.142800 0.663500 0.442700 0.000000 0.000000 -0.493200 0.186900 -0.849600
0.140300 0.640600 0.440600 0.000000 0.000000 -0.490400 -0.041900 -0.870500
0.148800 0.640500 0.438500 0.000000 0.000000 0.083100 -0.164700 -0.982800
0.175900 0.750000 0.456200 0.000000 0.000000 -0.285700 0.885300 -0.366900
0.175200 0.747500 0.456500 0.000000 0.000000 -0.736200 0.502200 -0.453600
0.173400 0.748300 0.464700 0.000000 0.000000 -0.845600 0.532300 0.040400
0.174000 0.750900 0.464900 0.000000 0.000000 -0.376500 0.923500 0.073800
0.151600 0.709000 0.453400 0.000000 0.000000 -0.802900 0.361800 -0.473700
0.161800 0.730700 0.454500 0.000000 0.000000 -0.758200 0.465600 -0.456500
0.149600 0.709300 0.461300 0.000000 0.000000 -0.920100 0.390500 0.031400
0.159700 0.731300 0.463200 0.000000 0.000000 -0.869400 0.492400 0.041600
0.140700 0.686800 0.459300 0.000000 0.000000 -0.951600 0.306400 0.025100
0.143900 0.686600 0.450700 0.000000 0.000000 -0.757800 0.316900 -0.570400
0.136800 0.664000 0.449000 0.000000 0.000000 -0.851200 0.208000 -0.481900
0.134500 0.663700 0.457300 0.000000 0.000000 -0.981700 0.189700 0.018900
0.134300 0.640300 0.446900 0.000000 0.000000 -0.859100 0.013400 -0.511600
0.131800 0.639700 0.455300 0.000000 0.000000 -0.999700 0.020300 -0.013800
0.179700 0.741900 0.478500 0.000000 0.000000 -0.453200 0.169800 0.875100
0.180600 0.744000 0.479600 0.000000 0.000000 -0.055200 0.580300 0.812500
0.175800 0.748600 0.473400 0.000000 0.000000 -0.282700 0.815700 0.504600
0.175100 0.746100 0.472700 0.000000 0.000000 -0.737200 0.420500 0.528900
0.151600 0.707700 0.469100 0.000000 0.000000 -0.805800 0.289400 0.516700
0.161800 0.729200 0.471700 0.000000 0.000000 -0.762900 0.381800 0.521700
0.167000 0.725400 0.478000 0.000000 0.000000 -0.463200 0.159500 0.871800
0.156700 0.704800 0.474800 0.000000 0.000000 -0.487700 0.108700 0.866200
0.143800 0.685200 0.467800 0.000000 0.000000 -0.779000 0.204400 0.592800
0.151600 0.682200 0.474000 0.000000 0.000000 -0.382400 0.053900 0.922400
0.136800 0.662600 0.465600 0.000000 0.000000 -0.857700 0.134200 0.496300
0.142600 0.661000 0.471800 0.000000 0.000000 -0.503200 0.040700 0.863200
0.140200 0.638100 0.470000 0.000000 0.000000 -0.502000 -0.096400 0.859500
0.134200 0.638900 0.463700 0.000000 0.000000 -0.869400 -0.016300 0.493800
0.186000 0.736600 0.480200 0.000000 0.000000 -0.052200 -0.135100 0.989500
0.192400 0.731700 0.477700 0.000000 0.000000 0.364000 -0.417900 0.832400
0.194000 0.733000 0.478700 0.000000 0.000000 0.644400 0.035600 0.763900
0.187300 0.738300 0.481400 0.000000 0.000000 0.298500 0.299600 0.906200
0.174400 0.720600 0.479800 0.000000 0.000000 -0.038900 -0.121200 0.991900
0.163900 0.701400 0.476600 0.000000 0.000000 -0.034300 -0.077500 0.996400
0.171100 0.698200 0.474300 0.000000 0.000000 0.446400 -0.186100 0.875300
0.181700 0.716100 0.477300 0.000000 0.000000 0.381200 -0.378200 0.843600
0.162700 0.678600 0.475900 0.000000 0.000000 0.033300 -0.071900 0.996900
0.173700 0.675400 0.473500 0.000000 0.000000 0.453900 -0.172200 0.874300
0.150900 0.659500 0.473800 0.000000 0.000000 -0.045200 -0.075100 0.996200
0.159200 0.658200 0.471700 0.000000 0.000000 0.325300 -0.209700 0.922100
0.148600 0.637600 0.472100 0.000000 0.000000 0.028900 -0.205200 0.978300
0.157600 0.642200 0.470400 0.000000 0.000000 0.410700 -0.227100 0.883000
0.197000 0.728500 0.471300 0.000000 0.000000 0.652700 -0.610500 0.448700
0.198800 0.729500 0.471900 0.000000 0.000000 0.890900 -0.144000 0.430700
0.176300 0.696400 0.468200 0.000000 0.000000 0.834700 -0.189600 0.517000
0.187100 0.713300 0.470500 0.000000 0.000000 0.701700 -0.545900 0.457800
0.181700 0.673500 0.466900 0.000000 0.000000 0.802400 -0.258700 0.537800
0.171600 0.662400 0.465800 0.000000 0.000000 0.709000 -0.423000 0.564300
0.170500 0.651200 0.464900 0.000000 0.000000 0.753100 -0.135800 0.643700
0.196600 0.732700 0.456500 0.000000 0.000000 0.632900 0.771200 0.068800
0.198100 0.730900 0.463300 0.000000 0.000000 0.632900 0.771100 0.069300
0.192800 0.736400 0.451500 0.000000 0.000000 0.649900 0.757900 0.056600
0.187400 0.741000 0.450100 0.000000 0.000000 0.636300 0.768500 0.066900
0.182000 0.745300 0.452300 0.000000 0.000000 0.635000 0.770200 0.060300
0.178200 0.748000 0.457700 0.000000 0.000000 0.634300 0.770800 0.060100
0.176600 0.748700 0.464800 0.000000 0.000000 0.646100 0.760000 0.069800
0.178100 0.746800 0.471600 0.000000 0.000000 0.646000 0.760600 0.064800
0.181900 0.743200 0.476500 0.000000 0.000000 0.638600 0.766500 0.068600
0.187300 0.738600 0.478000 0.000000 0.000000 0.635900 0.768900 0.066900
0.192700 0.734300 0.475800 0.000000 0.000000 0.636100 0.769300 0.059700
0.196600 0.731500 0.470400 0.000000 0.000000 0.644000 0.762000 0.067900
0.190500 0.730300 0.447600 0.000000 0.000000 0.491000 -0.100500 -0.865300
0.183500 0.735800 0.445800 0.000000 0.000000 0.088600 0.190100 -0.977800
0.195600 0.725800 0.453900 0.000000 0.000000 0.784500 -0.340100 -0.518600
0.197600 0.723500 0.462700 0.000000 0.000000 0.890000 -0.454700 -0.033600
0.195500 0.724300 0.471700 0.000000 0.000000 0.779600 -0.427300 0.457800
0.190400 0.727600 0.478700 0.000000 0.000000 0.486000 -0.248500 0.837900
0.183300 0.732800 0.481300 0.000000 0.000000 0.075000 0.023400 0.996900
0.176200 0.738400 0.479500 0.000000 0.000000 -0.324300 0.327700 0.887400
0.171200 0.742800 0.473200 0.000000 0.000000 -0.622400 0.564700 0.542000
0.169200 0.745100 0.464400 0.000000 0.000000 -0.727900 0.683600 0.053600
0.171300 0.744300 0.455400 0.000000 0.000000 -0.617500 0.648100 -0.445700
0.176400 0.741100 0.448500 0.000000 0.000000 -0.319100 0.471500 -0.822100
0.629600 0.694100 0.681200 0.000000 0.000000 0.383500 0.895300 -0.226400
0.601400 0.699100 0.640500 0.000000 0.000000 -0.088600 0.977300 -0.192200
0.574000 0.702100 0.660600 0.000000 0.000000 -0.155000 0.902000 -0.402900
0.616300 0.700500 0.680200 0.000000 0.000000 0.349900 0.617100 -0.704800
0.638200 0.720400 0.328300 0.000000 0.000000 -0.285000 0.956100 0.068300
0.597500 0.693600 0.328300 0.000000 0.000000 -0.708200 0.705700 0.022300
0.592300 0.683300 0.480600 0.000000 0.000000 -0.675400 0.737300 0.014300
0.633100 0.705500 0.480600 0.000000 0.000000 -0.239100 0.967500 0.081900
0.592400 0.606300 0.448400 0.000000 0.000000 -0.839600 -0.533700 -0.100900
0.613000 0.576100 0.435800 0.000000 0.000000 -0.959500 -0.276300 -0.055200
0.613000 0.574600 0.443200 0.000000 0.000000 -0.780700 -0.460800 0.422000
0.594200 0.602800 0.453300 0.000000 0.000000 -0.686800 -0.705400 0.175200
0.592600 0.686100 0.328300 0.000000 0.000000 -0.965400 0.260300 -0.015900
0.587400 0.675800 0.480600 0.000000 0.000000 -0.969200 0.238600 -0.060500
0.576100 0.670300 0.601100 0.000000 0.000000 -0.655100 0.734300 -0.177700
0.571200 0.662800 0.601100 0.000000 0.000000 -0.939900 0.217000 -0.263600
0.582200 0.617600 0.501500 0.000000 0.000000 -0.723400 -0.689900 -0.027500
0.582300 0.623800 0.500900 0.000000 0.000000 -0.992900 0.004600 -0.119200
0.585400 0.613200 0.469800 0.000000 0.000000 -0.961700 -0.255400 -0.099200
0.585000 0.611000 0.480600 0.000000 0.000000 -0.637500 -0.759000 0.132100
0.604700 0.558200 0.577200 0.000000 0.000000 -0.709800 -0.611900 -0.349000
0.603800 0.558100 0.580000 0.000000 0.000000 -0.726500 -0.663700 -0.178100
0.575000 0.596500 0.554800 0.000000 0.000000 -0.910900 -0.365400 -0.191600
0.576100 0.598000 0.546900 0.000000 0.000000 -0.537400 -0.650200 -0.537100
0.600200 0.543600 0.650300 0.000000 0.000000 0.000000 -1.000000 -0.000000
0.610000 0.543600 0.672000 0.000000 0.000000 0.000000 -1.000000 -0.000000
0.581000 0.543600 0.706800 0.000000 0.000000 0.000000 -1.000000 -0.000000
0.573100 0.543600 0.674900 0.000000 0.000000 0.000000 -1.000000 -0.000000
0.564900 0.543600 0.653100 0.000000 0.000000 -0.261100 -0.895200 -0.361200
0.597000 0.543600 0.629900 0.000000 0.000000 -0.297400 -0.924600 -0.238100
0.547400 0.587400 0.631100 0.000000 0.000000 -0.634400 -0.308200 -0.708900
0.562100 0.587400 0.617300 0.000000 0.000000 -0.764500 -0.349900 -0.541400
0.547400 0.659100 0.631100 0.000000 0.000000 -0.605300 0.488700 -0.628400
0.562100 0.659100 0.617300 0.000000 0.000000 -0.735600 0.415300 -0.535300
0.551700 0.670300 0.634500 0.000000 0.000000 -0.517600 0.620100 -0.589600
0.567600 0.670300 0.619300 0.000000 0.000000 -0.610800 0.666100 -0.428100
0.563900 0.662800 0.618000 0.000000 0.000000 -0.793200 0.189200 -0.578800
0.548800 0.662800 0.632200 0.000000 0.000000 -0.683600 -0.064900 -0.726900
0.564400 0.661000 0.617600 0.000000 0.000000 -0.798800 0.338100 -0.497600
0.548100 0.661000 0.633900 0.000000 0.000000 -0.647100 0.369900 -0.666600
0.571400 0.661000 0.601100 0.000000 0.000000 -0.891100 0.400000 -0.214400
0.587600 0.674000 0.480600 0.000000 0.000000 -0.918600 0.392700 -0.043600
0.585000 0.672100 0.480600 0.000000 0.000000 -0.885000 0.464400 -0.032600
0.568800 0.659100 0.601100 0.000000 0.000000 -0.866200 0.448900 -0.219200
0.621300 0.543600 0.601100 0.000000 0.000000 0.000000 -1.000000 -0.000000
0.635000 0.543600 0.601100 0.000000 0.000000 0.000000 -1.000000 -0.000000
0.613000 0.543600 0.601100 0.000000 0.000000 -0.677400 -0.724100 -0.129500
0.568800 0.587400 0.601100 0.000000 0.000000 -0.873900 -0.389600 -0.290700
0.623800 0.692500 0.601100 0.000000 0.000000 -0.189400 0.978500 -0.081400
0.658100 0.680300 0.683400 0.000000 0.000000 0.150100 0.984700 0.088700
0.664300 0.692500 0.601100 0.000000 0.000000 0.030800 0.994400 0.101600
0.673600 0.705500 0.480600 0.000000 0.000000 0.000000 0.994800 0.102300
0.678700 0.720400 0.328300 0.000000 0.000000 0.000000 0.996000 0.089400
0.641400 0.736700 0.129000 0.000000 0.000000 -0.439000 0.898400 -0.014700
0.603100 0.704000 0.167400 0.000000 0.000000 -0.758500 0.644100 -0.099100
0.612900 0.640300 0.129000 0.000000 0.000000 -0.993300 -0.045700 -0.106400
0.612900 0.597600 0.328300 0.000000 0.000000 -0.969100 -0.240200 -0.055900
0.590100 0.641400 0.328300 0.000000 0.000000 -0.969700 -0.232600 -0.074500
0.595800 0.684100 0.167400 0.000000 0.000000 -0.979900 -0.103300 -0.170600
0.590100 0.682400 0.328300 0.000000 0.000000 -0.885700 0.464300 0.000000
0.595800 0.692800 0.167400 0.000000 0.000000 -0.916600 0.386300 -0.103000
0.598200 0.696500 0.167400 0.000000 0.000000 -0.739500 0.190700 -0.645500
0.592700 0.684200 0.328300 0.000000 0.000000 -0.897800 0.440400 -0.001800
0.681900 0.736700 0.129000 0.000000 0.000000 0.000000 0.996900 0.078700
0.598400 0.694600 0.167400 0.000000 0.000000 -0.730900 0.314600 0.605700
0.681500 0.756100 -0.125700 0.000000 0.000000 0.000000 0.997100 0.076100
0.641000 0.756100 -0.125700 0.000000 0.000000 -0.650700 0.756900 0.060200
0.613000 0.543600 -0.376700 0.000000 0.000000 -0.998900 0.047100 0.004200
0.612900 0.543600 -0.125700 0.000000 0.000000 -0.998300 0.057900 -0.009800
0.632900 0.695400 -0.125700 0.000000 0.000000 -0.991400 0.130700 -0.007000
0.627800 0.714200 -0.376700 0.000000 0.000000 -0.995600 0.082900 0.043400
0.673600 0.775300 -0.376700 0.000000 0.000000 0.000000 0.998200 0.060000
0.633100 0.775300 -0.376700 0.000000 0.000000 -0.666000 0.742300 0.073500
0.613000 0.543600 -0.406500 0.000000 0.000000 -0.950400 -0.034300 -0.309200
0.623900 0.719300 -0.447400 0.000000 0.000000 -0.951600 -0.012500 -0.306900
0.668100 0.779000 -0.461200 0.000000 0.000000 -0.002800 0.939300 -0.343100
0.627600 0.779000 -0.461200 0.000000 0.000000 -0.623700 0.651100 -0.432600
0.613000 0.571200 0.433800 0.000000 0.000000 -0.997900 -0.064200 -0.012600
0.613000 0.569800 0.440400 0.000000 0.000000 -0.931300 -0.133500 0.338800
0.656300 0.574800 0.517700 0.000000 0.000000 -0.692100 -0.154600 -0.705000
0.612900 0.547400 0.566300 0.000000 0.000000 -0.866600 -0.267800 -0.421000
0.610600 0.551500 0.567700 0.000000 0.000000 -0.866200 -0.354000 -0.352600
0.655700 0.580100 0.517100 0.000000 0.000000 -0.692600 -0.153200 -0.704800
0.612900 0.592200 0.328300 0.000000 0.000000 -1.000000 0.000100 0.000300
0.612900 0.634900 0.129000 0.000000 0.000000 -1.000000 0.000000 -0.000000
0.612900 0.538200 -0.125700 0.000000 0.000000 -1.000000 -0.000000 -0.000200
0.613000 0.538300 -0.405400 0.000000 0.000000 -0.939500 -0.071800 -0.334900
0.613000 0.538600 -0.374700 0.000000 0.000000 -1.000000 -0.000100 -0.000200
0.613000 0.263100 0.601100 0.000000 0.000000 -0.762400 -0.369600 0.531200
0.613000 0.304400 0.601100 0.000000 0.000000 -0.645600 -0.064200 0.761000
0.613000 0.304400 0.480600 0.000000 0.000000 -0.882700 -0.469900 0.000300
0.613000 0.263100 0.480600 0.000000 0.000000 -0.881700 -0.471900 0.000300
0.612900 0.304400 0.328300 0.000000 0.000000 -0.911400 -0.411300 -0.017000
0.612900 0.263100 0.328300 0.000000 0.000000 -0.870300 -0.492600 0.000200
0.612900 0.304400 0.129000 0.000000 0.000000 -0.948100 -0.317700 -0.009300
0.612900 0.263100 0.129000 0.000000 0.000000 -0.870200 -0.492700 -0.000000
0.612900 0.304400 -0.125700 0.000000 0.000000 -0.949100 -0.305400 -0.077500
0.612900 0.263100 -0.125700 0.000000 0.000000 -0.870200 -0.492700 -0.000000
0.612900 0.263100 -0.216000 0.000000 0.000000 -0.864400 -0.496300 -0.080400
0.612900 0.305300 -0.281600 0.000000 0.000000 -0.866300 -0.397200 -0.302800
0.629800 0.704000 0.083700 0.000000 0.000000 -0.941700 0.321400 -0.099500
0.624200 0.684100 0.083700 0.000000 0.000000 -0.967800 0.212100 -0.135600
0.616500 0.377400 0.480600 0.000000 0.000000 -0.755400 0.650300 -0.079900
0.616500 0.361500 0.337300 0.000000 0.000000 -0.688700 0.409600 0.598300
0.606600 0.355200 0.337300 0.000000 0.000000 -0.389100 0.643000 0.659600
0.601600 0.374100 0.480600 0.000000 0.000000 -0.218600 0.968300 -0.121100
0.613000 0.473200 0.586700 0.000000 0.000000 -0.835700 0.417100 -0.357200
0.587100 0.468300 0.573000 0.000000 0.000000 0.210700 0.712600 -0.669200
0.587100 0.469700 0.585500 0.000000 0.000000 -0.469700 0.577700 0.667600
0.613000 0.474800 0.601100 0.000000 0.000000 -0.642900 0.002800 0.765900
0.603600 0.413000 0.129000 0.000000 0.000000 -0.697700 0.709700 -0.097700
0.596900 0.435600 0.309100 0.000000 0.000000 -0.366700 0.920500 -0.135300
0.612900 0.444500 0.328300 0.000000 0.000000 -0.824300 0.561300 -0.073300
0.612900 0.422400 0.129000 0.000000 0.000000 -0.924300 0.379300 -0.042100
0.612900 0.394100 -0.125700 0.000000 0.000000 -0.948700 0.295300 -0.113400
0.603600 0.384100 -0.125700 0.000000 0.000000 -0.698100 0.649700 -0.300900
0.535300 0.360100 0.559000 0.000000 0.000000 -0.801300 -0.316000 0.508100
0.535300 0.356700 0.480600 0.000000 0.000000 -0.892700 -0.447400 -0.054800
0.562800 0.351100 0.328300 0.000000 0.000000 -0.911500 -0.396600 -0.108900
0.584900 0.343700 0.129000 0.000000 0.000000 -0.950600 -0.307700 -0.041500
0.584900 0.334300 -0.125700 0.000000 0.000000 -0.910100 -0.341200 -0.235400
0.535300 0.457000 0.559000 0.000000 0.000000 -0.723000 0.515300 0.460100
0.535300 0.451300 0.480600 0.000000 0.000000 -0.754500 0.643000 -0.131600
0.584900 0.394400 0.129000 0.000000 0.000000 -0.916400 0.388600 -0.095700
0.564300 0.423000 0.314600 0.000000 0.000000 -0.811900 0.550500 -0.194300
0.584900 0.364200 -0.125700 0.000000 0.000000 -0.896000 0.341800 -0.283300
0.594300 0.374100 -0.125700 0.000000 0.000000 -0.694400 0.653000 -0.302200
0.612900 0.353200 -0.172900 0.000000 0.000000 -0.972600 0.091100 -0.214100
0.612900 0.336000 -0.176500 0.000000 0.000000 -0.986700 -0.049400 -0.155200
0.561200 0.464800 0.572000 0.000000 0.000000 -0.457000 0.602200 0.654700
0.561200 0.463600 0.561100 0.000000 0.000000 0.209200 0.912000 -0.352900
0.561200 0.454700 0.480600 0.000000 0.000000 0.521800 0.849100 -0.082300
0.580800 0.429100 0.310800 0.000000 0.000000 -0.388000 0.907400 -0.161600
0.594300 0.403700 0.129000 0.000000 0.000000 -0.700700 0.704000 -0.115500
0.586800 0.370700 0.480600 0.000000 0.000000 0.513200 0.854100 -0.084200
0.596700 0.348900 0.337300 0.000000 0.000000 0.270800 0.807900 0.523400
0.665700 0.680300 0.683400 0.000000 0.000000 0.716200 0.680500 0.154800
0.671900 0.692500 0.601100 0.000000 0.000000 0.697100 0.702700 0.142500
0.681200 0.705500 0.480600 0.000000 0.000000 0.707900 0.697800 0.109800
0.686300 0.720400 0.328300 0.000000 0.000000 0.706300 0.703400 0.080200
0.689500 0.736700 0.129000 0.000000 0.000000 0.708200 0.703400 0.060400
0.689100 0.756100 -0.125700 0.000000 0.000000 0.710800 0.702200 0.041300
0.681200 0.775300 -0.376700 0.000000 0.000000 0.707400 0.706800 0.008200
0.675700 0.779000 -0.461200 0.000000 0.000000 0.635500 0.688100 -0.350200
0.665700 0.672900 0.683400 0.000000 0.000000 0.997200 0.000000 0.075100
0.671900 0.685100 0.601100 0.000000 0.000000 0.997100 0.000000 0.076000
0.681200 0.698000 0.480600 0.000000 0.000000 0.998500 0.000000 0.055200
0.686300 0.712900 0.328300 0.000000 0.000000 0.999700 0.000000 0.024800
0.689500 0.729200 0.129000 0.000000 0.000000 1.000000 0.000000 0.007200
0.689100 0.748700 -0.125700 0.000000 0.000000 0.999900 0.000000 -0.016500
0.681200 0.767800 -0.376700 0.000000 0.000000 0.998800 0.000000 -0.048200
0.675700 0.771500 -0.461200 0.000000 0.000000 0.956400 0.000000 -0.292200
0.675700 0.682900 -0.461200 0.000000 0.000000 0.957300 0.000000 -0.289100
0.681200 0.679200 -0.376700 0.000000 0.000000 0.998900 0.000000 -0.047600
0.689100 0.660000 -0.125700 0.000000 0.000000 0.999900 0.000000 -0.015800
0.689500 0.640600 0.129000 0.000000 0.000000 1.000000 0.000000 0.007700
0.686300 0.624200 0.328300 0.000000 0.000000 0.999700 0.000000 0.025300
0.681200 0.609400 0.480600 0.000000 0.000000 0.998400 0.000000 0.056600
0.671900 0.596400 0.601100 0.000000 0.000000 0.997100 0.000000 0.076000
0.665700 0.584200 0.683400 0.000000 0.000000 0.997200 0.000000 0.075100
0.613000 0.400800 -0.319700 0.000000 0.000000 -1.000000 0.000400 -0.000200
0.613000 0.407800 -0.376700 0.000000 0.000000 -0.904700 -0.225100 -0.361800
0.663900 0.548900 0.515800 0.000000 0.000000 -0.694300 -0.149700 -0.704000
0.668400 0.513300 0.518800 0.000000 0.000000 -0.812800 0.552400 -0.184800
0.633600 0.511600 0.553600 0.000000 0.000000 -0.436700 0.561400 -0.702900
0.630200 0.527500 0.553500 0.000000 0.000000 -0.693400 -0.151800 -0.704400
0.612900 0.590400 0.337000 0.000000 0.000000 -0.998600 0.048600 0.022700
0.612900 0.445500 0.337300 0.000000 0.000000 -0.938300 0.238600 0.250100
0.625200 0.740200 -0.452200 0.000000 0.000000 -0.958500 -0.004900 -0.285200
0.629600 0.735600 -0.376700 0.000000 0.000000 -0.995200 0.085700 0.046900
0.635700 0.716700 -0.125700 0.000000 0.000000 -0.991500 0.130100 0.007500
0.616600 0.389200 0.586700 0.000000 0.000000 -0.359800 0.466200 -0.808200
0.601700 0.384300 0.573000 0.000000 0.000000 0.267800 0.737600 -0.619900
0.586800 0.379600 0.561100 0.000000 0.000000 0.521000 0.745900 -0.414900
0.595700 0.439200 0.337300 0.000000 0.000000 -0.261400 0.704100 0.660200
0.578400 0.432900 0.337300 0.000000 0.000000 0.036200 0.976900 0.210500
0.616700 0.466000 0.474700 0.000000 0.000000 -0.999800 -0.020900 0.002700
0.616600 0.455000 0.376200 0.000000 0.000000 -0.998500 -0.020700 0.051400
0.619100 0.397300 0.376200 0.000000 0.000000 -0.999300 0.007200 0.036500
0.619100 0.408200 0.474700 0.000000 0.000000 -0.999800 0.020400 -0.002100
0.619100 0.416300 0.547800 0.000000 0.000000 -0.999400 0.004900 -0.034900
0.616700 0.474100 0.547800 0.000000 0.000000 -0.998500 -0.023900 -0.048900
0.613000 0.541300 0.585200 0.000000 0.000000 -0.999900 -0.011400 -0.012400
0.613000 0.538200 0.601100 0.000000 0.000000 -0.915200 0.000000 0.403000
0.679500 0.558300 0.498400 0.000000 0.000000 -0.996700 0.044300 0.068300
0.613900 0.262500 0.328300 0.000000 0.000000 -0.546000 -0.837800 -0.000000
0.613900 0.262500 0.480600 0.000000 0.000000 -0.565600 -0.824700 0.000200
0.613900 0.262500 0.601300 0.000000 0.000000 -0.495800 -0.550200 0.672000
0.613900 0.262500 0.129000 0.000000 0.000000 -0.546000 -0.837800 -0.000000
0.613900 0.262500 -0.125700 0.000000 0.000000 -0.546000 -0.837800 -0.000000
0.613900 0.262500 -0.217100 0.000000 0.000000 -0.679000 -0.711200 -0.182100
0.624800 0.719300 -0.448500 0.000000 0.000000 -0.769900 -0.099300 -0.630400
0.613900 0.543600 -0.407700 0.000000 0.000000 -0.781800 -0.116200 -0.612600
0.613900 0.305300 -0.282700 0.000000 0.000000 -0.610200 -0.599300 -0.518200
0.613900 0.407800 -0.377800 0.000000 0.000000 -0.732900 -0.327500 -0.596300
0.613900 0.538300 -0.406500 0.000000 0.000000 -0.767600 -0.137000 -0.626100
0.613900 0.304700 0.601300 0.000000 0.000000 -0.229900 0.152700 0.961100
0.613900 0.474300 0.601300 0.000000 0.000000 -0.292700 -0.248200 0.923400
0.588000 0.469200 0.585700 0.000000 0.000000 -0.380300 -0.421700 0.823100
0.536200 0.360500 0.559200 0.000000 0.000000 -0.249100 0.136100 0.958900
0.536200 0.456600 0.559200 0.000000 0.000000 -0.274200 -0.176400 0.945400
0.562100 0.464300 0.572200 0.000000 0.000000 -0.355000 -0.356800 0.864100
0.613900 0.538200 0.601300 0.000000 0.000000 -0.187300 0.000000 0.982300
0.628400 0.777500 -0.462000 0.000000 0.000000 -0.455500 0.215400 -0.863800
0.626100 0.740200 -0.453400 0.000000 0.000000 -0.783100 -0.093600 -0.614800
0.667400 0.777900 -0.462400 0.000000 0.000000 -0.026300 0.725500 -0.687700
0.675000 0.777900 -0.462400 0.000000 0.000000 0.524100 0.445300 -0.726000
0.675000 0.682900 -0.462400 0.000000 0.000000 0.855700 0.000000 -0.517500
0.675000 0.770600 -0.462400 0.000000 0.000000 0.855700 0.000000 -0.517500
0.669800 0.764000 -0.470700 0.000000 0.000000 0.001800 0.000000 -1.000000
0.669800 0.682900 -0.470700 0.000000 0.000000 0.001800 0.000000 -1.000000
0.663800 0.682900 -0.461200 0.000000 0.000000 -0.845500 0.000000 -0.534000
0.663800 0.756500 -0.461200 0.000000 0.000000 -0.849100 0.005700 -0.528200
0.669800 0.770000 -0.470700 0.000000 0.000000 0.284500 0.152900 -0.946400
0.664000 0.761000 -0.461300 0.000000 0.000000 -0.565600 -0.392900 -0.725100
0.662200 0.770000 -0.470700 0.000000 0.000000 -0.074200 0.048600 -0.996100
0.656400 0.761000 -0.461300 0.000000 0.000000 0.019000 -0.717800 -0.696000
0.641500 0.754000 -0.455400 0.000000 0.000000 0.556400 -0.409900 -0.722800
0.634600 0.766500 -0.467800 0.000000 0.000000 -0.266100 -0.063400 -0.961900
0.640700 0.740200 -0.452200 0.000000 0.000000 0.961300 0.155100 -0.227700
0.632900 0.740200 -0.461700 0.000000 0.000000 -0.619400 0.374500 -0.690000
0.642700 0.740200 -0.469500 0.000000 0.000000 0.771200 0.577500 -0.267800
0.641400 0.719300 -0.464700 0.000000 0.000000 0.952200 -0.123700 -0.279200
0.633600 0.719300 -0.474100 0.000000 0.000000 -0.298900 -0.198000 -0.933500
0.634900 0.740200 -0.479000 0.000000 0.000000 -0.196900 0.470900 -0.859900
0.622700 0.543600 -0.433300 0.000000 0.000000 -0.309000 -0.201200 -0.929500
0.630500 0.543600 -0.423800 0.000000 0.000000 0.955900 -0.092500 -0.278800
0.630500 0.538300 -0.422700 0.000000 0.000000 0.957000 -0.060900 -0.283800
0.622700 0.538300 -0.432100 0.000000 0.000000 -0.288500 -0.206800 -0.934900
0.630500 0.407800 -0.394000 0.000000 0.000000 0.925200 -0.207600 -0.317600
0.622700 0.407800 -0.403500 0.000000 0.000000 -0.263300 -0.400500 -0.877700
0.630400 0.305300 -0.298900 0.000000 0.000000 0.746200 -0.661300 -0.076400
0.622700 0.305300 -0.308300 0.000000 0.000000 -0.321300 -0.786500 -0.527400
0.620700 0.305300 -0.291000 0.000000 0.000000 -0.397800 -0.838900 -0.371600
0.628500 0.305300 -0.281600 0.000000 0.000000 0.635500 -0.715500 -0.290100
0.628500 0.263100 -0.216000 0.000000 0.000000 0.655900 -0.743800 -0.128500
0.620700 0.257700 -0.225500 0.000000 0.000000 0.005600 -0.922500 -0.385900
0.620700 0.257700 -0.125700 0.000000 0.000000 -0.004600 -1.000000 -0.000000
0.628500 0.263100 -0.125700 0.000000 0.000000 0.569200 -0.822200 -0.000000
0.628500 0.263100 0.129000 0.000000 0.000000 0.569200 -0.822200 -0.000000
0.620700 0.257700 0.129000 0.000000 0.000000 -0.004600 -1.000000 -0.000000
0.628500 0.263100 0.328300 0.000000 0.000000 0.569200 -0.822200 -0.000000
0.620700 0.257700 0.328300 0.000000 0.000000 -0.004600 -1.000000 -0.000000
0.620700 0.257700 0.480600 0.000000 0.000000 -0.004600 -1.000000 0.000100
0.628500 0.263100 0.480600 0.000000 0.000000 0.569200 -0.822200 -0.000000
0.628500 0.263100 0.601100 0.000000 0.000000 0.464400 -0.483800 0.741800
0.620800 0.257700 0.602400 0.000000 0.000000 0.002900 -0.777100 0.629400
0.628500 0.309100 0.601100 0.000000 0.000000 0.098100 0.271700 0.957400
0.620800 0.307300 0.602400 0.000000 0.000000 -0.027600 0.273800 0.961400
0.550800 0.364800 0.559000 0.000000 0.000000 0.080800 0.347800 0.934100
0.543100 0.363100 0.560300 0.000000 0.000000 -0.105100 0.209300 0.972200
0.543100 0.453000 0.560300 0.000000 0.000000 -0.189000 -0.232900 0.954000
0.550800 0.448000 0.559000 0.000000 0.000000 -0.032700 -0.298300 0.953900
0.576700 0.455800 0.572000 0.000000 0.000000 -0.258500 -0.595800 0.760400
0.569000 0.460800 0.573300 0.000000 0.000000 -0.297000 -0.497500 0.815000
0.602600 0.460700 0.585500 0.000000 0.000000 -0.290200 -0.633400 0.717400
0.594900 0.465700 0.586800 0.000000 0.000000 -0.326000 -0.553700 0.766300
0.628500 0.465800 0.601100 0.000000 0.000000 -0.072500 -0.354100 0.932400
0.620800 0.470800 0.602400 0.000000 0.000000 -0.130400 -0.309600 0.941900
0.628500 0.538200 0.601100 0.000000 0.000000 0.166500 0.000000 0.986000
0.620800 0.538200 0.602400 0.000000 0.000000 0.004600 0.000000 1.000000
0.631600 0.719300 -0.456800 0.000000 0.000000 -0.920400 -0.033700 -0.389500
0.620700 0.543600 -0.416000 0.000000 0.000000 -0.918400 -0.062000 -0.390800
0.620700 0.538300 -0.414800 0.000000 0.000000 -0.917700 -0.086600 -0.387800
0.620700 0.407800 -0.386200 0.000000 0.000000 -0.926400 -0.168500 -0.336800
0.639400 0.719300 -0.447400 0.000000 0.000000 0.992800 -0.035100 0.114800
0.628500 0.543600 -0.406500 0.000000 0.000000 0.993400 -0.001400 0.114800
0.628500 0.538300 -0.405400 0.000000 0.000000 0.993100 0.024600 0.114800
0.628500 0.407800 -0.376700 0.000000 0.000000 0.990600 0.075500 0.114400
0.617700 0.536400 0.563900 0.000000 0.000000 -0.766000 -0.114700 -0.632500
0.675100 0.586900 0.496600 0.000000 0.000000 -0.955500 -0.282600 0.085200
0.616600 0.554700 0.376000 0.000000 0.000000 -0.998200 -0.054200 0.024600
0.673200 0.591300 0.497500 0.000000 0.000000 -0.882000 -0.469800 0.035900
0.636700 0.625800 0.526200 0.000000 0.000000 -0.528400 -0.800700 -0.282400
0.655700 0.619700 0.508800 0.000000 0.000000 -0.672300 -0.738900 -0.045500
0.601000 0.607100 0.565300 0.000000 0.000000 0.051100 -0.535300 -0.843100
0.624400 0.630300 0.537400 0.000000 0.000000 -0.259300 -0.870100 -0.419200
0.605200 0.561900 0.570800 0.000000 0.000000 -0.876900 -0.241500 -0.415600
0.616700 0.541000 0.441500 0.000000 0.000000 -0.946400 0.057200 0.317900
0.616700 0.542600 0.434000 0.000000 0.000000 -0.997900 -0.064000 -0.012400
0.616700 0.488000 0.473600 0.000000 0.000000 -1.000000 0.000100 0.000500
0.616700 0.498500 0.473100 0.000000 0.000000 -0.945800 0.277800 0.168500
0.616700 0.504300 0.543300 0.000000 0.000000 -0.846400 0.491600 -0.204900
0.616700 0.495900 0.544500 0.000000 0.000000 -0.999000 -0.004300 -0.043800
0.614000 0.528300 0.573600 0.000000 0.000000 -0.480700 -0.629500 0.610500
0.613000 0.543700 0.573200 0.000000 0.000000 -0.992700 -0.080500 -0.089500
0.614700 0.532100 0.567700 0.000000 0.000000 -0.898500 0.044300 -0.436700
0.613000 0.546600 0.586000 0.000000 0.000000 -0.933300 -0.351700 -0.072200
0.613000 0.548300 0.577000 0.000000 0.000000 -0.942700 -0.330100 -0.049300
0.580400 0.578100 0.555700 0.000000 0.000000 -0.030400 -0.246600 -0.968600
0.566100 0.596400 0.559000 0.000000 0.000000 -0.454000 0.336600 -0.825000
0.603000 0.606200 0.597700 0.000000 0.000000 0.305400 0.812300 -0.496900
0.614600 0.587100 0.591500 0.000000 0.000000 0.687500 0.181400 -0.703200
0.614000 0.564800 0.597700 0.000000 0.000000 0.666600 -0.554800 -0.497900
0.590800 0.558700 0.573500 0.000000 0.000000 0.074100 -0.780800 -0.620300
0.591200 0.549600 0.601900 0.000000 0.000000 -0.089500 -0.981200 -0.171000
0.601600 0.552400 0.612800 0.000000 0.000000 0.256000 -0.966700 0.003600
0.577000 0.555100 0.619900 0.000000 0.000000 -0.511100 -0.827100 0.233700
0.584600 0.557100 0.627800 0.000000 0.000000 -0.303300 -0.812700 0.497600
0.573000 0.576100 0.634000 0.000000 0.000000 -0.685700 -0.182700 0.704600
0.562700 0.573400 0.623300 0.000000 0.000000 -0.863700 -0.312800 0.395300
0.556600 0.593900 0.610000 0.000000 0.000000 -0.945400 0.251100 0.207900
0.573600 0.598400 0.627800 0.000000 0.000000 -0.667400 0.554400 0.497300
0.586100 0.610900 0.612800 0.000000 0.000000 -0.256000 0.966700 0.000100
0.556200 0.603000 0.581500 0.000000 0.000000 -0.833300 0.491300 -0.253400
0.556200 0.566000 0.569800 0.000000 0.000000 -0.372200 -0.742000 -0.557600
0.554700 0.571500 0.569800 0.000000 0.000000 -0.681300 -0.181600 -0.709100
0.558600 0.572500 0.565800 0.000000 0.000000 -0.105600 -0.028900 -0.994000
0.558500 0.568400 0.567000 0.000000 0.000000 -0.117600 -0.484200 -0.867000
0.550800 0.570500 0.573800 0.000000 0.000000 -0.960700 -0.249700 -0.121300
0.553000 0.566900 0.572600 0.000000 0.000000 -0.722100 -0.643400 -0.254200
0.551000 0.574600 0.572600 0.000000 0.000000 -0.943600 0.210500 -0.255700
0.553300 0.576900 0.569800 0.000000 0.000000 -0.697900 0.454500 -0.553600
0.556400 0.576100 0.567000 0.000000 0.000000 -0.348700 0.365900 -0.862800
0.551400 0.592400 0.571900 0.000000 0.000000 -0.682000 0.488000 -0.544700
0.551800 0.594300 0.572800 0.000000 0.000000 -0.515500 0.804000 -0.296200
0.564700 0.590800 0.561400 0.000000 0.000000 -0.008400 0.662400 -0.749100
0.563300 0.589100 0.561400 0.000000 0.000000 -0.327000 0.375700 -0.867100
0.542700 0.583700 0.582400 0.000000 0.000000 -0.950200 0.224000 -0.216500
0.542400 0.584900 0.584200 0.000000 0.000000 -0.888200 0.430800 0.159800
0.542300 0.568100 0.586800 0.000000 0.000000 -0.960900 -0.256300 -0.104500
0.541900 0.568000 0.588900 0.000000 0.000000 -0.911900 -0.239800 0.333000
0.550400 0.554700 0.582400 0.000000 0.000000 -0.716300 -0.654600 -0.241400
0.550700 0.553500 0.584200 0.000000 0.000000 -0.560800 -0.813200 0.155600
0.562300 0.551500 0.571900 0.000000 0.000000 -0.373800 -0.733300 -0.567900
0.563500 0.550000 0.572800 0.000000 0.000000 -0.060600 -0.951200 -0.302700
0.571000 0.560200 0.561400 0.000000 0.000000 -0.121500 -0.484800 -0.866200
0.573000 0.559400 0.561400 0.000000 0.000000 0.315200 -0.580400 -0.750900
0.571400 0.575800 0.557000 0.000000 0.000000 -0.096200 -0.024400 -0.995100
0.573400 0.576300 0.556700 0.000000 0.000000 0.344300 0.090800 -0.934500
0.561300 0.587300 0.561000 0.000000 0.000000 -0.648200 -0.082900 -0.757000
0.568700 0.575200 0.557100 0.000000 0.000000 -0.625200 -0.158300 -0.764300
0.569100 0.575300 0.559500 0.000000 0.000000 -0.787000 -0.207700 -0.580900
0.562300 0.586500 0.563200 0.000000 0.000000 -0.718300 -0.302800 -0.626400
0.568300 0.561000 0.561000 0.000000 0.000000 -0.610500 -0.234500 -0.756500
0.568700 0.562200 0.563200 0.000000 0.000000 -0.766500 -0.101500 -0.634200
0.561400 0.554800 0.572000 0.000000 0.000000 -0.712300 -0.010400 -0.701800
0.560400 0.553100 0.570600 0.000000 0.000000 -0.658700 -0.264100 -0.704600
0.549600 0.556000 0.580200 0.000000 0.000000 -0.717200 -0.263500 -0.645100
0.551400 0.557600 0.580900 0.000000 0.000000 -0.626500 -0.063700 -0.776800
0.542200 0.568200 0.584100 0.000000 0.000000 -0.763000 -0.194800 -0.616400
0.544600 0.568800 0.584500 0.000000 0.000000 -0.570300 -0.150700 -0.807500
0.542600 0.582400 0.580200 0.000000 0.000000 -0.763500 -0.102700 -0.637600
0.545000 0.581900 0.580900 0.000000 0.000000 -0.585200 -0.248700 -0.771800
0.550500 0.590300 0.570600 0.000000 0.000000 -0.708700 -0.062800 -0.702700
0.552300 0.589300 0.572000 0.000000 0.000000 -0.632200 -0.333300 -0.699400
0.567200 0.574800 0.559000 0.000000 0.000000 -0.369500 -0.092800 -0.924600
0.560800 0.585400 0.562400 0.000000 0.000000 -0.495600 0.159700 -0.853700
0.551300 0.588000 0.570800 0.000000 0.000000 -0.731500 0.211700 -0.648100
0.544400 0.581000 0.579100 0.000000 0.000000 -0.889200 0.052000 -0.454600
0.544100 0.568700 0.582600 0.000000 0.000000 -0.894400 -0.234000 -0.381200
0.550500 0.558100 0.579100 0.000000 0.000000 -0.745100 -0.479300 -0.463700
0.559900 0.555500 0.570800 0.000000 0.000000 -0.536200 -0.529600 -0.657300
0.566800 0.562400 0.562400 0.000000 0.000000 -0.360500 -0.390000 -0.847300
0.561900 0.579800 0.570200 0.000000 0.000000 -0.649700 -0.109200 -0.752300
0.565200 0.574300 0.568400 0.000000 0.000000 -0.614400 -0.157300 -0.773100
0.557000 0.581100 0.574500 0.000000 0.000000 -0.701300 -0.091700 -0.707000
0.553400 0.577500 0.578900 0.000000 0.000000 -0.732800 -0.131500 -0.667600
0.553200 0.571100 0.580700 0.000000 0.000000 -0.734300 -0.195400 -0.650100
0.556600 0.565600 0.578900 0.000000 0.000000 -0.703800 -0.248600 -0.665500
0.561500 0.564200 0.574500 0.000000 0.000000 -0.656900 -0.257600 -0.708600
0.565100 0.567800 0.570200 0.000000 0.000000 -0.626100 -0.226700 -0.746100
0.567500 0.591500 0.564300 0.000000 0.000000 -0.631000 0.195600 -0.750700
0.578300 0.577600 0.561800 0.000000 0.000000 -0.138800 -0.501700 -0.853800
0.586200 0.562900 0.575200 0.000000 0.000000 -0.159100 -0.888600 -0.430200
0.586500 0.556100 0.596800 0.000000 0.000000 -0.407800 -0.903600 -0.131300
0.574700 0.559900 0.609300 0.000000 0.000000 -0.557800 -0.823500 0.103600
0.563900 0.573800 0.611900 0.000000 0.000000 -0.874400 -0.417300 0.247600
0.560300 0.589600 0.602900 0.000000 0.000000 -0.985000 -0.105800 0.136100
0.560000 0.596500 0.581400 0.000000 0.000000 -0.967300 0.235200 -0.095000
0.634800 0.567400 0.453100 0.000000 0.000000 0.199800 0.052600 -0.978400
0.613900 0.605400 0.467000 0.000000 0.000000 -0.122300 0.629800 -0.767100
0.670800 0.620500 0.511100 0.000000 0.000000 0.228100 0.792500 -0.565700
0.691700 0.582500 0.497200 0.000000 0.000000 0.579400 0.153800 -0.800400
0.692400 0.539100 0.511100 0.000000 0.000000 0.590500 -0.575000 -0.566300
0.635500 0.524100 0.467000 0.000000 0.000000 0.209600 -0.607100 -0.766500
0.615500 0.500800 0.500700 0.000000 0.000000 -0.092900 -0.963100 -0.252500
0.672400 0.515800 0.544800 0.000000 0.000000 0.255400 -0.966800 0.000100
0.586700 0.511100 0.534300 0.000000 0.000000 -0.535300 -0.804700 0.256700
0.643600 0.526200 0.578400 0.000000 0.000000 -0.228500 -0.792100 0.566000
0.622700 0.564200 0.592400 0.000000 0.000000 -0.579700 -0.153600 0.800200
0.565800 0.549100 0.548300 0.000000 0.000000 -0.852800 -0.226000 0.470800
0.565200 0.592500 0.534300 0.000000 0.000000 -0.861300 0.436400 0.260200
0.622000 0.607500 0.578400 0.000000 0.000000 -0.591000 0.575200 0.565500
0.642000 0.630800 0.544800 0.000000 0.000000 -0.256100 0.966600 0.000500
0.585100 0.615800 0.500700 0.000000 0.000000 -0.557100 0.791400 -0.251500
0.595300 0.542100 0.494100 0.000000 0.000000 -0.450700 -0.758000 -0.471500
0.591600 0.556300 0.494100 0.000000 0.000000 -0.773800 -0.204800 -0.599300
0.600100 0.558500 0.482400 0.000000 0.000000 -0.248200 -0.065200 -0.966500
0.600200 0.547800 0.485900 0.000000 0.000000 -0.243400 -0.518100 -0.819900
0.583100 0.554000 0.505900 0.000000 0.000000 -0.966000 -0.257400 0.025100
0.588200 0.544700 0.502400 0.000000 0.000000 -0.751400 -0.648200 -0.123500
0.587800 0.570400 0.494100 0.000000 0.000000 -0.764700 0.436000 -0.474600
0.582900 0.564700 0.502400 0.000000 0.000000 -0.973400 0.193200 -0.123000
0.594900 0.567800 0.485900 0.000000 0.000000 -0.468800 0.326900 -0.820600
0.610500 0.601200 0.467700 0.000000 0.000000 -0.456800 0.337300 -0.823100
0.583800 0.610800 0.498800 0.000000 0.000000 -0.756500 0.464200 -0.460700
0.565400 0.589200 0.529900 0.000000 0.000000 -0.973000 0.210200 -0.094800
0.566000 0.549200 0.542800 0.000000 0.000000 -0.965500 -0.256900 0.043600
0.585300 0.514100 0.529900 0.000000 0.000000 -0.746700 -0.655100 -0.115300
0.611900 0.504500 0.498800 0.000000 0.000000 -0.443700 -0.763400 -0.469500
0.630400 0.526000 0.467700 0.000000 0.000000 -0.238900 -0.519300 -0.820500
0.629800 0.566100 0.454800 0.000000 0.000000 -0.240000 -0.065200 -0.968600
0.608500 0.594500 0.472900 0.000000 0.000000 -0.799300 -0.322400 -0.507100
0.605300 0.596400 0.467600 0.000000 0.000000 -0.747000 -0.108400 -0.655900
0.622800 0.564500 0.455900 0.000000 0.000000 -0.713600 -0.181600 -0.676600
0.624700 0.565000 0.462000 0.000000 0.000000 -0.857500 -0.227600 -0.461400
0.623300 0.528100 0.467600 0.000000 0.000000 -0.716400 -0.254300 -0.649700
0.625200 0.531300 0.472900 0.000000 0.000000 -0.857900 -0.110100 -0.501900
0.606600 0.508500 0.495900 0.000000 0.000000 -0.747500 -0.297600 -0.593900
0.609700 0.513200 0.499000 0.000000 0.000000 -0.804800 -0.051800 -0.591300
0.582400 0.517200 0.524200 0.000000 0.000000 -0.798800 -0.286900 -0.528800
0.587300 0.521300 0.525200 0.000000 0.000000 -0.730400 -0.088100 -0.677400
0.564800 0.549200 0.535900 0.000000 0.000000 -0.841100 -0.214000 -0.496700
0.571000 0.550800 0.536000 0.000000 0.000000 -0.675700 -0.179300 -0.715000
0.564300 0.585600 0.524200 0.000000 0.000000 -0.842600 -0.125800 -0.523600
0.570500 0.584500 0.525200 0.000000 0.000000 -0.675200 -0.288900 -0.678600
0.586000 0.602600 0.499000 0.000000 0.000000 -0.723300 -0.352900 -0.593500
0.581000 0.605200 0.495900 0.000000 0.000000 -0.803000 -0.076900 -0.591000
0.619600 0.563700 0.461400 0.000000 0.000000 -0.492900 -0.128900 -0.860500
0.604300 0.591500 0.471600 0.000000 0.000000 -0.622900 0.122700 -0.772600
0.583200 0.599100 0.496300 0.000000 0.000000 -0.811600 0.178000 -0.556400
0.568500 0.582100 0.521000 0.000000 0.000000 -0.942600 0.036900 -0.331800
0.569000 0.550300 0.531200 0.000000 0.000000 -0.937500 -0.248100 -0.243900
0.584300 0.522400 0.521000 0.000000 0.000000 -0.801700 -0.500100 -0.327500
0.605500 0.514800 0.496300 0.000000 0.000000 -0.615500 -0.562500 -0.552100
0.620100 0.531900 0.471600 0.000000 0.000000 -0.483300 -0.410000 -0.773500
0.618100 0.563300 0.486300 0.000000 0.000000 -0.720400 -0.192300 -0.666300
0.610100 0.577800 0.491600 0.000000 0.000000 -0.752200 -0.137800 -0.644400
0.599100 0.581800 0.504500 0.000000 0.000000 -0.793400 -0.124200 -0.595900
0.591500 0.572900 0.517400 0.000000 0.000000 -0.820200 -0.154800 -0.550700
0.591700 0.556300 0.522700 0.000000 0.000000 -0.819300 -0.216700 -0.530800
0.599700 0.541800 0.517400 0.000000 0.000000 -0.789800 -0.271200 -0.550100
0.610700 0.537800 0.504500 0.000000 0.000000 -0.748700 -0.287100 -0.597500
0.618400 0.546700 0.491600 0.000000 0.000000 -0.722100 -0.251900 -0.644300
0.697200 0.761800 -0.362100 0.000000 0.000000 -0.364600 0.926900 0.089400
0.706900 0.743400 -0.132300 0.000000 0.000000 -0.374500 0.924000 0.077600
0.715000 0.751100 -0.132300 0.000000 0.000000 -0.687300 0.723100 0.068600
0.705400 0.769500 -0.362100 0.000000 0.000000 -0.682000 0.726200 0.086600
0.705400 0.723100 0.143600 0.000000 0.000000 -0.372900 0.925600 0.064500
0.713500 0.730800 0.143600 0.000000 0.000000 -0.688300 0.724100 0.044400
0.708400 0.715600 0.336200 0.000000 0.000000 -0.684000 0.728200 0.042600
0.700200 0.707900 0.336200 0.000000 0.000000 -0.370100 0.926300 0.071400
0.702300 0.700100 0.488600 0.000000 0.000000 -0.692700 0.720100 0.039400
0.694200 0.692300 0.488600 0.000000 0.000000 -0.379900 0.921400 0.081600
0.683700 0.677100 0.606400 0.000000 0.000000 -0.373900 0.924700 0.070900
0.691800 0.684800 0.606400 0.000000 0.000000 -0.688900 0.724700 0.016400
0.679500 0.673600 0.707500 0.000000 0.000000 -0.551700 0.587100 0.592400
0.671300 0.665900 0.707500 0.000000 0.000000 -0.193100 0.542800 0.817400
0.671600 0.665500 0.707500 0.000000 0.000000 -0.017300 0.052800 0.998500
0.679700 0.673200 0.707500 0.000000 0.000000 -0.044300 0.046600 0.997900
0.681800 0.669800 0.708100 0.000000 0.000000 -0.097300 0.092600 0.990900
0.673600 0.657100 0.708100 0.000000 0.000000 -0.006100 0.027600 0.999600
0.699200 0.743400 -0.132300 0.000000 0.000000 -0.663300 0.745000 0.070200
0.689500 0.761800 -0.362100 0.000000 0.000000 -0.659900 0.746200 0.087600
0.683000 0.700000 -0.362100 0.000000 0.000000 -0.993300 0.104500 0.050300
0.692700 0.681600 -0.132300 0.000000 0.000000 -0.994200 0.104600 0.025200
0.691200 0.661300 0.143600 0.000000 0.000000 -0.994500 0.104600 -0.008700
0.697700 0.723100 0.143600 0.000000 0.000000 -0.666200 0.744300 0.046300
0.686000 0.646100 0.336200 0.000000 0.000000 -0.994200 0.104600 -0.023800
0.692500 0.707900 0.336200 0.000000 0.000000 -0.665800 0.744700 0.045800
0.680000 0.630600 0.488600 0.000000 0.000000 -0.993100 0.104600 -0.053400
0.686500 0.692300 0.488600 0.000000 0.000000 -0.661600 0.748500 0.045600
0.669500 0.615300 0.606400 0.000000 0.000000 -0.990200 0.102800 -0.094200
0.675900 0.677100 0.606400 0.000000 0.000000 -0.668700 0.743300 0.018700
0.657100 0.604100 0.707500 0.000000 0.000000 -0.538800 0.056400 0.840600
0.663600 0.665900 0.707500 0.000000 0.000000 -0.586300 0.566900 0.578700
0.657400 0.603700 0.707500 0.000000 0.000000 -0.190700 0.020000 0.981500
0.663800 0.665500 0.707500 0.000000 0.000000 -0.025400 0.031000 0.999200
0.659400 0.600300 0.708100 0.000000 0.000000 -0.069200 0.007300 0.997600
0.665900 0.662100 0.708100 0.000000 0.000000 -0.085000 0.069100 0.994000
0.681800 0.595300 0.708100 0.000000 0.000000 0.000000 0.000000 1.000000
-0.629600 0.694100 0.681200 0.000000 0.000000 -0.282600 0.959200 -0.009100
-0.616300 0.700500 0.680200 0.000000 0.000000 -0.349900 0.617100 -0.704800
-0.574000 0.702100 0.660600 0.000000 0.000000 0.159100 0.917400 -0.364800
-0.601400 0.699100 0.640500 0.000000 0.000000 0.109500 0.973400 -0.201300
-0.592300 0.683300 0.480600 0.000000 0.000000 0.675400 0.737300 0.014300
-0.597500 0.693600 0.328300 0.000000 0.000000 0.708200 0.705700 0.022300
-0.638200 0.720400 0.328300 0.000000 0.000000 0.285000 0.956100 0.068300
-0.633100 0.705500 0.480600 0.000000 0.000000 0.239100 0.967500 0.081900
-0.613000 0.574600 0.443200 0.000000 0.000000 0.781400 -0.460100 0.421600
-0.613000 0.576100 0.435800 0.000000 0.000000 0.959500 -0.276300 -0.055200
-0.592400 0.606300 0.448400 0.000000 0.000000 0.851000 -0.513700 -0.109600
-0.594200 0.602800 0.453300 0.000000 0.000000 0.686800 -0.705400 0.175200
-0.592600 0.686100 0.328300 0.000000 0.000000 0.965400 0.260300 -0.016200
-0.587400 0.675800 0.480600 0.000000 0.000000 0.969200 0.238700 -0.060300
-0.571200 0.662800 0.601100 0.000000 0.000000 0.941100 0.220900 -0.256100
-0.576100 0.670300 0.601100 0.000000 0.000000 0.658100 0.732300 -0.174800
-0.585400 0.613200 0.469800 0.000000 0.000000 0.961600 -0.255500 -0.100200
-0.582300 0.623800 0.500900 0.000000 0.000000 0.992900 0.004600 -0.119100
-0.582200 0.617600 0.501500 0.000000 0.000000 0.729400 -0.683700 -0.025100
-0.585000 0.611000 0.480600 0.000000 0.000000 0.638000 -0.759000 0.129600
-0.575000 0.596500 0.554800 0.000000 0.000000 0.912100 -0.361400 -0.193300
-0.603800 0.558100 0.580000 0.000000 0.000000 0.712800 -0.670400 -0.205900
-0.604700 0.558200 0.577200 0.000000 0.000000 0.715800 -0.596000 -0.363800
-0.576100 0.598000 0.546900 0.000000 0.000000 0.537400 -0.650200 -0.537100
-0.581000 0.543600 0.706800 0.000000 0.000000 0.000000 -1.000000 -0.000000
-0.610000 0.543600 0.672000 0.000000 0.000000 0.000000 -1.000000 -0.000000
-0.600200 0.543600 0.650300 0.000000 0.000000 0.000000 -1.000000 -0.000000
-0.573100 0.543600 0.674900 0.000000 0.000000 0.000000 -1.000000 -0.000000
-0.564900 0.543600 0.653100 0.000000 0.000000 0.263800 -0.901500 -0.343100
-0.597000 0.543600 0.629900 0.000000 0.000000 0.291200 -0.926400 -0.238800
-0.562100 0.587400 0.617300 0.000000 0.000000 0.761000 -0.333900 -0.556200
-0.547400 0.587400 0.631100 0.000000 0.000000 0.656100 -0.284600 -0.698900
-0.562100 0.659100 0.617300 0.000000 0.000000 0.738000 0.421800 -0.526700
-0.547400 0.659100 0.631100 0.000000 0.000000 0.593600 0.497800 -0.632300
-0.548800 0.662800 0.632200 0.000000 0.000000 0.685300 -0.066400 -0.725200
-0.563900 0.662800 0.618000 0.000000 0.000000 0.788200 0.190400 -0.585200
-0.567600 0.670300 0.619300 0.000000 0.000000 0.608900 0.648100 -0.457500
-0.551700 0.670300 0.634500 0.000000 0.000000 0.555200 0.595300 -0.580800
-0.548100 0.661000 0.633900 0.000000 0.000000 0.639800 0.365400 -0.676100
-0.564400 0.661000 0.617600 0.000000 0.000000 0.799800 0.337700 -0.496300
-0.585000 0.672100 0.480600 0.000000 0.000000 0.885000 0.464400 -0.032600
-0.587600 0.674000 0.480600 0.000000 0.000000 0.918700 0.392600 -0.043400
-0.571400 0.661000 0.601100 0.000000 0.000000 0.891100 0.400800 -0.212600
-0.568800 0.659100 0.601100 0.000000 0.000000 0.866300 0.448900 -0.219300
-0.621300 0.543600 0.601100 0.000000 0.000000 0.000000 -1.000000 -0.000000
-0.635000 0.543600 0.601100 0.000000 0.000000 0.000000 -1.000000 -0.000000
-0.613000 0.543600 0.601100 0.000000 0.000000 0.674300 -0.727400 -0.127000
-0.568800 0.587400 0.601100 0.000000 0.000000 0.876700 -0.386300 -0.286600
-0.623800 0.692500 0.601100 0.000000 0.000000 0.189400 0.978500 -0.081400
-0.664300 0.692500 0.601100 0.000000 0.000000 -0.037000 0.995200 0.090400
-0.658100 0.680300 0.683400 0.000000 0.000000 -0.215500 0.963500 0.159100
-0.673600 0.705500 0.480600 0.000000 0.000000 0.000000 0.994800 0.102300
-0.678700 0.720400 0.328300 0.000000 0.000000 0.000000 0.996000 0.089400
-0.603100 0.704000 0.167400 0.000000 0.000000 0.785800 0.605600 -0.125800
-0.641400 0.736700 0.129000 0.000000 0.000000 0.439000 0.898400 -0.014700
-0.612900 0.640300 0.129000 0.000000 0.000000 0.992700 -0.044600 -0.111800
-0.595800 0.684100 0.167400 0.000000 0.000000 0.975100 -0.028000 -0.220000
-0.590100 0.641400 0.328300 0.000000 0.000000 0.969600 -0.233100 -0.073800
-0.612900 0.597600 0.328300 0.000000 0.000000 0.969300 -0.239600 -0.055200
-0.590100 0.682400 0.328300 0.000000 0.000000 0.885700 0.464300 0.000000
-0.595800 0.692800 0.167400 0.000000 0.000000 0.689700 0.380700 -0.615900
-0.598200 0.696500 0.167400 0.000000 0.000000 0.739700 0.190600 -0.645400
-0.592700 0.684200 0.328300 0.000000 0.000000 0.897800 0.440400 -0.002200
-0.681900 0.736700 0.129000 0.000000 0.000000 0.000000 0.996900 0.078700
-0.598400 0.694600 0.167400 0.000000 0.000000 0.730700 0.314700 0.605800
-0.641000 0.756100 -0.125700 0.000000 0.000000 0.651700 0.756200 0.057900
-0.681500 0.756100 -0.125700 0.000000 0.000000 0.000000 0.997100 0.076100
-0.613000 0.543600 -0.376700 0.000000 0.000000 0.999100 0.042400 0.008000
-0.627800 0.714200 -0.376700 0.000000 0.000000 0.995400 0.084700 0.044200
-0.632900 0.695400 -0.125700 0.000000 0.000000 0.991800 0.127700 -0.002900
-0.612900 0.543600 -0.125700 0.000000 0.000000 0.998200 0.059800 -0.008100
-0.633100 0.775300 -0.376700 0.000000 0.000000 0.666700 0.741500 0.075500
-0.673600 0.775300 -0.376700 0.000000 0.000000 0.000000 0.998200 0.060000
-0.623900 0.719300 -0.447400 0.000000 0.000000 0.951200 -0.010800 -0.308300
-0.613000 0.543600 -0.406500 0.000000 0.000000 0.949600 -0.037900 -0.311200
-0.668100 0.779000 -0.461200 0.000000 0.000000 0.002800 0.939300 -0.343100
-0.627600 0.779000 -0.461200 0.000000 0.000000 0.623700 0.651100 -0.432600
-0.613000 0.571200 0.433800 0.000000 0.000000 0.997900 -0.064200 -0.012600
-0.613000 0.569800 0.440400 0.000000 0.000000 0.931400 -0.133800 0.338600
-0.655700 0.580100 0.517100 0.000000 0.000000 0.692400 -0.153200 -0.705100
-0.610600 0.551500 0.567700 0.000000 0.000000 0.876000 -0.305300 -0.373200
-0.612900 0.547400 0.566300 0.000000 0.000000 0.835600 -0.230800 -0.498500
-0.656300 0.574800 0.517700 0.000000 0.000000 0.692000 -0.154800 -0.705100
-0.612900 0.634900 0.129000 0.000000 0.000000 1.000000 0.000000 -0.000000
-0.612900 0.592200 0.328300 0.000000 0.000000 1.000000 0.000000 -0.000000
-0.612900 0.538200 -0.125700 0.000000 0.000000 1.000000 0.000000 -0.000200
-0.613000 0.538600 -0.374700 0.000000 0.000000 1.000000 -0.000100 -0.000200
-0.613000 0.538300 -0.405400 0.000000 0.000000 0.940000 -0.073700 -0.333200
-0.613000 0.304400 0.480600 0.000000 0.000000 0.882700 -0.469900 0.000300
-0.613000 0.304400 0.601100 0.000000 0.000000 0.645600 -0.064000 0.760900
-0.613000 0.263100 0.601100 0.000000 0.000000 0.762400 -0.369600 0.531200
-0.613000 0.263100 0.480600 0.000000 0.000000 0.881600 -0.472000 0.000200
-0.612900 0.263100 0.328300 0.000000 0.000000 0.870200 -0.492600 0.000300
-0.612900 0.304400 0.328300 0.000000 0.000000 0.914300 -0.404100 -0.028200
-0.612900 0.304400 0.129000 0.000000 0.000000 0.951400 -0.307800 0.005100
-0.612900 0.263100 0.129000 0.000000 0.000000 0.870200 -0.492700 -0.000000
-0.612900 0.304400 -0.125700 0.000000 0.000000 0.949100 -0.305400 -0.077500
-0.612900 0.263100 -0.125700 0.000000 0.000000 0.870200 -0.492700 -0.000000
-0.612900 0.305300 -0.281600 0.000000 0.000000 0.866400 -0.397200 -0.302700
-0.612900 0.263100 -0.216000 0.000000 0.000000 0.864400 -0.496300 -0.080400
-0.629800 0.704000 0.083700 0.000000 0.000000 0.940500 0.323900 -0.102800
-0.624200 0.684100 0.083700 0.000000 0.000000 0.970600 0.188200 -0.150400
-0.606600 0.355200 0.337300 0.000000 0.000000 0.389100 0.643000 0.659600
-0.616500 0.361500 0.337300 0.000000 0.000000 0.688700 0.409600 0.598300
-0.616500 0.377400 0.480600 0.000000 0.000000 0.755500 0.650200 -0.080100
-0.601600 0.374100 0.480600 0.000000 0.000000 0.218600 0.968300 -0.121100
-0.613000 0.473200 0.586700 0.000000 0.000000 0.841300 0.401600 -0.362000
-0.613000 0.474800 0.601100 0.000000 0.000000 0.642900 0.002800 0.765900
-0.587100 0.469700 0.585500 0.000000 0.000000 0.469700 0.577700 0.667600
-0.587100 0.468300 0.573000 0.000000 0.000000 -0.227200 0.705900 -0.670900
-0.612900 0.444500 0.328300 0.000000 0.000000 0.833300 0.549000 -0.064300
-0.596900 0.435600 0.309100 0.000000 0.000000 0.370600 0.918000 -0.141100
-0.603600 0.413000 0.129000 0.000000 0.000000 0.702400 0.706300 -0.088600
-0.612900 0.422400 0.129000 0.000000 0.000000 0.924300 0.379300 -0.042100
-0.603600 0.384100 -0.125700 0.000000 0.000000 0.698100 0.649700 -0.300900
-0.612900 0.394100 -0.125700 0.000000 0.000000 0.948700 0.295300 -0.113400
-0.535300 0.356700 0.480600 0.000000 0.000000 0.892400 -0.448100 -0.053500
-0.535300 0.360100 0.559000 0.000000 0.000000 0.801200 -0.316000 0.508100
-0.562800 0.351100 0.328300 0.000000 0.000000 0.906800 -0.404000 -0.120000
-0.584900 0.343700 0.129000 0.000000 0.000000 0.947700 -0.318200 -0.025400
-0.584900 0.334300 -0.125700 0.000000 0.000000 0.910200 -0.345500 -0.228300
-0.535300 0.451300 0.480600 0.000000 0.000000 0.754600 0.639600 -0.146500
-0.535300 0.457000 0.559000 0.000000 0.000000 0.727800 0.500700 0.468600
-0.564300 0.423000 0.314600 0.000000 0.000000 0.813500 0.551100 -0.185700
-0.584900 0.394400 0.129000 0.000000 0.000000 0.917900 0.382900 -0.104400
-0.584900 0.364200 -0.125700 0.000000 0.000000 0.896200 0.346400 -0.277300
-0.612900 0.353200 -0.172900 0.000000 0.000000 0.968300 0.103300 -0.227600
-0.594300 0.374100 -0.125700 0.000000 0.000000 0.694700 0.652900 -0.301800
-0.612900 0.336000 -0.176500 0.000000 0.000000 0.984900 -0.055600 -0.163700
-0.561200 0.454700 0.480600 0.000000 0.000000 -0.518800 0.849900 -0.092300
-0.561200 0.463600 0.561100 0.000000 0.000000 -0.266500 0.900000 -0.344900
-0.561200 0.464800 0.572000 0.000000 0.000000 0.450900 0.601200 0.659700
-0.594300 0.403700 0.129000 0.000000 0.000000 0.692800 0.711600 -0.116700
-0.580800 0.429100 0.310800 0.000000 0.000000 0.379300 0.911300 -0.160100
-0.586800 0.370700 0.480600 0.000000 0.000000 -0.519900 0.851300 -0.070700
-0.596700 0.348900 0.337300 0.000000 0.000000 -0.282900 0.808100 0.516700
-0.671900 0.692500 0.601100 0.000000 0.000000 -0.697100 0.702700 0.142500
-0.665700 0.680300 0.683400 0.000000 0.000000 -0.716200 0.680500 0.154800
-0.681200 0.705500 0.480600 0.000000 0.000000 -0.707900 0.697800 0.109800
-0.686300 0.720400 0.328300 0.000000 0.000000 -0.706300 0.703400 0.080200
-0.689500 0.736700 0.129000 0.000000 0.000000 -0.708200 0.703400 0.060400
-0.689100 0.756100 -0.125700 0.000000 0.000000 -0.710800 0.702200 0.041300
-0.681200 0.775300 -0.376700 0.000000 0.000000 -0.707400 0.706800 0.008200
-0.675700 0.779000 -0.461200 0.000000 0.000000 -0.635500 0.688100 -0.350200
-0.671900 0.685100 0.601100 0.000000 0.000000 -0.997100 0.000000 0.076000
-0.665700 0.672900 0.683400 0.000000 0.000000 -0.997200 0.000000 0.075100
-0.681200 0.698000 0.480600 0.000000 0.000000 -0.998500 0.000000 0.055200
-0.686300 0.712900 0.328300 0.000000 0.000000 -0.999700 0.000000 0.024800
-0.689500 0.729200 0.129000 0.000000 0.000000 -1.000000 0.000000 0.007200
-0.689100 0.748700 -0.125700 0.000000 0.000000 -0.999900 0.000000 -0.016500
-0.681200 0.767800 -0.376700 0.000000 0.000000 -0.998800 0.000000 -0.048200
-0.675700 0.771500 -0.461200 0.000000 0.000000 -0.956400 0.000000 -0.292200
-0.675700 0.682900 -0.461200 0.000000 0.000000 -0.957300 0.000000 -0.289100
-0.681200 0.679200 -0.376700 0.000000 0.000000 -0.998900 0.000000 -0.047600
-0.689100 0.660000 -0.125700 0.000000 0.000000 -0.999900 0.000000 -0.015800
-0.689500 0.640600 0.129000 0.000000 0.000000 -1.000000 0.000000 0.007700
-0.686300 0.624200 0.328300 0.000000 0.000000 -0.999700 0.000000 0.025300
-0.681200 0.609400 0.480600 0.000000 0.000000 -0.998400 0.000000 0.056600
-0.671900 0.596400 0.601100 0.000000 0.000000 -0.997100 0.000000 0.076000
-0.665700 0.584200 0.683400 0.000000 0.000000 -0.997200 0.000000 0.075100
-0.613000 0.400800 -0.319700 0.000000 0.000000 1.000000 0.000400 -0.000200
-0.613000 0.407800 -0.376700 0.000000 0.000000 0.904700 -0.224800 -0.361800
-0.663900 0.548900 0.515800 0.000000 0.000000 0.694400 -0.149600 -0.703800
-0.630200 0.527500 0.553500 0.000000 0.000000 0.693300 -0.151500 -0.704500
-0.633600 0.511600 0.553600 0.000000 0.000000 0.428500 0.532700 -0.729800
-0.668400 0.513300 0.518800 0.000000 0.000000 0.822600 0.539800 -0.178500
-0.612900 0.590400 0.337000 0.000000 0.000000 0.999900 -0.010600 0.010900
-0.612900 0.445500 0.337300 0.000000 0.000000 0.940500 0.236000 0.244600
-0.625200 0.740200 -0.452200 0.000000 0.000000 0.958500 -0.004900 -0.285200
-0.629600 0.735600 -0.376700 0.000000 0.000000 0.995000 0.087500 0.047900
-0.635700 0.716700 -0.125700 0.000000 0.000000 0.991200 0.131800 0.007000
-0.616600 0.389200 0.586700 0.000000 0.000000 0.379700 0.490800 -0.784200
-0.601700 0.384300 0.573000 0.000000 0.000000 -0.272100 0.750700 -0.602000
-0.586800 0.379600 0.561100 0.000000 0.000000 -0.521000 0.745900 -0.414900
-0.595700 0.439200 0.337300 0.000000 0.000000 0.258200 0.706900 0.658500
-0.578400 0.432900 0.337300 0.000000 0.000000 -0.006900 0.977600 0.210300
-0.616700 0.466000 0.474700 0.000000 0.000000 0.999800 -0.020900 0.002700
-0.619100 0.408200 0.474700 0.000000 0.000000 0.999800 0.020500 -0.002300
-0.619100 0.397300 0.376200 0.000000 0.000000 0.999300 0.007200 0.036500
-0.616600 0.455000 0.376200 0.000000 0.000000 0.998500 -0.020600 0.051400
-0.616700 0.474100 0.547800 0.000000 0.000000 0.998600 -0.021800 -0.047400
-0.619100 0.416300 0.547800 0.000000 0.000000 0.999400 0.005400 -0.034700
-0.613000 0.538200 0.601100 0.000000 0.000000 0.915200 0.000000 0.403000
-0.613000 0.541300 0.585200 0.000000 0.000000 0.999900 -0.011000 -0.012200
-0.679500 0.558300 0.498400 0.000000 0.000000 0.996700 0.044400 0.068200
-0.613900 0.262500 0.328300 0.000000 0.000000 0.546000 -0.837800 0.000100
-0.613900 0.262500 0.480600 0.000000 0.000000 0.565700 -0.824600 -0.000000
-0.613900 0.262500 0.601300 0.000000 0.000000 0.495800 -0.550000 0.672000
-0.613900 0.262500 0.129000 0.000000 0.000000 0.546000 -0.837800 -0.000000
-0.613900 0.262500 -0.125700 0.000000 0.000000 0.546000 -0.837800 -0.000000
-0.613900 0.262500 -0.217100 0.000000 0.000000 0.679000 -0.711200 -0.182100
-0.613900 0.543600 -0.407700 0.000000 0.000000 0.780900 -0.114400 -0.614000
-0.624800 0.719300 -0.448500 0.000000 0.000000 0.769900 -0.099300 -0.630400
-0.613900 0.407800 -0.377800 0.000000 0.000000 0.732900 -0.327500 -0.596300
-0.613900 0.305300 -0.282700 0.000000 0.000000 0.610100 -0.599500 -0.518100
-0.613900 0.538300 -0.406500 0.000000 0.000000 0.766100 -0.140000 -0.627300
-0.613900 0.304700 0.601300 0.000000 0.000000 0.230000 0.152700 0.961100
-0.588000 0.469200 0.585700 0.000000 0.000000 0.380300 -0.421700 0.823100
-0.613900 0.474300 0.601300 0.000000 0.000000 0.292700 -0.248200 0.923400
-0.536200 0.360500 0.559200 0.000000 0.000000 0.249100 0.135900 0.958900
-0.536200 0.456600 0.559200 0.000000 0.000000 0.274100 -0.176400 0.945400
-0.562100 0.464300 0.572200 0.000000 0.000000 0.355100 -0.357500 0.863800
-0.613900 0.538200 0.601300 0.000000 0.000000 0.187300 0.000000 0.982300
-0.626100 0.740200 -0.453400 0.000000 0.000000 0.783100 -0.093600 -0.614800
-0.628400 0.777500 -0.462000 0.000000 0.000000 0.455500 0.215400 -0.863800
-0.667400 0.777900 -0.462400 0.000000 0.000000 0.026300 0.725500 -0.687700
-0.675000 0.777900 -0.462400 0.000000 0.000000 -0.524100 0.445300 -0.726000
-0.675000 0.682900 -0.462400 0.000000 0.000000 -0.855700 0.000000 -0.517500
-0.675000 0.770600 -0.462400 0.000000 0.000000 -0.855700 0.000000 -0.517500
-0.663800 0.682900 -0.461200 0.000000 0.000000 0.845500 0.000000 -0.534000
-0.669800 0.682900 -0.470700 0.000000 0.000000 -0.001800 0.000000 -1.000000
-0.669800 0.764000 -0.470700 0.000000 0.000000 -0.001800 0.000000 -1.000000
-0.663800 0.756500 -0.461200 0.000000 0.000000 0.849100 0.005700 -0.528200
-0.669800 0.770000 -0.470700 0.000000 0.000000 -0.284500 0.152900 -0.946400
-0.664000 0.761000 -0.461300 0.000000 0.000000 0.565600 -0.392900 -0.725100
-0.662200 0.770000 -0.470700 0.000000 0.000000 0.069500 0.051200 -0.996300
-0.656400 0.761000 -0.461300 0.000000 0.000000 -0.061700 -0.739700 -0.670100
-0.634600 0.766500 -0.467800 0.000000 0.000000 0.270600 -0.061300 -0.960700
-0.641500 0.754000 -0.455400 0.000000 0.000000 -0.554200 -0.418800 -0.719400
-0.640700 0.740200 -0.452200 0.000000 0.000000 -0.961300 0.155100 -0.227700
-0.632900 0.740200 -0.461700 0.000000 0.000000 0.619400 0.374500 -0.690000
-0.633600 0.719300 -0.474100 0.000000 0.000000 0.298900 -0.198000 -0.933500
-0.641400 0.719300 -0.464700 0.000000 0.000000 -0.952200 -0.123700 -0.279200
-0.642700 0.740200 -0.469500 0.000000 0.000000 -0.771200 0.577500 -0.267800
-0.634900 0.740200 -0.479000 0.000000 0.000000 0.196900 0.470900 -0.859900
-0.622700 0.543600 -0.433300 0.000000 0.000000 0.309600 -0.199500 -0.929700
-0.630500 0.543600 -0.423800 0.000000 0.000000 -0.956300 -0.091400 -0.277900
-0.622700 0.538300 -0.432100 0.000000 0.000000 0.289700 -0.208500 -0.934100
-0.630500 0.538300 -0.422700 0.000000 0.000000 -0.957200 -0.061400 -0.282800
-0.622700 0.407800 -0.403500 0.000000 0.000000 0.263400 -0.400700 -0.877500
-0.630500 0.407800 -0.394000 0.000000 0.000000 -0.925200 -0.207600 -0.317600
-0.622700 0.305300 -0.308300 0.000000 0.000000 0.321400 -0.786500 -0.527400
-0.630400 0.305300 -0.298900 0.000000 0.000000 -0.745900 -0.661600 -0.076500
-0.620700 0.257700 -0.225500 0.000000 0.000000 0.005100 -0.928000 -0.372600
-0.628500 0.263100 -0.216000 0.000000 0.000000 -0.657500 -0.744400 -0.116700
-0.628500 0.305300 -0.281600 0.000000 0.000000 -0.669300 -0.678700 -0.302100
-0.620700 0.305300 -0.291000 0.000000 0.000000 0.399300 -0.835600 -0.377300
-0.628500 0.263100 -0.125700 0.000000 0.000000 -0.569200 -0.822200 -0.000000
-0.620700 0.257700 -0.125700 0.000000 0.000000 0.004600 -1.000000 -0.000000
-0.620700 0.257700 0.129000 0.000000 0.000000 0.004600 -1.000000 -0.000000
-0.628500 0.263100 0.129000 0.000000 0.000000 -0.569200 -0.822200 -0.000000
-0.620700 0.257700 0.328300 0.000000 0.000000 0.004600 -1.000000 -0.000000
-0.628500 0.263100 0.328300 0.000000 0.000000 -0.569200 -0.822200 -0.000000
-0.620700 0.257700 0.480600 0.000000 0.000000 0.004600 -1.000000 -0.000000
-0.628500 0.263100 0.480600 0.000000 0.000000 -0.569200 -0.822200 -0.000000
-0.620800 0.257700 0.602400 0.000000 0.000000 -0.003000 -0.777000 0.629500
-0.628500 0.263100 0.601100 0.000000 0.000000 -0.464400 -0.483800 0.741800
-0.620800 0.307300 0.602400 0.000000 0.000000 0.027600 0.273500 0.961500
-0.628500 0.309100 0.601100 0.000000 0.000000 -0.098400 0.271600 0.957400
-0.543100 0.363100 0.560300 0.000000 0.000000 0.105200 0.209300 0.972200
-0.550800 0.364800 0.559000 0.000000 0.000000 -0.080800 0.348200 0.933900
-0.543100 0.453000 0.560300 0.000000 0.000000 0.188900 -0.232100 0.954200
-0.550800 0.448000 0.559000 0.000000 0.000000 0.032700 -0.298300 0.953900
-0.569000 0.460800 0.573300 0.000000 0.000000 0.297200 -0.497500 0.815000
-0.576700 0.455800 0.572000 0.000000 0.000000 0.258500 -0.595800 0.760400
-0.602600 0.460700 0.585500 0.000000 0.000000 0.290200 -0.633400 0.717400
-0.594900 0.465700 0.586800 0.000000 0.000000 0.326000 -0.553700 0.766300
-0.620800 0.470800 0.602400 0.000000 0.000000 0.130400 -0.309600 0.941900
-0.628500 0.465800 0.601100 0.000000 0.000000 0.072500 -0.354100 0.932400
-0.620800 0.538200 0.602400 0.000000 0.000000 -0.004600 0.000000 1.000000
-0.628500 0.538200 0.601100 0.000000 0.000000 -0.166500 0.000000 0.986000
-0.631600 0.719300 -0.456800 0.000000 0.000000 0.920400 -0.033700 -0.389500
-0.620700 0.543600 -0.416000 0.000000 0.000000 0.918400 -0.062000 -0.390800
-0.620700 0.538300 -0.414800 0.000000 0.000000 0.917700 -0.086600 -0.387800
-0.620700 0.407800 -0.386200 0.000000 0.000000 0.926400 -0.168500 -0.336800
-0.639400 0.719300 -0.447400 0.000000 0.000000 -0.992800 -0.035100 0.114800
-0.628500 0.543600 -0.406500 0.000000 0.000000 -0.993400 -0.001400 0.114800
-0.628500 0.538300 -0.405400 0.000000 0.000000 -0.993100 0.024600 0.114800
-0.628500 0.407800 -0.376700 0.000000 0.000000 -0.990500 0.076200 0.114500
-0.617700 0.536400 0.563900 0.000000 0.000000 0.690900 -0.147600 -0.707700
-0.675100 0.586900 0.496600 0.000000 0.000000 0.955200 -0.283200 0.085600
-0.616600 0.554700 0.376000 0.000000 0.000000 0.998200 -0.054300 0.024700
-0.673200 0.591300 0.497500 0.000000 0.000000 0.882200 -0.469500 0.036500
-0.655700 0.619700 0.508800 0.000000 0.000000 0.672300 -0.738900 -0.045500
-0.636700 0.625800 0.526200 0.000000 0.000000 0.524000 -0.803300 -0.283000
-0.601000 0.607100 0.565300 0.000000 0.000000 -0.050600 -0.535200 -0.843200
-0.624400 0.630300 0.537400 0.000000 0.000000 0.259400 -0.872700 -0.413600
-0.605200 0.561900 0.570800 0.000000 0.000000 0.876900 -0.241500 -0.415600
-0.616700 0.542600 0.434000 0.000000 0.000000 0.997800 -0.064400 -0.012700
-0.616700 0.541000 0.441500 0.000000 0.000000 0.946400 0.057300 0.318000
-0.616700 0.498500 0.473100 0.000000 0.000000 0.944600 0.278700 0.173100
-0.616700 0.488000 0.473600 0.000000 0.000000 1.000000 0.000100 0.000400
-0.616700 0.495900 0.544500 0.000000 0.000000 0.999200 -0.005900 -0.039600
-0.616700 0.504300 0.543300 0.000000 0.000000 0.821300 0.518000 -0.239100
-0.613000 0.543700 0.573200 0.000000 0.000000 0.992900 -0.118900 -0.004800
-0.614000 0.528300 0.573600 0.000000 0.000000 0.995600 -0.016400 -0.092500
-0.614700 0.532100 0.567700 0.000000 0.000000 0.902900 -0.014300 -0.429700
-0.613000 0.546600 0.586000 0.000000 0.000000 0.932500 -0.354500 -0.069300
-0.613000 0.548300 0.577000 0.000000 0.000000 0.943500 -0.330700 -0.020800
-0.614600 0.587100 0.591500 0.000000 0.000000 -0.687800 0.182000 -0.702800
-0.603000 0.606200 0.597700 0.000000 0.000000 -0.305700 0.812200 -0.496800
-0.566100 0.596400 0.559000 0.000000 0.000000 0.453900 0.336400 -0.825100
-0.580400 0.578100 0.555700 0.000000 0.000000 0.030600 -0.246300 -0.968700
-0.590800 0.558700 0.573500 0.000000 0.000000 -0.073200 -0.782000 -0.618900
-0.614000 0.564800 0.597700 0.000000 0.000000 -0.666000 -0.556000 -0.497400
-0.601600 0.552400 0.612800 0.000000 0.000000 -0.256300 -0.966600 0.001600
-0.591200 0.549600 0.601900 0.000000 0.000000 0.071900 -0.982000 -0.174700
-0.584600 0.557100 0.627800 0.000000 0.000000 0.303400 -0.812300 0.498100
-0.577000 0.555100 0.619900 0.000000 0.000000 0.512100 -0.824100 0.242100
-0.562700 0.573400 0.623300 0.000000 0.000000 0.863500 -0.313900 0.394700
-0.573000 0.576100 0.634000 0.000000 0.000000 0.684700 -0.183500 0.705400
-0.556600 0.593900 0.610000 0.000000 0.000000 0.945400 0.251200 0.207500
-0.573600 0.598400 0.627800 0.000000 0.000000 0.666600 0.555200 0.497400
-0.586100 0.610900 0.612800 0.000000 0.000000 0.256000 0.966700 0.000400
-0.556200 0.603000 0.581500 0.000000 0.000000 0.833400 0.491200 -0.253300
-0.558500 0.568400 0.567000 0.000000 0.000000 0.118400 -0.481000 -0.868700
-0.558600 0.572500 0.565800 0.000000 0.000000 0.103700 -0.033600 -0.994000
-0.554700 0.571500 0.569800 0.000000 0.000000 0.680900 -0.181900 -0.709400
-0.556200 0.566000 0.569800 0.000000 0.000000 0.372200 -0.741500 -0.558300
-0.550800 0.570500 0.573800 0.000000 0.000000 0.961800 -0.246400 -0.118800
-0.553000 0.566900 0.572600 0.000000 0.000000 0.722400 -0.643300 -0.253600
-0.551000 0.574600 0.572600 0.000000 0.000000 0.944700 0.207900 -0.253400
-0.553300 0.576900 0.569800 0.000000 0.000000 0.698100 0.454200 -0.553500
-0.556400 0.576100 0.567000 0.000000 0.000000 0.350000 0.366000 -0.862300
-0.563300 0.589100 0.561400 0.000000 0.000000 0.327300 0.376500 -0.866700
-0.564700 0.590800 0.561400 0.000000 0.000000 0.008600 0.662400 -0.749100
-0.551800 0.594300 0.572800 0.000000 0.000000 0.515800 0.804000 -0.295900
-0.551400 0.592400 0.571900 0.000000 0.000000 0.681500 0.488700 -0.544700
-0.542400 0.584900 0.584200 0.000000 0.000000 0.887400 0.432400 0.159700
-0.542700 0.583700 0.582400 0.000000 0.000000 0.949600 0.225300 -0.217900
-0.541900 0.568000 0.588900 0.000000 0.000000 0.911400 -0.241200 0.333400
-0.542300 0.568100 0.586800 0.000000 0.000000 0.960300 -0.258400 -0.104600
-0.550700 0.553500 0.584200 0.000000 0.000000 0.561000 -0.813300 0.154700
-0.550400 0.554700 0.582400 0.000000 0.000000 0.715300 -0.656000 -0.240800
-0.563500 0.550000 0.572800 0.000000 0.000000 0.061800 -0.951200 -0.302200
-0.562300 0.551500 0.571900 0.000000 0.000000 0.374800 -0.734100 -0.566300
-0.573000 0.559400 0.561400 0.000000 0.000000 -0.315300 -0.579600 -0.751500
-0.571000 0.560200 0.561400 0.000000 0.000000 0.120600 -0.483700 -0.866900
-0.573400 0.576300 0.556700 0.000000 0.000000 -0.344300 0.090000 -0.934500
-0.571400 0.575800 0.557000 0.000000 0.000000 0.095300 -0.025400 -0.995100
-0.561300 0.587300 0.561000 0.000000 0.000000 0.648200 -0.082900 -0.757000
-0.562300 0.586500 0.563200 0.000000 0.000000 0.719700 -0.302700 -0.624800
-0.569100 0.575300 0.559500 0.000000 0.000000 0.787900 -0.208100 -0.579500
-0.568700 0.575200 0.557100 0.000000 0.000000 0.624900 -0.157400 -0.764700
-0.568700 0.562200 0.563200 0.000000 0.000000 0.765300 -0.099100 -0.636000
-0.568300 0.561000 0.561000 0.000000 0.000000 0.610300 -0.235400 -0.756400
-0.561400 0.554800 0.572000 0.000000 0.000000 0.714000 -0.012900 -0.700000
-0.560400 0.553100 0.570600 0.000000 0.000000 0.658700 -0.264100 -0.704600
-0.551400 0.557600 0.580900 0.000000 0.000000 0.626000 -0.064000 -0.777200
-0.549600 0.556000 0.580200 0.000000 0.000000 0.716500 -0.264200 -0.645600
-0.544600 0.568800 0.584500 0.000000 0.000000 0.570300 -0.150300 -0.807600
-0.542200 0.568200 0.584100 0.000000 0.000000 0.763300 -0.194100 -0.616200
-0.545000 0.581900 0.580900 0.000000 0.000000 0.584500 -0.246300 -0.773100
-0.542600 0.582400 0.580200 0.000000 0.000000 0.762800 -0.102200 -0.638500
-0.552300 0.589300 0.572000 0.000000 0.000000 0.632400 -0.334200 -0.698800
-0.550500 0.590300 0.570600 0.000000 0.000000 0.709300 -0.063800 -0.702000
-0.560800 0.585400 0.562400 0.000000 0.000000 0.496900 0.161900 -0.852600
-0.567200 0.574800 0.559000 0.000000 0.000000 0.367800 -0.095600 -0.925000
-0.551300 0.588000 0.570800 0.000000 0.000000 0.730000 0.212600 -0.649600
-0.544400 0.581000 0.579100 0.000000 0.000000 0.889200 0.052000 -0.454600
-0.544100 0.568700 0.582600 0.000000 0.000000 0.894400 -0.234000 -0.381200
-0.550500 0.558100 0.579100 0.000000 0.000000 0.744800 -0.479200 -0.464300
-0.559900 0.555500 0.570800 0.000000 0.000000 0.540000 -0.529200 -0.654500
-0.566800 0.562400 0.562400 0.000000 0.000000 0.358600 -0.384200 -0.850800
-0.565200 0.574300 0.568400 0.000000 0.000000 0.614700 -0.160900 -0.772200
-0.561900 0.579800 0.570200 0.000000 0.000000 0.650900 -0.108000 -0.751400
-0.557000 0.581100 0.574500 0.000000 0.000000 0.701300 -0.091700 -0.707000
-0.553400 0.577500 0.578900 0.000000 0.000000 0.732300 -0.133900 -0.667700
-0.553200 0.571100 0.580700 0.000000 0.000000 0.733400 -0.193600 -0.651700
-0.556600 0.565600 0.578900 0.000000 0.000000 0.702800 -0.249800 -0.666000
-0.561500 0.564200 0.574500 0.000000 0.000000 0.658000 -0.258600 -0.707200
-0.565100 0.567800 0.570200 0.000000 0.000000 0.626700 -0.224600 -0.746200
-0.567500 0.591500 0.564300 0.000000 0.000000 0.630900 0.195000 -0.751000
-0.578300 0.577600 0.561800 0.000000 0.000000 0.139600 -0.502000 -0.853500
-0.586200 0.562900 0.575200 0.000000 0.000000 0.158700 -0.889200 -0.429200
-0.586500 0.556100 0.596800 0.000000 0.000000 0.403600 -0.902000 -0.153200
-0.574700 0.559900 0.609300 0.000000 0.000000 0.579600 -0.808500 0.102300
-0.563900 0.573800 0.611900 0.000000 0.000000 0.874400 -0.417500 0.247400
-0.560300 0.589600 0.602900 0.000000 0.000000 0.985100 -0.105800 0.135900
-0.560000 0.596500 0.581400 0.000000 0.000000 0.967800 0.233400 -0.094300
-0.670800 0.620500 0.511100 0.000000 0.000000 -0.228100 0.792500 -0.565700
-0.613900 0.605400 0.467000 0.000000 0.000000 0.122300 0.629800 -0.767100
-0.634800 0.567400 0.453100 0.000000 0.000000 -0.199700 0.052600 -0.978400
-0.691700 0.582500 0.497200 0.000000 0.000000 -0.579400 0.153900 -0.800300
-0.635500 0.524100 0.467000 0.000000 0.000000 -0.209600 -0.607100 -0.766500
-0.692400 0.539100 0.511100 0.000000 0.000000 -0.590600 -0.575000 -0.566200
-0.672400 0.515800 0.544800 0.000000 0.000000 -0.254900 -0.967000 0.000100
-0.615500 0.500800 0.500700 0.000000 0.000000 0.092900 -0.963200 -0.252200
-0.643600 0.526200 0.578400 0.000000 0.000000 0.228600 -0.792400 0.565600
-0.586700 0.511100 0.534300 0.000000 0.000000 0.535100 -0.804900 0.256700
-0.565800 0.549100 0.548300 0.000000 0.000000 0.852800 -0.226100 0.470700
-0.622700 0.564200 0.592400 0.000000 0.000000 0.579500 -0.153700 0.800300
-0.565200 0.592500 0.534300 0.000000 0.000000 0.861300 0.436400 0.260200
-0.622000 0.607500 0.578400 0.000000 0.000000 0.590800 0.575400 0.565600
-0.642000 0.630800 0.544800 0.000000 0.000000 0.256100 0.966600 0.000500
-0.585100 0.615800 0.500700 0.000000 0.000000 0.557000 0.791500 -0.251600
-0.600200 0.547800 0.485900 0.000000 0.000000 0.244900 -0.517100 -0.820200
-0.600100 0.558500 0.482400 0.000000 0.000000 0.248300 -0.065400 -0.966500
-0.591600 0.556300 0.494100 0.000000 0.000000 0.773500 -0.205200 -0.599700
-0.595300 0.542100 0.494100 0.000000 0.000000 0.451300 -0.757500 -0.471700
-0.583100 0.554000 0.505900 0.000000 0.000000 0.966000 -0.257200 0.025000
-0.588200 0.544700 0.502400 0.000000 0.000000 0.751500 -0.648000 -0.123900
-0.582900 0.564700 0.502400 0.000000 0.000000 0.973500 0.193300 -0.122200
-0.587800 0.570400 0.494100 0.000000 0.000000 0.764400 0.436000 -0.475100
-0.594900 0.567800 0.485900 0.000000 0.000000 0.468800 0.326900 -0.820600
-0.610500 0.601200 0.467700 0.000000 0.000000 0.456800 0.337300 -0.823100
-0.583800 0.610800 0.498800 0.000000 0.000000 0.756400 0.464100 -0.461000
-0.565400 0.589200 0.529900 0.000000 0.000000 0.973100 0.209800 -0.094800
-0.566000 0.549200 0.542800 0.000000 0.000000 0.965500 -0.256700 0.043500
-0.585300 0.514100 0.529900 0.000000 0.000000 0.746700 -0.655100 -0.115300
-0.611900 0.504500 0.498800 0.000000 0.000000 0.443700 -0.763400 -0.469500
-0.630400 0.526000 0.467700 0.000000 0.000000 0.238900 -0.519300 -0.820500
-0.629800 0.566100 0.454800 0.000000 0.000000 0.240000 -0.065200 -0.968600
-0.622800 0.564500 0.455900 0.000000 0.000000 0.713600 -0.181700 -0.676500
-0.605300 0.596400 0.467600 0.000000 0.000000 0.746700 -0.108400 -0.656200
-0.608500 0.594500 0.472900 0.000000 0.000000 0.798400 -0.322400 -0.508500
-0.624700 0.565000 0.462000 0.000000 0.000000 0.857000 -0.227600 -0.462300
-0.625200 0.531300 0.472900 0.000000 0.000000 0.857700 -0.110100 -0.502200
-0.623300 0.528100 0.467600 0.000000 0.000000 0.716100 -0.254000 -0.650200
-0.609700 0.513200 0.499000 0.000000 0.000000 0.805000 -0.051500 -0.591000
-0.606600 0.508500 0.495900 0.000000 0.000000 0.747500 -0.298100 -0.593600
-0.587300 0.521300 0.525200 0.000000 0.000000 0.730400 -0.088700 -0.677300
-0.582400 0.517200 0.524200 0.000000 0.000000 0.798900 -0.286900 -0.528600
-0.571000 0.550800 0.536000 0.000000 0.000000 0.676500 -0.178200 -0.714600
-0.564800 0.549200 0.535900 0.000000 0.000000 0.841200 -0.213300 -0.496800
-0.570500 0.584500 0.525200 0.000000 0.000000 0.674700 -0.288400 -0.679400
-0.564300 0.585600 0.524200 0.000000 0.000000 0.842600 -0.126300 -0.523500
-0.581000 0.605200 0.495900 0.000000 0.000000 0.803300 -0.076900 -0.590500
-0.586000 0.602600 0.499000 0.000000 0.000000 0.725300 -0.353300 -0.590800
-0.604300 0.591500 0.471600 0.000000 0.000000 0.622900 0.121800 -0.772700
-0.619600 0.563700 0.461400 0.000000 0.000000 0.493400 -0.128800 -0.860200
-0.583200 0.599100 0.496300 0.000000 0.000000 0.813300 0.177400 -0.554200
-0.568500 0.582100 0.521000 0.000000 0.000000 0.942400 0.037900 -0.332400
-0.569000 0.550300 0.531200 0.000000 0.000000 0.937800 -0.246800 -0.244300
-0.584300 0.522400 0.521000 0.000000 0.000000 0.801000 -0.500600 -0.328400
-0.605500 0.514800 0.496300 0.000000 0.000000 0.615300 -0.562900 -0.551900
-0.620100 0.531900 0.471600 0.000000 0.000000 0.483300 -0.410900 -0.773000
-0.610100 0.577800 0.491600 0.000000 0.000000 0.752500 -0.137200 -0.644100
-0.618100 0.563300 0.486300 0.000000 0.000000 0.720400 -0.192300 -0.666300
-0.599100 0.581800 0.504500 0.000000 0.000000 0.792900 -0.123600 -0.596700
-0.591500 0.572900 0.517400 0.000000 0.000000 0.820700 -0.155300 -0.549800
-0.591700 0.556300 0.522700 0.000000 0.000000 0.819800 -0.215800 -0.530400
-0.599700 0.541800 0.517400 0.000000 0.000000 0.789800 -0.271500 -0.549900
-0.610700 0.537800 0.504500 0.000000 0.000000 0.749800 -0.287200 -0.596100
-0.618400 0.546700 0.491600 0.000000 0.000000 0.721900 -0.250200 -0.645200
-0.715000 0.751100 -0.132300 0.000000 0.000000 0.687300 0.723100 0.068600
-0.706900 0.743400 -0.132300 0.000000 0.000000 0.374500 0.924000 0.077600
-0.697200 0.761800 -0.362100 0.000000 0.000000 0.364600 0.926900 0.089400
-0.705400 0.769500 -0.362100 0.000000 0.000000 0.682000 0.726200 0.086600
-0.713500 0.730800 0.143600 0.000000 0.000000 0.688200 0.724100 0.044300
-0.705400 0.723100 0.143600 0.000000 0.000000 0.372900 0.925600 0.064400
-0.700200 0.707900 0.336200 0.000000 0.000000 0.370000 0.926300 0.071800
-0.708400 0.715600 0.336200 0.000000 0.000000 0.684100 0.728100 0.043200
-0.694200 0.692300 0.488600 0.000000 0.000000 0.379700 0.921500 0.081500
-0.702300 0.700100 0.488600 0.000000 0.000000 0.693100 0.719800 0.039100
-0.691800 0.684800 0.606400 0.000000 0.000000 0.688900 0.724700 0.015800
-0.683700 0.677100 0.606400 0.000000 0.000000 0.374000 0.924700 0.070600
-0.679500 0.673600 0.707500 0.000000 0.000000 0.551300 0.587100 0.592800
-0.671300 0.665900 0.707500 0.000000 0.000000 0.193200 0.542600 0.817500
-0.671600 0.665500 0.707500 0.000000 0.000000 0.018400 0.039900 0.999000
-0.679700 0.673200 0.707500 0.000000 0.000000 0.046900 0.033400 0.998300
-0.673600 0.657100 0.708100 0.000000 0.000000 0.009600 0.035700 0.999300
-0.681800 0.669800 0.708100 0.000000 0.000000 0.137800 0.089000 0.986500
-0.683000 0.700000 -0.362100 0.000000 0.000000 0.993300 0.104500 0.050300
-0.689500 0.761800 -0.362100 0.000000 0.000000 0.659900 0.746200 0.087600
-0.699200 0.743400 -0.132300 0.000000 0.000000 0.663300 0.745000 0.070200
-0.692700 0.681600 -0.132300 0.000000 0.000000 0.994200 0.104600 0.025200
-0.697700 0.723100 0.143600 0.000000 0.000000 0.666200 0.744300 0.046300
-0.691200 0.661300 0.143600 0.000000 0.000000 0.994500 0.104600 -0.008700
-0.692500 0.707900 0.336200 0.000000 0.000000 0.665800 0.744700 0.045700
-0.686000 0.646100 0.336200 0.000000 0.000000 0.994200 0.104600 -0.023800
-0.686500 0.692300 0.488600 0.000000 0.000000 0.661500 0.748600 0.045400
-0.680000 0.630600 0.488600 0.000000 0.000000 0.993100 0.104300 -0.053800
-0.675900 0.677100 0.606400 0.000000 0.000000 0.668700 0.743300 0.019100
-0.669500 0.615300 0.606400 0.000000 0.000000 0.990300 0.102800 -0.093600
-0.663600 0.665900 0.707500 0.000000 0.000000 0.586600 0.566800 0.578500
-0.657100 0.604100 0.707500 0.000000 0.000000 0.538900 0.056700 0.840500
-0.663800 0.665500 0.707500 0.000000 0.000000 0.016100 0.025100 0.999600
-0.657400 0.603700 0.707500 0.000000 0.000000 0.191200 0.019800 0.981400
-0.665900 0.662100 0.708100 0.000000 0.000000 0.016800 0.132600 0.991000
-0.659400 0.600300 0.708100 0.000000 0.000000 0.069200 0.007200 0.997600
-0.681800 0.595300 0.708100 0.000000 0.000000 0.000000 0.000000 1.000000
0 1 2
3 4 5
6 7 8
9 10 11
9 12 13
10 12 14
15 13 15
14 16 17
18 19 20
21 17 16
21 20 18
4 7 19
22 23 24
25 26 23
22 27 28
26 27 29
30 28 29
31 32 33
30 34 34
30 31 35
14 12 36
37 12 9
38 36 9
8 39 38
40 41 39
8 42 43
44 45 46
47 48 49
50 51 52
53 54 55
56 57 58
59 51 50
60 61 55
54 62 63
25 24 64
43 42 65
65 66 67
64 49 48
59 58 45
44 61 60
68 69 63
62 70 63
69 71 63
70 72 25
22 25 72
73 27 22
73 74 29
27 74 75
31 29 75
76 31 76
77 35 78
70 71 79
78 79 80
70 78 81
72 82 73
72 81 74
73 82 83
75 74 83
84 76 75
84 85 77
76 85 86
81 78 80
87 87 88
82 81 83
82 88 89
84 83 89
90 85 84
90 91 86
85 91 92
18 21 93
94 95 94
96 1 97
98 99 100
101 33 32
102 103 104
35 77 103
77 86 105
92 105 86
93 21 16
106 107 108
109 110 111
112 113 114
115 116 112
111 66 62
24 67 39
41 23 26
38 39 26
28 36 38
28 30 37
36 30 33
96 117 118
119 1 96
119 2 108
107 118 117
101 93 106
106 37 33
101 1 0
120 95 94
93 117 96
101 108 117
93 108 101
102 109 114
104 103 111
111 103 105
115 5 4
95 121 4
18 94 95
104 122 34
35 123 122
104 114 110
124 113 107
124 123 114
113 48 47
125 126 51
127 128 52
51 59 129
127 59 48
126 129 130
131 132 133
134 135 125
136 134 136
137 138 138
137 139 140
140 139 141
142 143 142
141 144 145
146 147 148
146 143 144
147 131 145
148 132 125
135 149 126
129 126 149
150 127 129
150 151 152
128 127 151
40 8 11
153 154 40
153 155 69
156 157 71
68 158 156
69 62 159
158 68 42
160 161 65
162 79 71
157 66 163
159 62 164
54 57 165
54 164 166
60 60 166
167 45 45
167 160 42
65 161 163
66 156 168
169 157 158
170 168 156
159 171 170
158 172 161
160 173 157
169 174 162
163 175 171
159 164 165
176 177 166
164 177 178
167 166 178
179 160 167
179 173 161
172 175 163
121 95 120
180 181 123
124 34 122
182 183 181
182 122 123
184 185 110
109 186 184
109 102 32
187 186 102
185 180 124
110 183 187
32 34 14
37 188 189
37 106 190
188 191 190
106 16 189
191 16 14
189 188 192
193 190 194
192 188 190
191 195 194
189 193 195
191 193 192
98 97 194
99 98 192
195 100 99
194 193 97
100 195 196
197 198 199
200 40 154
64 200 64
201 201 64
67 24 201
24 202 202
24 23 203
41 40 200
203 41 203
23 200 201
204 205 202
206 204 201
207 206 202
203 203 200
205 207 205
204 197 196
204 206 198
197 199 198
206 207 205
196 199 207
133 132 208
209 208 132
148 210 147
211 210 148
211 147 144
212 141 213
212 144 141
139 214 213
137 215 214
139 137 136
216 215 136
125 217 216
47 217 125
56 55 218
219 218 55
61 220 220
61 44 221
44 43 222
221 154 43
64 47 46
223 217 43
154 155 222
7 6 209
208 19 7
208 210 210
211 20 19
20 211 212
17 17 212
213 15 13
15 213 214
10 13 214
215 215 216
11 10 216
217 153 11
217 223 155
153 223 46
222 155 221
222 46 49
58 220 221
49 50 218
220 58 50
53 219 218
224 225 226
227 224 228
229 225 230
231 232 233
233 234 235
230 231 229
228 232 236
237 238 239
237 236 235
234 240 241
238 237 242
240 237 234
243 242 234
233 232 244
243 233 232
228 245 244
245 228 224
246 247 248
249 250 251
250 249 252
253 254 255
256 248 257
258 249 256
259 260 253
261 262 263
264 265 266
267 268 264
267 269 270
264 271 272
273 274 275
271 259 276
277 260 258
257 278 279
263 262 280
281 282 283
284 285 286
287 282 285
283 288 289
284 287 286
290 291 292
250 251 292
293 247 250
254 294 295
255 288 296
297 289 270
298 265 264
299 300 301
302 303 302
301 304 305
306 307 308
309 310 311
312 311 313
314 312 315
316 314 313
317 316 315
318 318 319
320 317 245
246 321 319
322 312 268
269 312 322
309 240 311
310 241 240
242 313 311
312 314 273
268 243 315
313 242 273
314 316 274
244 318 315
243 316 317
323 274 245
319 318 244
324 323 317
320 325 326
323 324 327
328 329 330
329 324 331
332 331 324
320 332 320
319 321 333
334 335 336
337 338 339
340 336 341
342 333 343
344 345 346
347 348 349
350 350 349
351 352 353
354 355 356
346 345 357
358 359 354
353 360 327
330 361 362
353 352 363
335 334 364
347 350 365
366 367 368
369 360 369
370 371 360
371 372 360
367 360 373
374 375 360
361 360 375
373 373 375
376 377 378
367 373 377
379 368 367
378 369 368
379 380 327
372 381 382
372 327 360
326 383 384
275 384 385
275 274 323
326 275 336
386 387 341
388 389 390
267 391 298
270 392 392
270 272 393
394 393 272
395 396 394
395 397 398
399 382 400
401 402 403
404 298 391
405 406 407
408 409 410
411 412 413
414 415 414
413 416 400
382 381 417
397 418 419
396 420 421
419 418 422
421 420 423
403 402 422
423 424 425
389 426 426
389 388 427
428 429 406
405 430 429
428 431 388
430 431 427
432 292 291
433 292 432
434 293 294
435 436 295
296 437 438
297 439 440
340 339 341
441 442 342
443 444 445
446 447 448
263 281 449
261 263 448
257 260 277
278 257 248
253 260 248
247 254 253
247 293 294
254 293 434
435 294 276
259 282 287
283 282 259
256 288 283
256 255 296
288 255 295
437 296 295
436 290 286
377 376 377
286 285 378
378 285 284
379 289 297
380 438 450
380 297 414
451 452 411
453 451 414
454 454 414
415 410 455
456 407 457
458 424 426
427 459 457
426 431 460
459 427 428
461 460 431
461 428 405
462 462 405
391 463 391
392 464 463
464 392 393
465 466 465
393 394 394
396 467 466
468 467 396
419 468 419
421 469 422
470 469 421
402 471 470
422 471 402
401 472 400
473 398 473
400 417 474
475 450 438
476 476 438
437 477 437
436 478 477
436 435 479
478 435 434
480 479 481
482 434 432
434 482 480
432 433 483
481 484 485
440 486 487
484 486 488
489 443 446
490 490 446
491 492 337
493 494 338
358 353 362
495 496 497
498 499 500
496 499 501
502 503 504
505 502 506
507 503 505
504 500 501
508 239 238
509 509 507
506 508 509
510 511 507
511 512 503
507 504 503
512 513 500
504 513 514
514 515 496
500 516 517
518 519 520
521 517 516
522 523 524
525 526 527
522 525 528
529 530 531
532 533 534
535 532 535
536 537 532
536 538 538
539 540 537
540 539 541
542 543 544
545 546 547
548 549 550
551 547 546
551 552 553
547 554 555
556 557 558
559 560 561
562 563 564
565 566 567
568 541 531
569 570 528
571 523 522
572 572 522
527 573 574
561 560 575
528 576 577
529 578 576
528 570 579
544 543 580
580 543 581
582 581 543
583 584 534
322 364 322
534 533 238
241 510 509
585 586 587
588 588 587
589 590 591
592 593 593
592 594 595
594 596 597
595 309 598
599 310 599
598 600 601
602 603 601
600 604 605
603 602 606
605 604 607
608 515 514
606 510 241
310 599 322
533 598 309
510 599 601
511 532 600
598 533 603
512 511 601
600 532 537
602 603 605
513 512 540
604 602 537
514 513 605
606 609 607
604 540 610
534 584 582
581 610 582
611 520 516
612 519 613
612 516 609
540 541 568
614 615 609
609 615 616
607 607 616
608 606 333
617 618 334
619 617 333
342 620 621
622 623 622
624 625 623
626 350 351
627 627 351
628 629 596
594 630 619
342 442 631
568 632 609
633 634 635
636 582 584
618 617 618
584 364 334
637 365 350
626 638 639
556 640 641
642 643 639
642 644 643
556 639 643
645 555 640
556 646 647
638 640 638
647 648 649
650 651 652
302 303 653
654 655 656
657 658 659
660 661 304
662 663 303
664 665 666
667 668 669
670 671 621
672 673 674
674 675 622
621 676 624
622 675 677
678 624 676
679 680 678
677 679 681
682 680 682
681 683 684
683 685 686
684 345 687
688 357 689
690 345 691
691 345 344
692 486 440
439 693 444
443 694 695
696 694 489
694 443 489
697 306 305
698 699 700
701 702 703
704 705 706
704 703 707
708 709 710
708 707 709
711 712 710
488 712 711
713 714 487
488 713 636
715 716 633
673 672 671
670 649 717
718 650 658
657 719 720
721 722 723
724 725 722
721 726 727
728 729 725
726 727 725
343 346 730
731 732 356
733 734 730
346 356 732
735 621 620
736 672 621
735 737 738
739 671 740
737 740 671
672 724 355
354 721 359
726 721 354
730 362 363
731 741 742
732 734 732
495 362 730
495 732 742
634 735 736
635 633 737
735 634 716
715 738 740
737 633 716
740 408 743
744 409 425
745 390 389
746 424 458
747 746 748
425 424 386
425 748 749
745 425 386
386 336 335
745 747 455
410 746 746
410 409 748
749 748 409
744 441 341
387 750 745
335 364 390
271 264 268
273 395 275
385 397 382
399 328 327
324 329 328
325 328 399
404 325 401
404 399 398
472 401 398
473 381 751
752 417 752
753 474 417
371 751 381
372 289 380
379 284 412
754 755 756
411 491 754
412 445 757
755 754 445
754 491 446
452 492 491
411 492 452
758 759 453
758 452 451
489 490 760
695 760 490
492 759 761
690 689 762
763 764 687
345 687 764
765 444 766
416 413 767
768 769 770
771 772 764
763 773 774
685 766 775
767 776 775
766 777 757
765 778 768
771 779 780
781 762 780
779 764 772
778 765 762
781 782 761
763 761 782
773 776 767
756 783 755
784 783 756
755 757 777
784 686 685
774 785 771
770 785 786
787 771 786
788 789 772
773 775 790
791 774 775
776 792 790
793 777 778
794 787 795
779 771 781
779 795 796
794 778 772
789 797 782
781 796 773
782 797 788
798 792 776
783 783 784
799 798 793
799 784 777
774 791 786
785 412 756
767 413 687
444 693 688
763 345 690
761 444 765
757 445 347
366 769 768
768 780 348
347 780 762
689 348 800
631 801 802
619 631 800
803 582 619
800 619 582
617 580 582
803 804 804
803 805 579
580 804 806
807 808 576
578 809 577
576 810 810
576 808 811
718 812 813
717 812 718
811 813 814
815 816 815
814 817 801
816 817 802
802 817 818
806 819 808
807 819 806
820 804 821
820 806 822
818 817 823
802 818 822
824 823 817
814 825 825
814 813 826
827 828 805
803 804 805
828 821 810
808 819 829
810 829 830
812 812 830
826 813 802
824 831 800
831 827 803
800 832 819
820 833 834
832 833 820
821 835 833
823 836 837
822 837 838
824 822 825
839 836 823
826 840 839
825 828 827
841 842 828
842 835 821
843 829 819
832 830 829
843 844 830
844 840 826
824 838 845
831 841 827
831 845 846
839 840 847
844 848 847
840 848 844
843 849 849
843 832 850
850 832 834
851 835 852
853 833 852
835 842 854
842 841 855
854 841 845
856 855 845
838 857 856
857 838 837
858 858 837
836 859 836
839 846 859
788 860 861
789 797 862
860 788 797
796 863 862
795 864 863
796 787 865
864 795 787
786 866 865
786 791 867
866 867 791
790 868 868
790 792 869
869 792 798
870 798 799
871 870 872
871 799 793
873 872 793
794 861 873
794 789 325
404 403 326
271 275 395
272 267 406
429 430 430
388 267 406
267 266 266
265 298 406
383 326 403
423 383 423
420 418 383
418 384 384
418 397 385
874 875 876
877 878 879
880 881 882
883 884 885
886 887 888
889 890 891
892 893 894
893 892 895
896 897 898
899 900 901
902 903 904
905 906 907
908 909 904
907 910 911
912 913 914
915 916 917
918 919 920
921 922 923
924 925 926
911 910 927
928 876 875
929 917 930
931 914 932
933 663 662
934 305 308
935 931 936
937 914 914
937 934 910
660 938 927
913 661 660
910 939 908
907 940 941
940 907 906
725 729 942
943 944 668
671 739 945
664 667 946
896 947 948
897 949 950
951 952 886
885 884 887
953 448 447
954 955 956
957 958 719
657 586 585
959 960 587
586 656 959
586 657 961
654 958 962
962 958 957
963 702 956
955 964 702
964 965 699
956 953 957
963 957 953
954 966 449
448 953 493
966 953 710
439 339 708
338 704 708
339 494 705
704 338 956
494 493 953
486 439 712
488 712 439
710 554 967
640 555 557
556 645 968
643 559 968
645 720 810
812 717 969
719 585 588
970 809 719
969 525 971
972 526 524
973 971 525
974 975 530
529 974 529
577 976 559
558 977 978
968 559 978
979 980 557
968 979 970
976 577 809
967 554 557
980 588 589
981 969 969
981 982 970
982 983 976
970 974 976
983 984 984
985 975 974
973 986 987
971 971 987
988 972 989
990 978 977
990 991 979
978 979 991
992 980 980
992 993 967
993 646 640
967 642 575
560 644 641
639 564 563
644 560 559
643 994 564
639 638 994
638 648 995
568 567 994
632 996 565
994 567 564
994 565 995
614 632 994
609 632 614
302 654 961
299 307 306
699 965 697
997 700 699
306 697 699
946 667 668
944 667 666
669 668 591
960 959 592
998 999 1000
1001 303 307
965 653 663
308 307 303
935 308 663
933 915 918
921 916 880
879 874 877
658 720 717
649 658 649
652 655 630
1002 1003 629
908 939 1004
1005 909 908
1005 1006 891
890 1007 1008
965 964 955
653 653 955
958 654 1002
630 655 652
630 594 656
655 592 959
656 594 810
720 719 809
888 928 929
889 1009 999
931 930 998
936 931 999
997 1010 1011
1012 1012 942
700 997 700
942 729 701
728 706 701
729 706 728
733 703 706
733 356 356
357 707 703
357 688 709
707 693 711
709 688 694
713 711 693
694 696 714
713 702 701
706 705 956
702 705 494
881 880 921
920 877 916
921 880 877
876 917 916
930 917 876
928 928 888
1009 930 1013
1009 888 887
887 884 1014
1013 1015 1014
884 883 1016
947 896 1017
896 899 1018
1017 925 1019
1020 922 900
912 911 901
1006 1007 890
909 904 909
890 893 905
904 893 894
1021 1022 1023
1024 1025 1026
1027 902 1025
902 901 1028
1029 883 882
1030 1030 882
1024 1023 1015
1031 1032 949
1031 1015 883
1029 1032 1033
950 949 911
926 1034 1035
1035 1028 901
911 1028 925
924 1025 1025
924 923 1026
898 897 1023
1022 948 1030
1023 897 1030
948 947 1029
1029 947 1016
1031 1032 1031
1016 1017 1032
1017 1018 1033
1034 1020 1019
1035 1035 1019
925 1028 1036
1037 1038 1039
1040 1041 1042
1043 1044 1045
1046 1047 1048
1046 1049 1050
1051 1052 1053
1054 1055 1056
1057 1058 1045
1059 1049 1046
1060 1061 1062
1063 1064 1059
1065 1066 1044
1067 1068 1045
349 348 689
691 1069 1070
349 691 349
1047 1071 351
1072 1073 1074
1064 1066 1075
1072 1064 1066
1076 1077 1075
1076 1074 1073
1077 1078 1046
1048 1079 1079
1048 1071 1080
1081 1080 1071
1047 1046 1078
1081 1047 1082
1083 1084 1085
1085 1050 1086
1082 1050 1049
1087 1086 1049
1084 1083 1087
1088 1044 1070
1089 1089 1070
1069 1090 1090
1069 1067 1091
1044 1088 1091
1067 1092 1059
1045 1093 1094
1093 1045 1068
1094 1068 1065
1095 1065 1059
1092 1095 1067
692 1096 1065
1065 1068 1067
1070 1044 1047
349 1064 1084
1049 1059 1069
691 692 1067
1097 1073 1072
1098 1072 1075
1099 1098 1077
1100 1099 1075
1097 1100 1077
1073 1101 1078
1079 1102 1080
1103 1102 1079
1081 1104 1103
1080 1081 1078
1101 1104 1105
1083 1082 1106
1107 1106 1082
1086 1087 1108
1107 1086 1108
1087 1083 1105
1089 1109 1110
1088 1111 1109
1089 1090 1112
1111 1090 1091
1088 1110 1112
1091 1113 1114
1092 1093 1094
1115 1113 1093
1095 1116 1115
1094 1116 1095
1092 1114 1038
1037 1097 1098
1039 1038 1098
1099 1039 1099
1100 1036 1097
1037 1036 1100
1101 1102 1043
1042 1043 1102
1103 1040 1104
1041 1040 1103
1041 1104 1101
1042 1054 1105
1106 1051 1051
1106 1107 1052
1107 1108 1053
1052 1108 1105
1054 1053 1057
1056 1110 1109
1057 1109 1111
1058 1112 1055
1058 1111 1112
1110 1056 1055
1114 1113 1062
1061 1062 1113
1115 1063 1116
1060 1063 1115
1114 1061 1060
1116 1048 628
351 1071 628
1048 1050 692
344 623 625
692 625 1096
344 343 620
623 1065 625
1076 1066 1096
625 1065 736
620 343 731
731 363 635
736 738 715
355 724 724
723 739 738
723 1117 944
739 943 942
1012 1118 1119
1118 1012 1011
624 678 626
625 637 626
678 680 366
365 682 684
686 769 366
684 770 769
686 785 682
365 637 680
1074 625 626
627 1074 627
1085 1084 1074
1084 1064 625
1074 1076 628
1050 1085 627
951 1120 1121
952 946 1122
1123 945 946
944 1117 1122
1000 952 1121
1001 1124 1123
1122 1125 1125
1122 1117 1126
722 1126 1117
723 1009 1013
1000 999 1014
1000 1013 1015
952 1000 1014
949 952 1015
1021 1027 1026
1022 898 1022
1026 923 922
899 898 923
1018 899 922
1020 1034 1033
1018 1020 950
1033 1034 926
950 926 927
951 927 938
1120 951 1124
1127 1128 1123
945 1123 1128
1129 945 1129
1130 664 1130
1131 665 664
938 660 1132
1133 1134 1120
938 1133 1134
1135 1121 1120
1121 1135 1136
1001 1136 1137
998 1001 1137
1138 936 998
1139 698 937
1140 936 1138
1140 937 1141
1142 1143 1144
1145 665 1131
1141 1141 1131
1142 660 1144
1143 1132 1139
1146 1010 698
1146 1147 1011
1010 1119 1011
1147 1148 1149
1150 1151 1152
1153 1154 1155
1156 1157 1158
1159 1160 1159
1161 1162 1160
1163 1164 1165
1166 1165 1164
1149 1152 1153
1162 1161 1154
1167 1163 1166
1168 1169 1170
1171 1172 1171
1173 1174 1172
1175 1174 1173
1176 1175 1176
1177 1178 1179
1180 1181 1182
1183 1182 1181
1184 1185 1186
1183 1184 1187
1188 1186 1185
1152 1151 300
299 1175 1178
1150 1149 300
1151 1150 1178
962 1166 1165
961 1174 1164
1163 1172 1152
299 961 1165
1149 1164 1174
1175 963 1168
1166 962 963
1169 1167 1168
1163 1167 1169
1172 1155 1154
591 590 1155
590 1179 1156
1179 1182 1153
1156 589 587
1159 1158 1160
1186 1188 1157
1158 1157 1188
589 1159 587
960 1161 1160
1162 1183 1186
591 1154 1161
960 1183 1162
1153 1182 267
390 364 322
269 267 322
495 742 741
358 358 741
1189 359 363
352 636 635
715 636 352
355 741 734
727 1189 726
359 1189 727
733 728 727
734 1148 1127
1124 1119 1119
1124 1125 1118
1126 943 1118
1125 943 1126
722 725 1190
1191 1136 1135
1137 1192 1193
1138 1140 1138
1193 1194 1194
1195 1139 1140
1195 1196 1146
1139 1146 1196
1197 1147 1147
1197 1198 1148
1127 1199 1200
1128 1129 1128
1200 1201 1201
1202 1130 1129
1130 1202 1203
1131 1204 1142
1131 1203 1205
1143 1142 1204
1132 1143 1205
1206 1206 1207
1133 1132 1133
1207 1208 1134
1192 1137 1136
1191 1135 1134
1208 1190 1127
1148 1198 1199
1209 1191 1190
1210 1211 1193
1192 1212 1213
1194 1193 1211
1213 1214 1195
1194 1214 1215
1196 1195 1216
1197 1196 1215
1197 1216 1217
1198 1199 1218
1219 1200 1220
1201 1200 1219
1221 1202 1201
1220 1203 1202
1221 1222 1222
1223 1204 1203
1224 1205 1204
1223 1225 1206
1205 1224 1206
1225 1226 1207
1226 1227 1208
1207 1212 1192
1191 1209 1208
1227 1210 1190
1199 1198 1217
1218 698 1010
997 697 932
919 918 933
935 933 918
915 935 915
914 934 934
937 698 305
939 629 1003
1004 596 629
939 940 597
596 940 941
1002 1228 1141
1003 1141 1228
1145 610 1229
535 534 535
1229 1230 1231
538 536 1232
581 1233 1229
610 538 1231
1234 539 553
1235 548 547
1236 1237 543
542 543 1237
583 567 566
1238 996 1233
581 583 1237
1239 1240 1241
1242 566 541
1243 1244 613
519 1242 1245
1246 1247 1248
1248 1247 1249
1250 1251 1250
1249 1252 1253
1254 1255 1256
1257 1258 1259
1260 1261 1260
1259 1262 1263
1264 1265 1266
1265 1267 1268
1266 1261 1262
1269 1270 1256
1271 1272 1253
1232 1230 1245
1248 1246 611
612 1247 1247
612 613 1249
1250 1231 1232
1248 1231 1250
1251 1234 1249
613 1244 1252
1256 1255 1229
1233 1253 1273
1274 1254 1258
1275 1241 1259
566 1243 1257
1260 1240 1262
1259 1241 566
1260 1261 1238
1265 1264 1236
1235 1266 517
521 1263 517
1266 1268 518
1235 553 1267
1265 1270 1267
553 552 1239
1269 1262 1240
1238 1261 1270
552 1273 1253
1272 1276 1237
1271 1256 1233
1230 1229 1255
1245 1255 1254
1246 1245 1254
1274 611 1246
1274 1273 520
611 1276 521
520 1273 1272
1263 521 1276
1271 1264 1263
1272 1264 1271
1237 1236 536
535 1230 1232
986 973 975
985 530 975
973 524 530
524 523 531
523 571 569
531 545 549
548 542 1236
542 548 1235
1241 1275 1244
1242 1258 1252
1244 1275 1257
1251 1252 1258
1257 1243 1234
1251 1234 1243
541 539 1242
519 518 1239
1239 518 1268
1269 1269 1268
1267 1270 989
977 972 988
558 526 972
977 558 561
527 526 561
574 573 527
565 551 550
562 552 551
565 996 552
996 1238 651
1228 1002 652
387 744 743
750 386 749
744 387 1277
1008 1007 1278
1279 1278 1007
1006 1280 1279
1006 1005 659
1280 1005 1004
407 456 1281
1282 1283 454
1281 415 1282
1281 454 1284
408 407 1282
415 416 1284
1282 1285 743
408 1284 1285
1284 416 766
1286 750 743
1285 1286 1285
766 685 441
750 1286 1287
1286 685 683
1287 1288 442
441 1287 681
1288 1287 683
631 442 1288
1289 1288 681
679 1289 631
1289 1290 801
1289 679 677
1290 801 1290
1291 816 676
1291 1290 677
1292 815 816
1291 1292 1291
676 675 811
815 1292 1293
675 674 1293
1292 718 811
1293 1294 674
673 1294 1293
718 1294 1295
650 670 1295
1294 673 1295
1296 651 650
669 1296 1295
670 1296 1297
1228 651 1296
669 666 1297
1298 1145 1228
1297 1297 666
665 1298 456
1283 1281 1145
1298 665 1278
900 903 1277
1279 912 900
1278 912 1279
1280 913 659
661 913 1280
1003 1141 1144
1004 1004 1144
660 659 563
575 642 641
575 563 562
574 573 574
562 550 546
572 573 550
572 546 549
571 545 569
571 549 569
545 544 570
570 544 579
578 579 806
807 578 851
834 833 853
369 1299 1300
370 1299 1301
1302 1300 475
1303 1302 1301
380 1299 369
1299 380 450
1301 475 1301
450 1303 753
752 1302 752
751 1300 1302
370 1300 751
371 493 337
1304 966 1304
337 340 1305
1306 1307 1308
1309 1310 482
481 483 1305
340 440 1311
440 485 1312
1311 1309 1308
1311 1312 252
249 258 1313
1313 258 279
1314 1315 252
1313 1316 1313
1314 1317 1316
1318 1319 966
1304 1305 1320
1318 1304 1320
1305 1311 1321
1307 1322 1323
1308 1321 1311
1308 1323 251
252 1315 1324
1324 1325 291
251 1326 433
291 1325 1326
1327 483 433
1328 449 966
1319 1328 1329
261 449 262
261 1329 1330
1314 280 1331
1317 1331 280
262 1330 1307
1306 1332 1333
1334 1322 1307
1333 1333 1332
1310 483 1327
1334 1333 483
1335 1336 1337
1338 1337 1339
1340 1338 1341
1342 1343 1344
1345 1343 1342
1346 1343 1337
1336 1344 1347
1348 1349 1350
1346 1340 1339
1345 1339 1337
1343 1345 1335
1338 1351 1352
1338 1340 1353
1351 1342 1341
1354 1355 1355
1356 1346 1342
1355 1354 1352
1351 1357 1349
1348 1358 1353
1340 1346 1356
1353 1356 1355
1351 1344 1350
1349 1341 1354
1341 1349 1357
1357 1358 1352
1354 1352 1358
1348 1335 1348
1347 1336 1335
1347 1350 1344
1336 1359 1360
1361 1362 1360
1359 1363 1364
1365 1366 1367
1368 1361 1360
1369 1370 1371
1366 1365 1372
1370 1365 1371
1370 1359 1362
1363 1359 1370
1372 1373 1361
1368 1374 1375
1376 1377 1378
1379 1380 1381
1382 1377 1383
1384 1378 1385
1386 1382 1381
1383 1387 1388
1384 1389 1390
1388 1387 1386
1385 1391 1392
1367 1366 1376
1375 1374 1380
1379 1373 1393
1394 1395 1396
1397 1394 1393
1398 1399 1400
1401 1402 1403
1401 1400 1404
1404 1396 1395
1403 1405 1406
1407 1408 1398
1409 1410 1397
1411 1412 1413
1414 1415 1416
1399 1402 1417
1418 1419 1420
1421 1422 1423
1424 1425 1426
1427 1428 1429
1430 1431 1432
1418 1433 1434
1419 1435 1436
1437 1438 1437
1436 1439 1440
1441 1442 1443
1444 1432 1445
1446 1429 1444
1447 1448 1441
1449 1443 1442
1450 1447 1446
1445 1448 1450
1426 1425 1449
1451 1452 1440
1439 1433 1435
1438 1434 1424
1452 1451 1421
1414 1413 1406
1405 1427 1412
1411 1428 1415
1431 1430 1416
1409 1423 1422
1410 1407 1417
1420 1408 1393
1396 1453 1454
1455 1398 1393
1454 1400 1399
1456 1457 1404
1400 1457 1458
1458 1453 1396
1404 1405 1408
1459 1460 1461
1409 1398 1455
1414 1462 1463
1411 1464 1456
1399 1416 1419
1465 1466 1420
1467 1424 1423
1468 1428 1469
1470 1425 1430
1429 1471 1472
1465 1419 1434
1473 1438 1437
1474 1475 1476
1474 1437 1440
1477 1478 1444
1443 1446 1479
1471 1429 1447
1444 1478 1480
1477 1443 1449
1481 1479 1446
1447 1480 1449
1425 1470 1481
1476 1440 1452
1482 1473 1434
1438 1475 1452
1424 1467 1482
1405 1460 1462
1414 1428 1411
1463 1469 1464
1416 1430 1472
1423 1409 1461
1468 1459 1408
1420 1466 1364
1483 1372 1365
1484 1363 1372
1483 1369 1360
1363 1484 1484
1483 1485 1486
1369 1484 1486
1487 1488 1368
1369 1487 1374
1368 1488 1489
1490 1380 1374
1489 1381 1380
1490 1491 1385
1381 1491 1492
1385 1492 1493
1391 1494 1495
1391 1493 1494
1496 1497 1495
1496 1498 1499
1497 1500 1499
1498 1501 1502
1503 1500 1501
1504 1503 1502
1505 1506 1507
1504 1505 1507
1506 1508 1509
1509 1508 1510
1511 1510 1512
1513 1511 1514
1515 1513 1512
1515 1514 1516
1517 1517 1516
1518 1519 1520
1521 1519 1518
1522 1390 1521
1520 1390 1522
1523 1388 1388
1523 1524 1384
1384 1524 1525
1378 1378 1525
1526 1375 1375
1526 1527 1367
1527 1528 1364
1367 1364 1528
1485 1483 1529
1362 1361 1530
1371 1362 1529
1531 1532 1366
1371 1531 1530
1361 1373 1533
1376 1366 1532
1534 1382 1535
1536 1379 1537
1383 1377 1538
1539 1390 1389
1540 1389 1387
1541 1540 1387
1383 1537 1541
1392 1542 1543
1386 1543 1535
1382 1386 1376
1534 1538 1377
1373 1379 1536
1533 1391 1544
1542 1392 1530
1545 1546 1529
1546 1547 1531
1529 1531 1547
1548 1532 1545
1530 1533 1549
1550 1534 1532
1548 1535 1551
1552 1536 1537
1538 1553 1554
1555 1556 1539
1540 1541 1557
1555 1540 1541
1537 1554 1557
1543 1542 1558
1559 1559 1551
1535 1543 1553
1538 1534 1550
1533 1536 1552
1549 1558 1542
1544 1560 1556
1521 1390 1539
1391 1495 1560
1544 1403 1395
1561 1562 1561
1395 1394 1563
1563 1394 1397
1564 1564 1397
1410 1565 1422
1566 1565 1410
1421 1567 1566
1422 1451 1568
1567 1421 1451
1439 1569 1568
1439 1436 1570
1569 1435 1571
1570 1436 1571
1435 1433 1572
1433 1418 1573
1572 1418 1417
1574 1573 1574
1417 1407 1575
1407 1406 1576
1575 1406 1413
1577 1576 1413
1412 1578 1577
1412 1427 1579
1578 1580 1579
1427 1426 1426
1450 1581 1580
1450 1442 1582
1581 1582 1442
1441 1583 1583
1441 1448 1584
1448 1445 1585
1584 1585 1445
1432 1586 1431
1587 1586 1432
1415 1588 1587
1431 1415 1402
1589 1588 1589
1402 1401 1590
1590 1401 1403
1562 1591 1592
1593 1594 1595
1593 1592 1596
1596 1597 1598
1595 1599 1598
1597 1600 1600
1601 1602 1599
1602 1601 1603
1604 1605 1606
1604 1603 1605
1607 1608 1606
1607 1609 1610
1608 1609 1611
1612 1610 1613
1614 1615 1616
1616 1615 1617
1618 1619 1620
1618 1617 1620
1619 1621 1622
1621 1623 1624
1622 1625 1624
1623 1626 1626
1627 1628 1625
1629 1628 1627
1630 1630 1591
1594 1629 1593
1486 1485 1594
1592 1591 1562
1561 1595 1487
1486 1593 1563
1596 1592 1561
1598 1488 1487
1595 1564 1597
1596 1563 1599
1489 1488 1598
1565 1600 1597
1564 1599 1602
1490 1489 1566
1601 1600 1565
1490 1602 1604
1491 1603 1601
1566 1567 1491
1604 1606 1492
1567 1568 1605
1603 1493 1492
1606 1608 1605
1568 1569 1607
1608 1610 1494
1493 1607 1569
1570 1609 1494
1610 1612 1496
1609 1570 1571
1611 1518 1613
1616 1520 1583
1615 1614 1582
1522 1520 1616
1618 1617 1615
1583 1584 1523
1522 1618 1620
1585 1619 1617
1584 1619 1585
1586 1621 1524
1523 1620 1622
1525 1524 1622
1624 1587 1623
1621 1586 1625
1526 1525 1624
1626 1623 1587
1588 1625 1628
1527 1526 1626
1588 1589 1627
1527 1628 1629
1528 1589 1590
1630 1627 1630
1590 1562 1591
1629 1594 1485
1528 1631 1632
1633 1634 1635
1636 1637 1638
1639 1640 1641
1642 1643 1644
1645 1646 1647
1648 1649 1650
1651 1646 1645
1652 1653 1636
1635 1654 1650
1655 1656 1647
1646 1657 1658
1643 1657 1646
1651 1659 1654
1660 1661 1653
1662 1656 1655
1663 1664 1658
1657 1665 1659
1666 1665 1657
1655 1650 1667
1668 1649 1669
1667 1650 1670
1671 1672 1673
1674 1675 1676
1677 1677 1678
1679 1674 1679
1678 1680 1681
1682 1683 1684
1685 1655 1668
1686 1663 1643
1658 1687 1688
1643 1688 1689
1644 1633 1690
1691 1634 1692
1693 1635 1638
1693 1694 1654
1635 1654 1694
1695 1660 1696
1697 1639 1642
1658 1664 1698
1687 1699 1671
1670 1700 1701
1702 1690 1633
1632 1703 1701
1633 1632 1631
1704 1703 1705
1706 1707 1708
1707 1709 1710
1708 1711 1712
1713 1714 1699
1715 1672 1671
1699 1700 1669
1649 1689 1702
1701 1644 1644
1701 1703 1645
1645 1703 1704
1652 1637 1705
1708 1638 1692
1638 1708 1710
1714 1713 1676
1675 1649 1648
1715 1699 1673
1716 1717 1670
1711 1714 1718
1719 1720 1718
1714 1675 1674
1721 1720 1675
1679 1722 1721
1674 1723 1722
1679 1681 1724
1725 1683 1682
1726 1686 1668
1727 1728 1727
1668 1667 1669
1729 1728 1667
1669 1700 1730
1729 1670 1717
1730 1700 1731
1732 1717 1716
1733 1734 1719
1718 1733 1718
1720 1735 1721
1736 1735 1720
1722 1737 1736
1721 1723 1738
1737 1722 1724
1739 1740 1725
1727 1741 1742
1726 1728 1743
1741 1727 1744
1743 1728 1729
1744 1729 1730
1745 1745 1730
1717 1732 1746
1747 1661 1660
1665 1748 1749
1664 1666 1750
1748 1665 1751
1752 1681 1680
1753 1754 1662
1663 1753 1663
1686 1755 1756
1746 1660 1695
1757 1698 1664
1749 1758 1723
1681 1752 1759
1755 1686 1726
1760 1738 1723
1758 1761 1759
1726 1742 1762
1747 1746 1763
1749 1748 1640
1639 1641 1640
1748 1750 1751
1764 1765 1752
1753 1685 1684
1754 1755 1682
1685 1753 1763
1746 1756 1766
1757 1749 1639
1697 1752 1765
1767 1758 1755
1759 1724 1682
1760 1758 1767
1768 1724 1759
1761 1739 1769
1719 1734 1770
1771 1709 1707
1772 1706 1773
1772 1707 1773
1706 1705 1774
1775 1774 1705
1637 1636 1776
1775 1637 1777
1776 1636 1653
1777 1653 1661
1778 1779 1778
1661 1747 1779
1747 1762 1780
1763 1781 1780
1762 1781 1763
1766 1782 1783
1768 1767 1784
1785 1784 1767
1765 1785 1765
1764 1786 1786
1764 1751 1787
1787 1751 1680
1788 1678 1789
1788 1680 1678
1677 1790 1789
1676 1791 1790
1677 1676 1713
1792 1791 1712
1793 1792 1713
1711 1794 1793
1712 1719 1769
1794 1711 1772
1634 1691 1771
1773 1631 1634
1772 1774 1704
1631 1773 1704
1774 1775 1652
1651 1652 1775
1776 1651 1776
1777 1659 1778
1666 1659 1777
1778 1779 1750
1666 1779 1780
1641 1750 1641
1780 1781 1642
1781 1782 1696
1642 1783 1784
1725 1740 1683
1725 1784 1785
1786 1684 1683
1785 1786 1787
1754 1684 1787
1788 1662 1754
1788 1789 1656
1662 1790 1647
1656 1789 1791
1648 1647 1790
1791 1792 1715
1648 1715 1792
1793 1672 1672
1793 1794 1673
1673 1794 1769
1716 1795 1769
1770 1796 1797
1716 1769 1795
1798 1799 1771
1691 1716 1797
1800 1731 1796
1801 1802 1795
1797 1795 1802
1803 1799 1798
1804 1805 1806
1800 1797 1803
1807 1771 1799
1808 1799 1805
1809 1808 1810
1811 1804 1798
1810 1798 1691
1812 1812 1691
1690 1813 1690
1702 1814 1813
1814 1702 1689
1815 1815 1689
1688 1816 1687
1817 1816 1688
1817 1687 1698
1818 1757 1819
1818 1698 1819
1757 1697 1820
1696 1821 1820
1697 1822 1821
1696 1782 1766
1823 1822 1782
1756 1824 1823
1766 1756 1695
1825 1824 1825
1695 1694 1826
1694 1693 1827
1826 1827 1693
1692 1828 1692
1710 1829 1828
1829 1710 1709
1830 1771 1807
1830 1709 1796
1770 1807 1808
1796 1808 1809
1801 1806 1811
1810 1800 1731
1800 1810 1812
1813 1732 1731
1812 1813 1814
1745 1732 1815
1744 1745 1814
1816 1743 1744
1815 1817 1741
1743 1816 1742
1741 1817 1818
1742 1818 1819
1761 1820 1739
1761 1819 1821
1740 1739 1820
1821 1822 1783
1740 1823 1768
1783 1822 1824
1760 1768 1823
1738 1760 1824
1825 1737 1738
1825 1826 1736
1737 1826 1827
1828 1735 1736
1827 1829 1733
1735 1828 1830
1734 1733 1829
1770 1734 1830
1807 1831 1806
1803 1832 1833
1832 1803 1802
1801 1834 1833
1802 1804 1835
1836 1805 1835
1804 1811 1837
1836 1838 1809
1805 1831 1837
1811 1806 1801
1809 1838 1834
1832 1839 1840
1831 1841 1839
1832 1833 1833
1834 1842 1841
1835 1843 1844
1836 1845 1843
1835 1837 1846
1838 1836 1844
1845 1837 1831
1840 1846 1842
1834 1838 1847
1840 1839 1848
1840 1847 1849
1845 1850 1843
1845 1849 1843
1850 1851 1844
1846 1844 1851
1852 1853 1842
1846 1852 1842
1853 1854 1841
1848 1839 1841
1854 1855 1856
1857 1858 1859
1860 1861 1862
1863 1859 1862
1864 1865 1866
1867 1868 1869
1870 1871 1865
1868 1871 1866
1872 1873 1870
1869 1874 1875
1876 1877 1876
1878 1879 1877
1880 1875 1874
1881 1881 1882
1883 1880 1884
1885 1883 1882
1886 1887 1888
1889 1890 1886
1889 1891 1892
1893 1888 1887
1893 1892 1894
1895 1896 1897
1895 1894 1898
1896 1899 1900
1901 1857 1856
1902 1903 1904
1901 1902 1905
1906 1907 1908
1909 1908 1907
1910 1911 1912
1913 1914 1915
1916 1912 1911
1884 1917 1918
1885 1919 1918
1917 1920 1921
1922 1923 1924
1925 1856 1855
1925 1926 1902
1856 1902 1926
1927 1903 1928
1929 1906 1905
1861 1860 1930
1905 1930 1928
1905 1930 1860
1859 1931 1928
1932 1933 1929
1930 1934 1932
1928 1930 1931
1935 1934 1936
1933 1932 1937
1938 1937 1932
1934 1938 1934
1935 1939 1904
1936 1937 1901
1901 1937 1938
1857 1939 1858
1857 1938 1920
1923 1940 1941
1940 1918 1919
1941 1942 1921
1920 1943 1920
1941 1944 1943
1944 1941 1919
1945 1917 1946
1945 1919 1900
1947 1948 1898
1914 1913 1949
1950 1891 1889
1951 1952 1889
1888 1953 1951
1953 1888 1893
1954 1955 1954
1893 1895 1897
1956 1955 1895
1948 1947 1957
1958 1959 1960
1961 1962 1959
1863 1963 1960
1878 1862 1964
1879 1965 1962
1961 1966 1965
1966 1967 1968
1967 1873 1872
1968 1886 1969
1970 1887 1891
1971 1972 1890
1886 1890 1973
1969 1887 1970
1974 1892 1894
1892 1974 1975
1896 1898 1948
1897 1952 1976
1971 1891 1956
1897 1948 1958
1894 1975 1899
1896 1905 1908
1862 1861 1909
1964 1862 1908
1971 1976 1949
1913 1972 1971
1913 1912 1963
1863 1862 1878
1972 1977 1973
1890 1916 1977
1972 1912 1978
1979 1980 1942
1942 1943 1978
1957 1946 1917
1958 1958 1917
1884 1956 1884
1882 1955 1956
1955 1882 1881
1954 1881 1874
1953 1954 1874
1877 1951 1953
1877 1879 1952
1951 1964 1976
1952 1879 1949
1976 1964 1909
1910 1950 1949
1909 1885 1918
1870 1873 1870
1918 1940 1871
1866 1871 1940
1923 1866 1923
1922 1867 1963
1878 1876 1960
1960 1876 1875
1961 1875 1880
1966 1961 1966
1880 1883 1967
1885 1873 1967
1883 1922 1921
1981 1982 1983
1864 1867 1984
1984 1867 1922
1982 1985 1983
1984 1986 1982
1987 1986 1984
1988 1983 1985
1989 1990 1991
1992 1993 1992
1991 1994 1995
1996 1997 1995
1994 1996 1998
1999 1997 2000
1999 1998 2001
2002 2003 2000
2001 2004 2005
2003 2002 2005
2004 2006 2007
2006 2008 2009
2007 2010 2011
2009 2008 2011
2010 2012 2013
2013 2012 2014
2015 2016 2017
2015 2014 2017
2016 2018 2019
2020 2019 2018
2021 2020 2021
2022 2023 1992
2024 2025 1993
1995 2026 2024
1992 1997 2027
2026 1995 2027
1997 1999 2028
2029 2028 1999
2000 2030 2029
2000 2003 2005
2031 2030 2003
2031 2005 2007
2032 2033 2032
2007 2009 2034
2033 2009 2011
2013 2035 2034
2011 2015 2036
2035 2013 2015
2017 2037 2036
2038 2037 2017
2019 2038 2019
2020 2039 2039
2020 2023 2040
2041 1924 1855
2042 1959 1962
2043 2044 1959
2044 2045 1863
2043 1962 1965
2046 2047 2046
1965 1968 2047
1968 1872 2048
1864 2049 2050
1865 2051 1869
1868 2052 1865
2050 2052 1868
1863 2045 2053
1859 1869 2051
2048 1872 2042
1855 1858 2054
2055 1931 1859
2053 1935 1931
2055 2056 2057
1939 1935 2056
1939 2057 2054
1858 2042 2058
2059 2041 2060
2061 2053 2045
2058 2042 2054
2062 2063 2055
2053 2061 2063
2064 2056 2055
2065 2057 2056
2064 2065 2062
2054 2057 2066
2044 2043 2067
2068 2045 2044
2066 2046 2069
2067 2043 2047
2070 2069 2046
2048 2071 2070
2047 2072 2073
2050 2049 2052
2074 2075 2051
2073 2074 2052
2050 2071 2048
2051 2075 2060
2045 2068 2076
2067 2077 2078
2066 2066 2078
2079 2068 2069
2080 2077 2067
2080 2069 2070
2081 2081 2070
2071 2082 2073
2072 2083 2084
2085 2075 2074
2086 2084 2086
2074 2073 2082
2071 2075 2085
2076 2068 2079
2087 2088 2078
2077 2089 2079
2078 2088 2090
2089 2077 2080
2091 2081 2092
2091 2080 2092
2081 2082 2093
2083 2094 2095
2084 2085 2086
2096 2097 2096
2086 2084 2095
2082 2085 2097
2093 2098 2087
2079 2090 1864
1983 2099 2049
2072 2049 2099
1988 2100 2099
1983 2083 2072
2099 2100 1916
1915 2101 2102
1916 2102 2103
1977 2104 1973
1977 2103 2104
2105 1969 1973
1969 2105 2106
1970 2107 1970
2106 2108 2109
1974 1970 2107
2107 2110 2109
1974 2109 2111
2112 1975 1974
2111 1899 1975
2112 2113 1900
1899 2113 2114
2115 1947 1900
2114 2116 1957
1947 2115 2117
1946 1957 2116
1945 1946 2117
2118 1944 1945
2118 2119 2120
1978 1944 2119
1943 1944 1978
2121 2122 2039
2040 2038 2039
2122 2123 2124
2037 2038 2123
2037 2124 2125
2036 2126 2035
2036 2125 2127
2034 2035 2126
2033 2034 2127
2128 2129 2032
2033 2128 2032
2129 2130 2031
2031 2130 2131
2030 2132 2029
2030 2131 2133
2028 2029 2132
2134 2027 2028
2133 2134 2135
2026 2027 2024
2026 2135 2136
2136 2137 2025
2024 2121 2138
2120 2122 2120
2119 2123 2122
2123 2119 2118
2124 2125 2124
2118 2117 2126
2125 2117 2116
2126 2116 2115
2127 2114 2128
2127 2115 2113
2129 2128 2114
2113 2112 2130
2129 2112 2111
2131 2130 2111
2109 2132 2131
2139 2133 2132
2109 2139 2140
2134 2133 2134
2140 2141 2135
2135 2141 2142
2136 2137 2136
2142 2143 2144
2145 2146 2147
2148 2149 2144
2147 2150 2149
2148 2151 2152
2153 2150 2151
2106 2105 2154
2108 2155 2156
2143 2142 2141
2157 2155 2142
2157 2141 2140
2158 2158 2140
2139 2159 2110
2159 2139 2109
2160 2102 2101
2161 2155 2162
2163 2156 2160
2164 2103 2102
2157 2165 2162
2155 2103 2164
2166 2104 2167
2165 2157 2158
2104 2166 2168
2105 2169 2154
2105 2168 2159
2170 2167 2158
2162 2171 2172
2163 2171 2162
2165 2173 2167
2174 2173 2165
2174 2167 2170
2175 2152 2169
2168 2153 2150
2153 2168 2166
2166 2164 2149
2150 2144 2149
2164 2160 2161
2145 2144 2160
2176 2177 2178
2179 2180 2176
2179 2181 2180
2181 2182 2183
2182 2184 2185
2183 2186 2185
2184 2187 2187
2188 2189 2186
2189 2188 2190
2191 2192 2193
2194 2195 2196
2195 2194 2197
2196 2197 2198
2199 2198 2200
2201 2199 2201
2200 2202 2203
2202 2204 2205
2203 2203 2205
2206 2206 2205
2207 2208 2208
2207 2209 2210
2210 2209 2211
2212 2211 2213
2214 2212 2215
2214 2213 2216
2216 2217 2218
2215 2219 2220
2218 2217 2220
2219 2221 2222
2222 2221 2223
2224 2225 1903
1927 2226 1904
1903 2225 2227
2228 1936 1904
2227 2228 2229
1933 1936 2229
2230 1929 1933
2231 1906 1929
2230 2231 2232
1907 1906 2233
1910 1907 2232
1910 2233 2234
1950 2234 2235
1914 1950 1914
2235 2236 1911
1915 1911 2236
2237 2237 2238
2101 1915 2239
2161 2101 2238
2240 2145 2161
2239 2241 2146
2145 2240 2242
2163 2172 2243
2156 2163 2242
2244 2245 2143
2156 2244 2143
2245 2246 2137
2246 2247 2025
2137 2025 2247
2248 1993 2249
1990 1993 2248
2248 2179 2178
2249 2179 2248
2247 2181 2181
2247 2246 2182
2184 2182 2246
2245 2244 2187
2184 2245 2188
2187 2244 2242
2188 2242 2243
2190 2241 2240
2194 2193 2239
2197 2194 2240
2238 2198 2197
2239 2237 2200
2198 2238 2202
2200 2237 2236
2202 2236 2235
2204 2204 2235
2234 2205 2207
2205 2234 2233
2207 2233 2232
2209 2211 2209
2232 2231 2211
2231 2230 2213
2216 2213 2230
2229 2216 2229
2228 2217 2217
2228 2227 2219
2219 2227 2225
2221 2226 2223
2221 2225 2250
2251 2177 2176
2215 2252 2253
2254 2215 2254
2214 2255 2196
2199 2256 2257
2208 2212 2258
2210 2212 2208
2258 2214 2254
2259 2212 2214
2258 2259 2256
2199 2257 2259
2199 2201 2258
2259 2257 2206
2208 2201 2203
2257 2201 2208
2195 2196 2255
2192 2107 2260
2159 2110 2159
2260 2261 2170
2261 2262 2175
2170 2175 2262
2263 2174 2173
2174 2263 2264
2265 2171 2173
2264 2265 2266
2172 2171 2267
2243 2172 2266
2267 2268 2190
2243 2190 2268
2269 2191 2270
2189 2191 2269
2189 2270 2271
2186 2107 2108
2154 2260 2261
2260 2154 2169
2152 2262 2261
2169 2262 2152
2151 2263 2148
2264 2263 2151
2264 2148 2147
2265 2265 2147
2146 2266 2266
2146 2241 2267
2267 2241 2193
2268 2193 2192
2269 2268 2270
2269 2192 2255
2255 2256 2271
2270 2254 2271
2256 2259 2271
2254 2253 2186
2180 2183 2185
2186 2272 2176
2180 2253 2272
2186 2271 2250
2176 2272 2252
2252 2272 2253
1921 1942 1980
2273 2274 2273
1980 2023 2022
2275 2276 2277
2040 2023 2276
2278 2121 2040
2277 2278 2279
2138 2121 1921
2273 2280 1981
2276 2275 2281
2277 2282 2278
2277 2281 2283
2279 2278 2282
2284 2285 2286
2287 2288 2289
2290 2291 2292
2293 2289 2288
2294 2295 2296
2297 2288 2298
2299 2292 2300
2298 2288 2291
2301 2302 2285
2303 2295 2294
2304 2305 2306
2307 2295 2305
2308 2309 2310
2311 2286 2312
2273 2287 2280
2273 2312 2313
2312 2286 2297
2296 2314 2313
2297 2315 1985
1986 2316 1987
2317 2316 1986
1985 2315 1989
1981 2280 1987
1982 2318 2311
2310 2319 2294
2297 2311 2318
2297 2302 2311
2304 2294 2318
2319 2320 2321
2138 2279 2274
1980 1979 2322
2285 2284 2323
2324 2303 2285
2324 2325 2280
2317 1987 2302
2297 2286 2285
2283 2290 2289
2279 2320 2279
2289 2293 2323
2284 2274 2322
2284 2287 2273
2274 1979 2321
2320 2322 2293
2323 2322 2320
2323 2293 2292
2324 2324 2292
2299 2325 2138
2321 1979 1978
2138 1978 2120
2298 2326 2327
2299 2300 2328
2326 2298 2329
2303 2325 2330
2330 2325 2299
2327 2301 2303
2331 2332 2307
2333 2296 2295
2305 2304 2334
2335 2336 2337
2338 2339 2335
2340 2306 2305
2309 2341 2342
2310 2304 2319
2343 2334 2310
2342 2343 2319
2308 2341 2309
2329 2331 2303
2333 2307 2339
2338 2306 2336
2339 2307 2336
2306 2340 2337
2308 2311 2302
2301 2301 2332
2341 2308 2344
2345 2346 2347
2347 2348 2349
2344 2350 2349
2348 2351 2352
2345 2344 2353
2349 2354 2353
2344 2350 2355
2354 2349 2356
2357 2358 2359
2360 2357 2356
2361 2361 2362
2363 2360 2358
2357 2364 2365
2364 2357 2360
2366 2367 2366
2360 2363 2368
2369 2370 2371
2370 2372 2373
2371 2374 2375
2373 2372 2376
2377 2378 2379
2380 2376 2379
2381 2380 2381
2382 2383 2384
2385 2386 2387
2388 2385 2384
2389 2390 2391
2388 2389 2392
2383 2382 2393
2390 2394 2395
2391 2396 2392
2393 2397 2394
2398 2362 2395
2397 2375 2374
2396 2362 2398
2367 2363 2377
2399 2400 2378
2386 2401 2402
2387 2399 2403
2404 2400 2359
2405 2402 2401
2403 2369 2368
2404 2358 2365
2405 2359 2346
2386 2385 2347
2345 2401 2386
2346 2348 2347
2385 2388 2348
2388 2391 2351
2350 2351 2391
2395 2353 2356
2359 2352 2359
2401 2345 2352
2354 2361 2356
2353 2355 2350
2395 2362 2355
2362 2361 2354
2371 2406 2407
2368 2408 2406
2371 2373 2408
2373 2375 2409
2379 2378 2410
2411 2379 2411
2412 2381 2381
2412 2413 2382
2414 2393 2382
2413 2415 2397
2393 2414 2409
2375 2397 2415
2410 2378 2400
2416 2404 2417
2416 2400 2417
2404 2368 2407
2418 2419 2420
2421 2422 2420
2419 2423 2424
2425 2422 2423
2425 2424 2426
2427 2426 2428
2429 2427 2430
2429 2428 2431
2431 2432 2433
2430 2432 2434
2435 2433 2434
2436 2437 2435
2438 2437 2436
2439 2439 2440
2441 2438 2440
2418 2421 2441
2442 2443 2372
2370 2442 2370
2369 2444 2444
2369 2403 2445
2399 2446 2445
2403 2446 2399
2377 2447 2376
2448 2447 2377
2376 2380 2449
2448 2383 2450
2449 2380 2450
2383 2392 2451
2452 2451 2392
2396 2374 2453
2452 2396 2443
2453 2374 2372
2420 2364 2366
2421 2442 2419
2418 2443 2420
2422 2365 2364
2444 2423 2419
2442 2425 2405
2365 2422 2424
2423 2444 2445
2425 2427 2402
2405 2426 2424
2445 2446 2387
2402 2427 2429
2446 2447 2428
2426 2448 2431
2428 2447 2387
2429 2430 2384
2432 2431 2448
2449 2384 2430
2433 2389 2432
2449 2450 2434
2390 2389 2433
2435 2437 2394
2390 2435 2450
2451 2436 2434
2394 2437 2438
2398 2436 2451
2452 2439 2367
2398 2438 2441
2452 2453 2440
2439 2366 2367
2441 2421 2440
2453 2443 2418
2454 2455 2456
2457 2458 2459
2460 2461 2462
2461 2460 2463
2464 2465 2466
2467 2468 2469
2470 2463 2468
2467 2464 2470
2469 2471 2472
2473 2474 2475
2476 2477 2478
2474 2473 2479
2480 2476 2475
2481 2482 2480
2479 2483 2484
2482 2481 2485
2486 2487 2488
2489 2486 2485
2490 2487 2491
2492 2488 2493
2494 2492 2491
2495 2496 2494
2493 2497 2498
2499 2496 2455
2454 2500 2501
2502 2501 2500
2503 2504 2505
2506 2507 2508
2504 2507 2509
2510 2511 2512
2513 2512 2514
2515 2513 2516
2484 2483 2517
2517 2483 2518
2519 2520 2521
2522 2455 2523
2524 2456 2523
2455 2501 2525
2502 2526 2525
2501 2505 2527
2528 2506 2506
2528 2529 2458
2458 2529 2459
2459 2529 2530
2460 2527 2531
2532 2528 2532
2533 2529 2528
2534 2530 2529
2533 2532 2531
2535 2536 2533
2532 2536 2537
2537 2538 2534
2533 2500 2536
2535 2503 2500
2454 2537 2536
2454 2457 2538
2537 2539 2522
2521 2540 2540
2517 2518 2539
2520 2541 2542
2521 2540 2521
2542 2543 2544
2517 2540 2543
2544 2545 2516
2517 2498 2497
2546 2547 2548
2549 2511 2510
2489 2550 2551
2486 2552 2487
2486 2551 2553
2491 2487 2552
2554 2493 2491
2553 2493 2554
2555 2495 2547
2546 2556 2557
2558 2559 2560
2561 2562 2462
2560 2559 2563
2461 2478 2477
2564 2558 2561
2565 2564 2565
2566 2567 2566
2472 2471 2567
2488 2568 2569
2485 2490 2570
2571 2489 2485
2569 2572 2490
2573 2568 2488
2492 2494 2574
2573 2492 2497
2496 2495 2546
2550 2489 2571
2575 2546 2495
2555 2556 2494
2496 2499 2574
2461 2507 2506
2458 2507 2461
2563 2509 2571
2511 2549 2575
2512 2511 2571
2570 2462 2562
2478 2461 2576
2570 2490 2572
2576 2514 2512
2570 2577 2578
2542 2541 2577
2541 2579 2556
2516 2545 2557
2556 2555 2484
2516 2484 2555
2554 2482 2482
2554 2553 2480
2480 2553 2552
2476 2551 2473
2476 2552 2551
2550 2477 2473
2550 2575 2563
2477 2549 2509
2563 2575 2509
2549 2548 2508
2483 2471 2469
2518 2539 2518
2469 2468 2463
2522 2539 2468
2466 2519 2522
2463 2562 2559
2474 2478 2558
2475 2474 2559
2479 2475 2558
2564 2564 2567
2481 2479 2567
2471 2483 2481
2580 2581 2520
2519 2465 2582
2583 2466 2466
2583 2580 2519
2584 2583 2582
2585 2586 2580
2583 2584 2585
2582 2587 2588
2589 2590 2591
2592 2593 2594
2590 2589 2595
2594 2593 2596
2597 2598 2595
2596 2599 2600
2598 2597 2600
2599 2601 2602
2603 2604 2602
2601 2605 2604
2603 2606 2606
2607 2608 2605
2609 2610 2608
2607 2610 2609
2611 2612 2613
2612 2611 2614
2615 2616 2613
2614 2616 2615
2617 2618 2619
2618 2617 2620
2621 2622 2619
2620 2592 2623
2624 2589 2589
2624 2625 2593
2593 2625 2626
2596 2627 2597
2596 2626 2597
2627 2628 2599
2599 2628 2629
2601 2629 2630
2603 2601 2631
2606 2603 2630
2632 2607 2606
2631 2633 2609
2607 2632 2634
2611 2609 2633
2634 2635 2614
2611 2615 2614
2635 2636 2615
2636 2637 2617
2638 2620 2617
2637 2621 2620
2638 2639 2456
2524 2640 2641
2560 2642 2643
2561 2642 2560
2462 2644 2565
2561 2643 2645
2646 2566 2565
2645 2472 2566
2646 2647 2648
2649 2465 2464
2650 2467 2470
2651 2467 2650
2648 2464 2652
2644 2462 2460
2470 2472 2647
2651 2653 2457
2456 2641 2652
2460 2530 2654
2654 2530 2534
2655 2534 2538
2656 2655 2653
2656 2538 2457
2640 2657 2658
2641 2652 2659
2660 2644 2653
2641 2658 2661
2652 2654 2662
2659 2662 2654
2655 2663 2655
2656 2664 2663
2664 2656 2653
2661 2642 2665
2666 2643 2644
2667 2665 2642
2643 2666 2668
2645 2668 2669
2646 2645 2669
2670 2647 2646
2671 2672 2649
2648 2651 2673
2674 2650 2650
2674 2671 2648
2651 2647 2670
2673 2660 2675
2667 2644 2676
2677 2666 2665
2667 2678 2676
2665 2666 2677
2679 2668 2680
2669 2668 2679
2681 2670 2669
2680 2682 2683
2672 2671 2684
2674 2673 2685
2674 2684 2682
2671 2673 2670
2681 2685 2678
2667 2675 2686
2687 2677 2676
2688 2688 2676
2678 2689 2690
2679 2677 2687
2680 2679 2690
2691 2692 2681
2680 2691 2682
2693 2694 2683
2684 2685 2695
2696 2684 2696
2693 2682 2681
2692 2695 2685
2678 2686 2697
2689 2582 2465
2672 2698 2672
2465 2649 2699
2587 2582 2698
2699 2698 2672
2683 2700 2701
2515 2514 2702
2700 2514 2576
2576 2572 2703
2702 2569 2704
2703 2572 2704
2569 2568 2705
2706 2573 2707
2708 2708 2709
2706 2705 2568
2706 2710 2573
2706 2568 2711
2707 2573 2574
2499 2712 2711
2574 2498 2713
2712 2499 2498
2547 2714 2713
2547 2557 2715
2714 2545 2716
2715 2557 2716
2545 2544 2717
2543 2718 2717
2544 2542 2578
2719 2718 2542
2718 2543 2720
2721 2639 2638
2637 2722 2720
2638 2723 2722
2637 2636 2635
2724 2723 2636
2724 2635 2634
2725 2725 2634
2633 2726 2726
2633 2632 2727
2632 2631 2728
2727 2630 2729
2728 2631 2730
2729 2630 2629
2629 2628 2731
2730 2731 2628
2627 2732 2627
2626 2733 2732
2625 2734 2733
2626 2734 2625
2624 2735 2623
2736 2735 2624
2720 2719 2737
2721 2722 2718
2719 2720 2723
2717 2718 2722
2724 2716 2717
2723 2716 2724
2725 2715 2726
2714 2715 2725
2714 2726 2727
2713 2713 2727
2728 2712 2712
2728 2729 2711
2730 2707 2711
2729 2730 2731
2708 2707 2731
2732 2738 2708
2733 2739 2738
2732 2740 2739
2733 2734 2741
2740 2734 2735
2742 2741 2735
2736 2743 2744
2745 2746 2745
2747 2748 2746
2748 2747 2749
2750 2751 2752
2750 2749 2710
2753 2704 2705
2754 2741 2742
2755 2741 2754
2756 2740 2756
2757 2739 2740
2758 2738 2739
2757 2738 2758
2709 2708 2759
2701 2700 2760
2755 2761 2762
2754 2760 2700
2702 2763 2756
2754 2762 2764
2765 2763 2702
2703 2766 2757
2756 2764 2703
2704 2767 2765
2704 2753 2768
2767 2758 2757
2766 2769 2761
2770 2771 2762
2764 2762 2771
2772 2764 2772
2773 2766 2769
2766 2773 2774
2752 2751 2767
2768 2767 2751
2749 2765 2747
2763 2765 2749
2760 2763 2747
2745 2760 2745
2744 2759 2775
2776 2777 2778
2779 2776 2775
2780 2779 2780
2781 2782 2781
2783 2784 2782
2785 2784 2783
2786 2786 2787
2788 2785 2789
2788 2787 2790
2791 2792 2793
2794 2795 2791
2794 2796 2797
2795 2796 2798
2798 2799 2800
2797 2801 2800
2799 2802 2803
2802 2804 2805
2802 2803 2801
2806 2807 2805
2804 2807 2806
2808 2809 2809
2808 2810 2811
2810 2812 2813
2811 2814 2813
2812 2815 2815
2816 2817 2814
2818 2819 2817
2816 2819 2818
2820 2821 2821
2820 2822 2823
2824 2526 2502
2825 2503 2826
2825 2502 2503
2535 2827 2826
2535 2531 2828
2827 2527 2829
2828 2531 2829
2527 2505 2830
2504 2831 2830
2505 2508 2832
2831 2504 2508
2548 2833 2832
2834 2833 2548
2510 2510 2513
2835 2834 2515
2836 2835 2513
2701 2837 2836
2515 2701 2759
2838 2837 2838
2759 2744 2839
2743 2840 2839
2744 2841 2842
2770 2761 2755
2843 2841 2761
2843 2755 2742
2844 2845 2844
2742 2736 2736
2623 2846 2845
2623 2592 2847
2846 2848 2847
2592 2591 2847
2848 2777 2776
2776 2779 2846
2847 2782 2845
2846 2779 2845
2782 2784 2844
2784 2785 2843
2844 2841 2843
2785 2788 2789
2842 2841 2788
2791 2839 2840
2792 2839 2791
2795 2838 2795
2797 2837 2838
2800 2836 2837
2797 2836 2800
2801 2835 2834
2835 2801 2803
2805 2833 2834
2803 2833 2805
2807 2832 2807
2809 2831 2832
2831 2809 2811
2830 2811 2813
2829 2830 2829
2813 2814 2828
2814 2817 2827
2828 2826 2827
2817 2819 2825
2826 2819 2821
2825 2821 2823
2824 2849 2775
2778 2850 2851
2812 2852 2853
2815 2812 2851
2854 2798 2796
2855 2856 2857
2810 2806 2808
2806 2810 2852
2812 2857 2858
2810 2857 2812
2858 2798 2854
2798 2858 2856
2799 2857 2856
2858 2802 2799
2806 2804 2856
2806 2799 2855
2796 2794 2793
2758 2859 2706
2709 2758 2769
2860 2859 2774
2861 2860 2769
2862 2861 2774
2773 2773 2772
2863 2862 2771
2864 2863 2772
2864 2771 2770
2865 2865 2770
2842 2866 2789
2867 2866 2842
2789 2790 2868
2867 2869 2868
2790 2787 2870
2869 2787 2786
2706 2859 2753
2710 2753 2859
2860 2768 2860
2861 2752 2768
2862 2750 2752
2861 2748 2750
2862 2863 2746
2748 2863 2864
2865 2743 2746
2864 2865 2866
2840 2743 2866
2867 2792 2840
2867 2868 2793
2792 2793 2868
2869 2855 2870
2854 2855 2869
2852 2858 2854
2853 2870 2853
2854 2775 2871
2781 2780 2781
2871 2786 2783
2786 2871 2853
2870 2775 2851
2853 2871 2851
2775 2849 2579
2541 2520 2872
2873 2579 2872
2622 2621 2874
2875 2621 2639
2876 2874 2639
2721 2877 2876
2721 2737 2878
2877 2872 2520
2581 2879 2876
2880 2875 2874
2880 2876 2877
2881 2881 2877
2878 2882 2883
2884 2885 2886
2887 2888 2889
2890 2888 2891
2892 2889 2893
2894 2895 2896
2889 2892 2897
2898 2889 2898
2899 2890 2900
2901 2902 2886
2903 2895 2894
2904 2905 2904
2894 2906 2907
2908 2909 2910
2885 2884 2872
2911 2879 2911
2872 2885 2911
2912 2896 2893
2896 2912 2913
2914 2584 2585
2915 2586 2584
2914 2916 2585
2588 2915 2580
2586 2879 2581
2917 2907 2910
2918 2910 2900
2896 2918 2918
2896 2895 2895
2903 2917 2918
2919 2878 2737
2920 2579 2873
2921 2577 2922
2923 2883 2886
2902 2924 2922
2886 2879 2586
2916 2885 2896
2900 2886 2887
2882 2878 2888
2888 2878 2919
2891 2921 2873
2883 2923 2872
2884 2883 2873
2919 2920 2577
2921 2921 2923
2891 2919 2922
2892 2891 2923
2924 2897 2892
2922 2737 2719
2578 2577 2737
2577 2920 2897
2925 2926 2898
2898 2926 2927
2899 2924 2902
2928 2929 2925
2897 2924 2929
2901 2930 2931
2902 2894 2893
2932 2906 2903
2904 2933 2934
2935 2936 2937
2938 2904 2905
2939 2933 2940
2941 2908 2907
2942 2917 2903
2934 2942 2940
2907 2917 2909
2908 2941 2928
2902 2931 2937
2936 2906 2932
2936 2935 2905
2906 2939 2905
2935 2938 2909
2901 2900 2910
2901 2909 2941
2930 2943 2944
2945 2946 2947
2948 2949 2950
2951 2952 2953
2954 2955 2954
2953 2956 2955
2956 2957 2958
2959 2958 2957
2960 2961 2962
2963 2964 2960
2961 2964 2959
2962 2948 2947
2963 2965 2966
2967 2968 2969
2970 2965 2968
2971 2972 2970
2969 2973 2974
2972 2971 2975
2976 2974 2977
2977 2974 2973
2978 2979 2955
2958 2980 2955
2979 2981 2954
2981 2982 2951
2954 2982 2983
2984 2951 2985
2986 2987 2988
2989 2990 2991
2992 2993 2994
2995 2996 2997
2998 2999 3000
3001 3002 2993
2996 3003 2997
3000 3004 3005
3006 2967 2966
2988 3007 3008
2985 3007 3009
3010 3008 3002
3001 2991 2990
3003 3004 2987
2986 3011 3012
3006 3005 3011
3005 3013 3014
3015 3013 3005
2966 3015 2966
2965 3016 2970
3017 3016 2965
2972 3018 3017
2970 2974 3019
3018 2972 3020
3019 2974 2976
3021 3022 3023
3014 3021 3014
3013 3024 3021
3013 3015 3025
3024 3015 3016
3017 3026 3025
3016 3018 3027
3026 3017 3019
3028 3027 3018
3020 3029 3028
3019 3030 3022
3021 3024 3030
3024 3025 3031
3026 3032 3031
3025 3027 3033
3032 3026 3028
3034 3033 3027
3029 3035 3034
3028 2963 3036
3037 2964 3038
3036 3039 2944
3040 3041 3042
3043 2977 2978
3044 3045 3046
3020 2976 3047
3029 3020 3046
3035 3035 3046
3048 3049 2959
2964 3037 3050
3051 3052 3053
3054 3055 3056
3057 3055 3058
3059 3056 3009
2967 3006 3010
2969 2968 2983
2982 2981 2971
2969 2982 2971
2981 2979 2973
2973 2979 2980
2978 3060 3061
3062 3038 2944
2943 3060 3038
3061 3050 3053
3062 3044 3049
3037 2980 3049
3044 2978 2944
3039 3063 2945
3038 3062 3037
3036 3053 3044
3037 3062 3052
3045 3044 3053
3046 3047 3057
3056 3056 3059
3048 3046 3064
3039 2947 2950
3039 3036 2963
2947 2975 3065
3047 2976 3057
3047 3065 3066
3067 3051 3050
3054 3057 3066
3067 3054 2991
3068 3069 2992
3070 2996 2995
3071 3070 3072
3001 2996 3072
3068 2991 3001
3073 3074 3075
3076 3077 3069
3078 3079 3080
3081 3077 3079
3080 3082 3083
3081 3084 3083
3082 3085 3086
3087 3084 3085
3088 3089 3090
3091 3090 3087
3086 3091 3088
3076 3075 3089
3068 3092 3078
3069 3072 3093
3092 3068 3070
3094 3093 3072
3070 3071 3095
3094 3096 2952
2951 2984 3097
3096 2984 3098
3099 3011 3014
3100 3011 3099
3101 3012 3101
3102 3006 3012
2985 3008 3103
3104 3014 3023
3105 3100 3102
3106 3010 3006
3107 2998 2997
3108 3109 3108
2997 3003 3110
3109 3003 2986
2985 3104 3110
2986 3106 3103
3008 3010 3099
3100 3111 3112
3101 3099 3112
3113 3113 3114
3102 3101 3115
3104 3103 3116
3105 3117 3111
3100 3114 3118
3106 3102 3119
3120 3107 3108
3119 3108 3109
3121 3110 3122
3121 3109 3110
3104 3115 3122
3103 3106 3118
3116 3064 3063
3039 3123 3067
3066 3124 3125
3126 3065 2975
3066 3065 3126
3124 3052 3051
3127 3128 3129
3045 3052 3128
2977 3045 3129
3130 3067 3123
3127 3051 3130
3125 2975 2977
3131 3132 2980
2958 2980 3132
3133 3049 3134
2959 3049 3133
2958 2959 3134
3131 3132 3131
3135 3136 3133
3132 3136 3137
3133 3137 3138
3134 3138 3135
3131 3134 3040
3043 3136 3135
3137 3136 3043
3042 3042 3041
3138 3137 3040
3135 3138 3041
3139 3140 3141
3142 3143 3007
3098 3144 3144
3098 2984 3143
3145 2967 3009
3143 3009 3007
3146 2968 2967
3145 3146 3144
2983 2968 2983
3144 2984 3143
3144 3147 3148
3145 3143 3148
3149 3145 3149
3150 3146 3147
3144 3146 3150
3140 3148 3147
3141 3139 3149
3148 3140 3149
3139 3142 3150
3142 3141 3147
3150 3151 3075
3074 3152 3075
3151 3153 3089
3089 3153 3154
3090 3087 3090
3154 3155 3155
3156 3084 3087
3084 3156 3157
3083 3157 3158
3081 3083 3081
3158 3159 3077
3077 3159 3160
3069 2992 3069
3160 3000 2999
3161 3162 3004
3000 3162 3163
2987 3004 3163
3164 3165 2988
2987 3164 3098
3007 2988 3166
2989 2992 3160
3098 2988 3165
3097 3151 3152
2949 2948 3151
2948 2962 3153
2962 2961 3154
3153 3155 3154
2961 2960 3156
3155 2960 2957
3156 2957 2956
3157 3157 2956
2953 3158 2953
2952 3159 3158
3160 3159 2952
3096 3096 3097
3166 3160 2989
3166 3097 3165
3165 3164 2990
2989 3164 3163
3002 2990 3163
3162 2993 3002
2993 3162 3161
2994 3167 3168
3169 3170 3167
3171 3172 3168
3173 3172 3171
3174 3175 3176
3177 3178 3179
3180 3176 3175
3181 3180 3179
3182 3183 3181
3182 3184 3185
3186 3187 3188
3170 3189 3190
3167 3190 3191
3171 3167 3171
3191 3192 3174
3193 3194 3175
3178 3195 3179
3175 3194 3196
3182 3179 3195
3182 3196 3197
3184 3185 3198
3199 3186 3200
3201 3202 3203
3201 3200 3204
3205 3205 3204
3206 3207 3208
3209 3210 3211
3211 3210 3212
3213 3214 3213
3212 3215 3216
3217 3214 3215
3218 3219 3220
3221 3222 3223
3168 3172 3222
3172 3173 3224
3209 3225 3226
3210 3212 3210
3226 3227 3228
3229 3181 3183
3187 3230 3231
3188 3232 3233
3168 3223 3234
3200 3203 3235
3236 3237 3169
3238 3168 3233
3238 3169 3215
3212 3239 3240
3227 3241 3239
3212 3181 3242
3243 3180 3242
3181 3229 3244
3245 3246 3240
3239 3239 3241
3247 3245 3242
3248 3249 3243
3250 3248 3242
3244 3232 3251
3252 3233 3253
3238 3233 3252
3238 3253 3254
3236 3255 3234
3235 3256 3257
3258 3208 3211
3213 3259 3257
3211 3260 3259
3213 3214 3261
3260 3214 3217
3258 3257 3194
3193 3195 3194
3257 3259 3195
3259 3260 3196
3260 3261 3197
3196 3220 3262
3263 3221 3264
3202 3201 3265
3266 3265 3201
3205 3267 3266
3205 3207 3263
3262 3199 3198
3190 3189 3264
3265 3190 3265
3266 3191 3267
3192 3191 3266
3176 3268 3269
3177 3180 3270
3268 3176 3270
3180 3243 3271
3243 3249 3272
3271 3269 3268
3226 3225 3226
3268 3270 3227
3271 3241 3227
3270 3272 3247
3241 3271 3224
3273 3274 3222
3275 3223 3222
3274 3232 3223
3275 3276 3276
3277 3251 3232
3204 3274 3273
3206 3274 3204
3200 3275 3275
3200 3234 3276
3255 3277 3276
3234 3278 3279
3256 3235 3203
3280 3278 3235
3219 3218 3281
3282 3278 3236
3254 3279 3237
3236 3278 3280
3281 3231 3230
3282 3283 3216
3215 3284 3240
3285 3284 3215
3286 3285 3240
3246 3283 3284
3229 3228 3244
3229 3284 3285
3286 3250 3244
3285 3221 3263
3281 3218 3263
3198 3231 3281
3198 3185 3188
3231 3287 3288
3289 3290 3291
3292 3289 3288
3293 3292 3291
3294 3208 3258
3225 3209 3225
3258 3193 3269
3177 3269 3193
3178 3192 3224
3173 3174 3273
3224 3192 3267
3267 3207 3206
3273 3183 3294
3291 3228 3283
3228 3291 3288
3287 3216 3283
3288 3217 3216
3287 3290 3290
3289 3261 3217
3289 3292 3197
3261 3197 3292
3293 3184 3184
3293 3294 3183
3187 3169 3237
3230 3237 3280
3282 3230 3282
3280 3203 3219
3203 3202 3220
3219 3264 3262
3220 3202 3199
3262 3264 3189
3189 3170 3186
3199 3186 3170
3169 3187 3295
3296 3297 3298
3297 3299 3300
3298 3301 3300
3299 3302 3303
3304 3305 3306
3305 3307 3308
3306 3309 3308
3307 3310 3311
3309 3310 3312
3313 3314 3315
3316 3298 3317
3318 3295 3300
3319 3317 3298
3301 3320 3319
3300 3321 3322
3303 3306 3323
3321 3306 3308
3308 3309 3324
3323 3311 3325
3324 3309 3315
3326 3327 3316
3328 3329 3330
3331 3332 3333
3330 3329 3333
3332 3334 3335
3336 3337 3338
3339 3336 3339
3340 3341 3341
3340 3342 3343
3342 3344 3345
3343 3346 3347
3348 3349 3350
3351 3299 3297
3302 3299 3351
3352 3353 3337
3336 3354 3354
3336 3341 3355
3310 3356 3357
3312 3313 3358
3359 3314 3350
3297 3360 3361
3362 3331 3330
3363 3364 3296
3365 3366 3296
3364 3360 3297
3343 3367 3368
3341 3369 3355
3341 3368 3307
3370 3371 3310
3372 3356 3310
3371 3373 3374
3368 3367 3368
3374 3375 3369
3376 3371 3370
3377 3378 3372
3371 3376 3360
3379 3380 3361
3379 3360 3364
3381 3382 3381
3364 3366 3383
3362 3363 3384
3338 3385 3386
3339 3339 3386
3387 3340 3342
3340 3387 3388
3342 3388 3389
3344 3386 3385
3322 3321 3386
3321 3323 3387
3324 3388 3387
3323 3325 3389
3388 3324 3346
3390 3391 3347
3392 3329 3328
3393 3332 3329
3392 3394 3332
3394 3395 3334
3391 3390 3327
3326 3318 3317
3392 3393 3392
3317 3319 3394
3394 3319 3320
3395 3304 3396
3397 3305 3305
3397 3398 3307
3399 3370 3307
3398 3400 3377
3370 3399 3397
3396 3353 3354
3355 3398 3397
3354 3398 3355
3369 3399 3400
3399 3369 3375
3401 3352 3351
3402 3402 3351
3350 3403 3361
3404 3403 3350
3404 3361 3380
3405 3333 3335
3401 3402 3330
3333 3402 3403
3404 3363 3330
3403 3384 3363
3404 3405 3406
3362 3383 3407
3331 3362 3406
3408 3348 3409
3410 3349 3382
3366 3406 3407
3406 3366 3365
3408 3409 3359
3358 3410 3411
3412 3343 3345
3413 3367 3343
3412 3373 3367
3413 3414 3412
3411 3357 3356
3412 3356 3372
3413 3413 3372
3378 3414 3346
3349 3410 3390
3327 3390 3410
3358 3358 3313
3316 3327 3415
3416 3417 3418
3416 3415 3419
3420 3420 3419
3421 3422 3353
3385 3338 3337
3322 3385 3353
3396 3304 3303
3322 3396 3320
3301 3302 3352
3395 3320 3352
3401 3334 3395
3401 3335 3420
3422 3312 3357
3420 3357 3411
3416 3416 3411
3345 3417 3418
3417 3345 3344
3418 3344 3389
3415 3419 3415
3389 3325 3311
3421 3419 3325
3312 3422 3421
3311 3314 3359
3365 3296 3359
3409 3408 3365
3331 3408 3409
3348 3347 3328
3331 3348 3393
3328 3347 3391
3326 3318 3393
3391 3315 3295
3318 3326 3315
3314 3296 3295
3423 3424 3425
3426 3427 3428
3429 3430 3431
3432 3433 3434
3435 3436 3437
3438 3439 3440
3441 3442 3443
3425 3424 3444
3445 3446 3447
3448 3449 3450
3451 3452 3453
3454 3455 3456
3457 3458 3459
3460 3461 3462
3463 3464 3465
3448 3447 3466
3467 3426 3425
3468 3428 3469
3470 3429 3471
3472 3431 3434
3437 3473 3474
3438 3475 3440
3439 3476 3443
3477 3468 3425
3478 3479 3480
3481 3482 3483
3484 3485 3486
3487 3488 3489
3490 3491 3492
3493 3494 3495
3496 3497 3498
3480 3479 3499
3500 3501 3499
3479 3478 3502
3500 3479 3485
3503 3504 3482
3486 3505 3506
3487 3507 3491
3490 3508 3496
3509 3510 3497
3469 3504 3503
3470 3471 3506
3505 3472 3507
3508 3474 3473
3510 3509 3475
3476 3468 3477
3501 3500 3468
3500 3502 3467
3511 3512 3513
3514 3513 3515
3516 3514 3516
3515 3517 3518
3518 3517 3519
3520 3521 3520
3519 3522 3523
3524 3525 3526
3514 3490 3493
3511 3508 3490
3514 3516 3516
3518 3474 3508
3518 3520 3438
3474 3438 3520
3521 3435 3460
3526 3525 3457
3527 3528 3483
3482 3527 3482
3504 3529 3529
3504 3469 3530
3531 3530 3469
3428 3531 3428
3427 3532 3450
3533 3534 3451
3528 3527 3478
3481 3529 3502
3478 3527 3530
3467 3502 3529
3531 3426 3467
3530 3423 3426
3531 3532 3533
3446 3445 3534
3535 3536 3537
3538 3539 3538
3537 3540 3539
3540 3541 3542
3541 3543 3544
3542 3545 3544
3543 3546 3547
3548 3549 3550
3551 3552 3553
3554 3555 3556
3557 3558 3559
3555 3558 3560
3559 3560 3561
3562 3563 3564
3562 3561 3565
3566 3564 3563
3496 3495 3567
3568 3569 3509
3496 3568 3509
3569 3570 3475
3570 3571 3440
3475 3571 3572
3441 3440 3573
3574 3461 3464
3453 3575 3576
3454 3577 3578
3434 3433 3578
3579 3471 3434
3579 3580 3506
3471 3487 3506
3580 3581 3581
3582 3488 3487
3583 3584 3464
3463 3526 3585
3586 3523 3460
3587 3585 3526
3587 3460 3459
3588 3454 3589
3590 3455 3576
3591 3589 3454
3549 3592 3593
3550 3594 3452
3451 3595 3596
3595 3451 3534
3445 3597 3596
3534 3448 3598
3597 3445 3465
3599 3598 3448
3600 3554 3553
3601 3464 3584
3602 3573 3603
3604 3602 3584
3603 3584 3583
3605 3606 3607
3586 3585 3587
3608 3606 3585
3588 3609 3608
3587 3610 3611
3590 3589 3610
3589 3591 3612
3613 3593 3592
3614 3615 3594
3595 3616 3616
3595 3596 3617
3617 3596 3597
3618 3619 3618
3597 3598 3619
3598 3599 3620
3601 3621 3622
3600 3492 3491
3623 3624 3625
3623 3491 3507
3625 3507 3473
3626 3627 3626
3473 3437 3627
3437 3436 3628
3629 3609 3588
3630 3630 3588
3459 3631 3631
3459 3458 3632
3633 3524 3523
3634 3523 3586
3635 3634 3586
3607 3636 3635
3522 3519 3637
3638 3517 3639
3637 3519 3639
3517 3515 3640
3513 3641 3640
3515 3641 3513
3512 3642 3486
3489 3624 3623
3486 3623 3625
3505 3626 3472
3505 3625 3472
3626 3627 3431
3628 3432 3431
3627 3643 3644
3645 3646 3630
3631 3455 3590
3456 3455 3631
3632 3463 3462
3633 3634 3635
3583 3463 3634
3647 3648 3649
3650 3637 3439
3442 3638 3639
3476 3439 3637
3476 3639 3640
3510 3497 3510
3640 3641 3642
3494 3497 3641
3535 3538 3651
3652 3539 3653
3651 3538 3654
3653 3539 3542
3544 3655 3654
3542 3655 3544
3545 3656 3614
3592 3657 3658
3657 3592 3549
3659 3659 3549
3548 3660 3551
3554 3661 3662
3661 3554 3600
3663 3663 3600
3622 3664 3555
3665 3666 3556
3555 3559 3667
3665 3668 3667
3559 3562 3669
3668 3562 3564
3670 3669 3564
3566 3485 3484
3652 3651 3653
3503 3485 3651
3470 3503 3653
3654 3655 3429
3470 3654 3430
3429 3655 3656
3671 3672 3673
3674 3594 3657
3659 3452 3452
3659 3660 3449
3661 3465 3466
3662 3663 3599
3465 3661 3675
3676 3677 3678
3444 3666 3665
3443 3477 3443
3665 3667 3668
3501 3477 3667
3501 3668 3669
3499 3669 3670
3498 3499 3590
3611 3679 3680
3681 3432 3628
3682 3630 3683
3684 3629 3683
3630 3590 3680
3685 3638 3442
3686 3687 3605
3583 3688 3583
3635 3689 3688
3689 3635 3636
3690 3691 3594
3615 3692 3693
3430 3656 3694
3657 3695 3696
3658 3695 3657
3594 3691 3666
3444 3697 3698
3699 3620 3599
3700 3599 3663
3701 3700 3701
3663 3664 3702
3679 3703 3704
3680 3705 3681
3682 3706 3683
3707 3708 3684
3680 3704 3707
3683 3709 3710
3685 3686 3711
3687 3688 3712
3689 3713 3712
3688 3714 3713
3689 3690 3715
3691 3692 3716
3694 3717 3718
3693 3719 3696
3695 3720 3715
3720 3695 3691
3721 3722 3698
3697 3700 3723
3724 3699 3700
3701 3725 3723
3702 3726 3725
3701 3703 3643
3646 3704 3727
3728 3705 3706
3707 3645 3644
3708 3707 3704
3646 3645 3710
3709 3729 3730
3712 3649 3648
3711 3649 3712
3713 3650 3713
3714 3647 3650
3672 3671 3715
3716 3717 3731
3732 3718 3673
3719 3720 3674
3671 3674 3720
3715 3721 3733
3734 3722 3723
3677 3676 3724
3677 3723 3725
3678 3725 3726
3675 3678 3735
3714 3690 3736
3737 3647 3714
3735 3647 3737
3738 3648 3739
3711 3648 3738
3740 3687 3711
3739 3741 3605
3687 3740 3605
3741 3742 3603
3604 3603 3742
3743 3744 3622
3621 3745 3744
3746 3664 3622
3746 3747 3702
3664 3748 3726
3702 3747 3749
3675 3726 3748
3675 3749 3750
3676 3751 3724
3676 3750 3752
3699 3724 3751
3620 3699 3752
3753 3619 3620
3753 3754 3755
3618 3619 3754
3617 3618 3755
3756 3757 3616
3617 3756 3757
3758 3615 3616
3692 3615 3758
3759 3759 3760
3716 3692 3760
3761 3672 3716
3761 3762 3673
3672 3763 3719
3673 3762 3763
3764 3696 3719
3765 3658 3696
3764 3766 3614
3658 3765 3614
3766 3767 3613
3768 3610 3612
3769 3770 3611
3610 3768 3611
3770 3771 3679
3703 3679 3771
3772 3703 3772
3773 3643 3643
3773 3774 3644
3644 3774 3775
3708 3684 3708
3775 3776 3776
3777 3629 3684
3778 3609 3629
3777 3609 3778
3779 3608 3779
3780 3606 3608
3606 3780 3781
3607 3636 3607
3781 3782 3782
3736 3690 3636
3736 3685 3710
3735 3735 3710
3730 3737 3730
3729 3738 3737
3739 3738 3729
3709 3739 3709
3686 3740 3740
3686 3442 3741
3441 3742 3741
3442 3742 3441
3572 3743 3745
3557 3556 3744
3746 3744 3556
3666 3698 3747
3746 3666 3748
3747 3698 3722
3748 3722 3734
3749 3749 3734
3733 3750 3750
3733 3721 3751
3751 3721 3697
3752 3752 3697
3444 3753 3754
3753 3444 3424
3754 3424 3423
3755 3532 3756
3755 3423 3532
3427 3757 3756
3430 3758 3757
3427 3758 3430
3693 3759 3693
3718 3760 3759
3732 3761 3760
3718 3761 3732
3731 3762 3762
3731 3717 3763
3694 3764 3763
3717 3694 3656
3765 3764 3766
3765 3656 3545
3766 3545 3546
3767 3577 3433
3768 3769 3433
3432 3770 3768
3770 3432 3681
3771 3705 3772
3771 3681 3728
3773 3772 3705
3773 3728 3727
3774 3774 3727
3706 3775 3775
3706 3682 3776
3682 3628 3777
3776 3777 3628
3436 3778 3435
3779 3778 3436
3435 3521 3780
3779 3522 3781
3780 3521 3781
3522 3638 3782
3782 3638 3685
3736 3783 3784
3785 3786 3785
3787 3788 3786
3789 3790 3788
3787 3791 3792
3793 3794 3793
3795 3796 3794
3797 3798 3796
3795 3799 3800
3801 3802 3803
3804 3802 3801
3805 3806 3807
3808 3809 3808
3807 3810 3784
3783 3811 3812
3791 3813 3814
3792 3815 3816
3817 3818 3811
3815 3818 3812
3819 3820 3821
3822 3819 3814
3813 3820 3799
3823 3824 3800
3825 3806 3805
3826 3826 3798
3797 3825 3823
3790 3789 3824
3786 3543 3541
3783 3785 3784
3579 3578 3785
3578 3577 3787
3786 3788 3546
3543 3789 3787
3577 3769 3767
3546 3788 3790
3570 3791 3794
3571 3793 3792
3560 3558 3793
3558 3557 3795
3796 3572 3571
3794 3797 3795
3557 3745 3743
3572 3796 3798
3802 3550 3593
3799 3800 3591
3576 3801 3576
3575 3803 3801
3547 3550 3802
3804 3805 3808
3573 3602 3601
3553 3807 3806
3552 3810 3807
3553 3808 3809
3574 3573 3540
3811 3783 3541
3579 3784 3812
3580 3791 3570
3569 3813 3560
3792 3814 3561
3815 3537 3536
3816 3818 3817
3582 3581 3581
3580 3812 3818
3537 3815 3811
3540 3567 3821
3820 3568 3563
3819 3822 3565
3819 3563 3561
3814 3820 3813
3569 3568 3593
3613 3823 3799
3824 3612 3591
3800 3805 3602
3604 3826 3825
3621 3601 3806
3745 3621 3825
3797 3743 3798
3826 3604 3769
3612 3824 3789
3823 3613 3767
3790 3457 3827
3828 3458 3457
3525 3829 3827
3830 3829 3525
3524 3831 3466
3447 3832 3450
3449 3833 3834
3453 3456 3835
3836 3462 3461
3837 3838 3447
3446 3839 3832
3446 3533 3840
3839 3840 3533
3450 3834 3552
3551 3841 3842
3843 3548 3547
3844 3575 3453
3836 3845 3846
3837 3461 3574
3847 3632 3458
3828 3830 3524
3633 3848 3835
3456 3632 3847
3848 3633 3462
3838 3849 3841
3551 3662 3548
3843 3850 3660
3849 3662 3466
3831 3449 3660
3850 3833 3804
3803 3851 3852
3853 3809 3810
3854 3809 3853
3846 3574 3803
3575 3845 3851
3844 3547 3804
3852 3810 3552
3842 3854 3828
3827 3855 3856
3829 3857 3855
3827 3857 3829
3830 3858 3831
3832 3859 3860
3833 3861 3862
3834 3836 3835
3863 3864 3837
3865 3866 3838
3867 3859 3832
3839 3839 3840
3868 3867 3868
3840 3834 3862
3841 3869 3870
3842 3871 3872
3843 3844 3836
3864 3873 3845
3837 3846 3874
3865 3847 3828
3856 3875 3830
3848 3876 3858
3875 3863 3835
3847 3838 3866
3876 3848 3869
3841 3849 3877
3872 3878 3850
3843 3831 3860
3877 3849 3878
3861 3833 3850
3853 3854 3879
3880 3871 3844
3852 3881 3845
3873 3882 3851
3881 3852 3851
3882 3853 3880
3874 3846 3854
3842 3870 3879
3883 3884 3885
3886 3887 3888
3889 3890 3890
3889 3891 3892
3891 3893 3894
3892 3895 3896
3897 3898 3898
3897 3885 3884
3887 3896 3895
3888 3885 3899
3900 3886 3901
3887 3890 3902
3903 3902 3890
3892 3903 3892
3894 3904 3905
3897 3896 3906
3899 3885 3897
3905 3896 3887
3901 3906 3904
3907 3908 3903
3903 3908 3909
3902 3902 3909
3910 3901 3906
3901 3910 3911
3906 3911 3912
3905 3905 3912
3913 3899 3899
3913 3914 3900
3915 3908 3907
3916 3909 3908
3915 3917 3917
3918 3910 3909
3919 3911 3910
3918 3912 3911
3919 3920 3920
3921 3913 3912
3913 3921 3922
3914 3923 3924
3925 3926 3927
3928 3929 3930
3930 3929 3931
3932 3933 3932
3931 3934 3935
3936 3937 3938
3923 3926 3938
3937 3927 3936
3935 3928 3925
3939 3940 3926
3941 3942 3929
3928 3943 3931
3929 3942 3944
3934 3931 3943
3938 3945 3946
3935 3938 3926
3940 3945 3928
3935 3946 3941
3947 3948 3944
3943 3942 3949
3947 3943 3949
3942 3941 3950
3951 3950 3941
3946 3945 3952
3951 3946 3945
3940 3953 3952
3939 3954 3953
3940 3955 3948
3947 3956 3956
3947 3949 3957
3957 3949 3950
3958 3959 3958
3950 3951 3952
3960 3959 3951
3960 3952 3953
3961 3953 3954
3962 3961 3963
3964 3965 3966
3964 3967 3968
3965 3969 3968
3967 3970 3971
3969 3970 3972
3973 3974 3971
3972 3975 3974
3973 3976 3975
3976 3977 3978
3979 3978 3977
3980 3980 3981
3982 3979 3983
3982 3981 3984
3984 3985 3986
3983 3987 3986
3985 3988 3988
3989 3990 3987
3991 3992 3990
3989 3993 3994
3992 3991 3994
3993 3995 3996
3995 3997 3998
3996 3999 4000
3998 3997 3999
4001 4002 4000
4002 4001 3963
3966 4003 4004
4005 4006 4007
4005 4004 4008
4009 4010 4007
4008 4009 4011
4012 4010 4011
4013 4014 4012
4013 4015 4016
4014 4016 4015
4017 4018 4019
4020 4018 4017
4019 4021 4022
4020 4021 4023
4024 4022 4025
4024 4023 4026
4027 4028 4025
4026 4027 4029
4030 4028 4031
4030 4029 4032
4032 4033 4034
4031 4035 4036
4034 4033 4037
4036 4035 4038
4038 4039 4040
4037 4039 4041
4042 4040 4041
4003 4006 4042
4043 3964 3963
4044 3964 4043
4045 3967 4046
3970 3967 4045
4047 3972 3970
4046 4048 3973
3972 4047 3976
3973 4048 4049
3976 4049 4050
3977 4051 3980
3977 4050 4052
3981 3980 4051
3981 4052 4053
3984 4054 3985
3984 4053 3985
4054 4055 3988
3989 3988 4055
4056 3989 4056
4057 3991 3993
3991 4057 4058
3993 4058 4059
3995 3995 4059
4060 3997 4061
3999 3997 4060
3999 4061 4062
4001 3963 4001
4062 4044 4044
4063 4064 4043
4045 4043 4064
4065 4046 4045
4065 4066 4046
4066 4067 4047
4048 4047 4067
4068 4049 4048
4068 4069 4070
4050 4049 4069
4070 4071 4051
4050 4052 4051
4071 4072 4072
4073 4053 4052
4054 4053 4073
4074 4055 4054
4074 4075 4076
4056 4055 4075
4056 4076 4077
4057 4058 4057
4077 4078 4059
4058 4078 4079
4059 4079 4080
4060 4080 4081
4061 4060 4081
4082 4062 4061
4063 4044 4062
4082 4083 4084
4085 4086 4087
4088 4085 4084
4089 4088 4087
4090 4091 4092
4089 4090 4093
4092 4091 4094
4095 4096 4093
4094 4097 4096
4095 4098 4099
4097 4098 4100
4100 4101 4102
4099 4102 4101
4103 4104 4104
4103 4105 4106
4107 4108 4106
4105 4108 4107
4109 4110 4110
4109 4111 4112
4112 4111 4113
4114 4115 4116
4114 4113 4117
4116 4115 4118
4118 4119 4120
4117 4121 4120
4119 4122 4083
4086 4121 4122
4005 4123 4124
4006 4005 4007
4125 4123 4010
4126 4125 4007
4126 4010 4012
4127 4127 4012
4014 4128 4016
4129 4128 4014
4129 4016 4018
4130 4130 4018
4020 4131 4022
4132 4131 4020
4022 4024 4133
4132 4025 4134
4133 4024 4134
4025 4028 4135
4028 4030 4136
4135 4030 4031
4137 4136 4034
4138 4137 4031
4138 4034 4036
4139 4140 4139
4036 4037 4037
4040 4141 4140
4142 4141 4040
4042 4142 4042
4006 4124 3974
4143 4144 3971
3971 4144 4145
3969 4145 4146
3968 3969 3968
4146 4147 3965
4148 3966 3965
4147 4149 4002
3966 4148 4150
4000 4002 4149
4150 4151 3998
4000 4151 4152
3996 3998 4153
3994 3996 4152
3994 4153 4154
3992 3992 4154
4155 3990 4156
3987 3990 4155
3986 3987 4156
4157 3986 4157
4158 3983 3983
4158 4159 3982
4160 3979 3982
4159 4160 4161
3978 3979 4162
3975 3978 4161
3975 4162 4143
3974 4147 4086
4085 4148 4134
4084 4083 4133
4149 4148 4085
4088 4087 4084
4134 4135 4088
4089 4150 4149
4135 4136 4090
4087 4151 4150
4089 4092 4136
4137 4091 4090
4092 4093 4152
4151 4138 4094
4091 4137 4153
4152 4093 4096
4138 4139 4095
4094 4154 4153
4096 4097 4098
4095 4139 4140
4099 4155 4154
4097 4141 4100
4098 4140 4155
4099 4102 4156
4100 4141 4142
4101 4104 4157
4156 4102 4101
4142 4124 4103
4104 4106 4158
4157 4103 4124
4123 4105 4106
4108 4159 4158
4105 4123 4125
4107 4159 4108
4110 4160 4126
4109 4107 4125
4160 4110 4112
4161 4126 4127
4111 4109 4161
4112 4114 4162
4128 4113 4111
4127 4162 4114
4116 4143 4113
4128 4129 4115
4116 4117 4144
4143 4118 4115
4129 4130 4144
4117 4120 4145
4119 4118 4130
4131 4146 4145
4120 4121 4131
4132 4122 4119
4147 4146 4121
4086 4133 4083
4122 4132 4163
4164 4165 4166
4164 4167 4168
4165 4169 4168
4167 4170 4171
4169 4170 4172
4173 4174 4171
4172 4175 4174
4173 4176 4175
4176 4177 4178
4179 4178 4177
4180 4180 4181
4182 4179 4183
4182 4181 4184
4184 4185 4186
4183 4187 4186
4185 4188 4188
4189 4190 4187
4191 4192 4190
4189 4193 4194
4192 4191 4194
4193 4195 4196
4195 4197 4198
4196 4199 4200
4198 4197 4199
4201 4202 4200
4202 4201 4163
4166 4203 4204
4205 4206 4207
4205 4204 4208
4209 4210 4207
4208 4209 4211
4212 4210 4211
4213 4214 4212
4213 4215 4216
4214 4216 4215
4217 4218 4219
4220 4218 4217
4219 4221 4222
4220 4221 4223
4224 4222 4225
4224 4223 4226
4227 4228 4225
4226 4227 4229
4230 4228 4231
4230 4229 4232
4232 4233 4234
4231 4235 4236
4234 4233 4237
4236 4235 4238
4238 4239 4240
4237 4239 4241
4242 4240 4241
4203 4206 4242
4243 4164 4163
4244 4164 4243
4245 4167 4246
4170 4167 4245
4247 4172 4170
4246 4248 4173
4172 4247 4176
4173 4248 4249
4176 4249 4250
4177 4251 4180
4177 4250 4252
4181 4180 4251
4181 4252 4253
4184 4254 4185
4184 4253 4185
4254 4255 4188
4189 4188 4255
4256 4189 4256
4257 4191 4193
4191 4257 4258
4193 4258 4259
4195 4195 4259
4260 4197 4261
4199 4197 4260
4199 4261 4262
4201 4163 4201
4262 4244 4244
4263 4264 4243
4245 4243 4264
4265 4246 4245
4265 4266 4246
4266 4267 4247
4248 4247 4267
4268 4249 4248
4268 4269 4270
4250 4249 4269
4270 4271 4251
4250 4252 4251
4271 4272 4272
4273 4253 4252
4254 4253 4273
4274 4255 4254
4274 4275 4276
4256 4255 4275
4256 4276 4277
4257 4258 4257
4277 4278 4259
4258 4278 4279
4259 4279 4280
4260 4280 4281
4261 4260 4281
4282 4262 4261
4263 4244 4262
4282 4283 4284
4285 4286 4287
4288 4285 4284
4289 4288 4287
4290 4291 4292
4289 4290 4293
4292 4291 4294
4295 4296 4293
4294 4297 4296
4295 4298 4299
4297 4298 4300
4300 4301 4302
4299 4302 4301
4303 4304 4304
4303 4305 4306
4307 4308 4306
4305 4308 4307
4309 4310 4310
4309 4311 4312
4312 4311 4313
4314 4315 4316
4314 4313 4317
4316 4315 4318
4318 4319 4320
4317 4321 4320
4319 4322 4283
4286 4321 4322
4205 4323 4324
4206 4205 4207
4325 4323 4210
4326 4325 4207
4326 4210 4212
4327 4327 4212
4214 4328 4216
4329 4328 4214
4329 4216 4218
4330 4330 4218
4220 4331 4222
4332 4331 4220
4222 4224 4333
4332 4225 4334
4333 4224 4334
4225 4228 4335
4228 4230 4336
4335 4230 4231
4337 4336 4234
4338 4337 4231
4338 4234 4236
4339 4340 4339
4236 4237 4237
4240 4341 4340
4342 4341 4240
4242 4342 4242
4206 4324 4174
4343 4344 4171
4171 4344 4345
4169 4345 4346
4168 4169 4168
4346 4347 4165
4348 4166 4165
4347 4349 4202
4166 4348 4350
4200 4202 4349
4350 4351 4198
4200 4351 4352
4196 4198 4353
4194 4196 4352
4194 4353 4354
4192 4192 4354
4355 4190 4356
4187 4190 4355
4186 4187 4356
4357 4186 4357
4358 4183 4183
4358 4359 4182
4360 4179 4182
4359 4360 4361
4178 4179 4362
4175 4178 4361
4175 4362 4343
4174 4347 4286
4285 4348 4334
4284 4283 4333
4349 4348 4285
4288 4287 4284
4334 4335 4288
4289 4350 4349
4335 4336 4290
4287 4351 4350
4289 4292 4336
4337 4291 4290
4292 4293 4352
4351 4338 4294
4291 4337 4353
4352 4293 4296
4338 4339 4295
4294 4354 4353
4296 4297 4298
4295 4339 4340
4299 4355 4354
4297 4341 4300
4298 4340 4355
4299 4302 4356
4300 4341 4342
4301 4304 4357
4356 4302 4301
4342 4324 4303
4304 4306 4358
4357 4303 4324
4323 4305 4306
4308 4359 4358
4305 4323 4325
4307 4359 4308
4310 4360 4326
4309 4307 4325
4360 4310 4312
4361 4326 4327
4311 4309 4361
4312 4314 4362
4328 4313 4311
4327 4362 4314
4316 4343 4313
4328 4329 4315
4316 4317 4344
4343 4318 4315
4329 4330 4344
4317 4320 4345
4319 4318 4330
4331 4346 4345
4320 4321 4331
4332 4322 4319
4347 4346 4321
4286 4333 4283
4322 4332 4363
4364 4365 4366
4364 4367 4368
4365 4369 4368
4367 4370 4371
4369 4370 4372
4373 4374 4371
4372 4375 4374
4373 4376 4375
4376 4377 4378
4379 4378 4377
4380 4380 4381
4382 4379 4383
4382 4381 4384
4384 4385 4386
4383 4387 4386
4385 4388 4388
4389 4390 4387
4391 4392 4390
4389 4393 4394
4392 4391 4394
4393 4395 4396
4395 4397 4398
4396 4399 4400
4398 4397 4399
4401 4402 4400
4402 4401 4363
4366 4403 4404
4405 4406 4407
4405 4404 4408
4409 4410 4407
4408 4409 4411
4412 4410 4411
4413 4414 4412
4413 4415 4416
4414 4416 4415
4417 4418 4419
4420 4418 4417
4419 4421 4422
4420 4421 4423
4424 4422 4425
4424 4423 4426
4427 4428 4425
4426 4427 4429
4430 4428 4431
4430 4429 4432
4432 4433 4434
4431 4435 4436
4434 4433 4437
4436 4435 4438
4438 4439 4440
4437 4439 4441
4442 4440 4441
4403 4406 4442
4443 4364 4363
4444 4364 4443
4445 4367 4446
4370 4367 4445
4447 4372 4370
4446 4448 4373
4372 4447 4376
4373 4448 4449
4376 4449 4450
4377 4451 4380
4377 4450 4452
4381 4380 4451
4381 4452 4453
4384 4454 4385
4384 4453 4385
4454 4455 4388
4389 4388 4455
4456 4389 4456
4457 4391 4393
4391 4457 4458
4393 4458 4459
4395 4395 4459
4460 4397 4461
4399 4397 4460
4399 4461 4462
4401 4363 4401
4462 4444 4444
4463 4464 4443
4445 4443 4464
4465 4446 4445
4465 4466 4446
4466 4467 4447
4448 4447 4467
4468 4449 4448
4468 4469 4470
4450 4449 4469
4470 4471 4451
4450 4452 4451
4471 4472 4472
4473 4453 4452
4454 4453 4473
4474 4455 4454
4474 4475 4476
4456 4455 4475
4456 4476 4477
4457 4458 4457
4477 4478 4459
4458 4478 4479
4459 4479 4480
4460 4480 4481
4461 4460 4481
4482 4462 4461
4463 4444 4462
4482 4483 4484
4485 4486 4487
4488 4485 4484
4489 4488 4487
4490 4491 4492
4489 4490 4493
4492 4491 4494
4495 4496 4493
4494 4497 4496
4495 4498 4499
4497 4498 4500
4500 4501 4502
4499 4502 4501
4503 4504 4504
4503 4505 4506
4507 4508 4506
4505 4508 4507
4509 4510 4510
4509 4511 4512
4512 4511 4513
4514 4515 4516
4514 4513 4517
4516 4515 4518
4518 4519 4520
4517 4521 4520
4519 4522 4483
4486 4521 4522
4405 4523 4524
4406 4405 4407
4525 4523 4410
4526 4525 4407
4526 4410 4412
4527 4527 4412
4414 4528 4416
4529 4528 4414
4529 4416 4418
4530 4530 4418
4420 4531 4422
4532 4531 4420
4422 4424 4533
4532 4425 4534
4533 4424 4534
4425 4428 4535
4428 4430 4536
4535 4430 4431
4537 4536 4434
4538 4537 4431
4538 4434 4436
4539 4540 4539
4436 4437 4437
4440 4541 4540
4542 4541 4440
4442 4542 4442
4406 4524 4374
4543 4544 4371
4371 4544 4545
4369 4545 4546
4368 4369 4368
4546 4547 4365
4548 4366 4365
4547 4549 4402
4366 4548 4550
4400 4402 4549
4550 4551 4398
4400 4551 4552
4396 4398 4553
4394 4396 4552
4394 4553 4554
4392 4392 4554
4555 4390 4556
4387 4390 4555
4386 4387 4556
4557 4386 4557
4558 4383 4383
4558 4559 4382
4560 4379 4382
4559 4560 4561
4378 4379 4562
4375 4378 4561
4375 4562 4543
4374 4547 4486
4485 4548 4534
4484 4483 4533
4549 4548 4485
4488 4487 4484
4534 4535 4488
4489 4550 4549
4535 4536 4490
4487 4551 4550
4489 4492 4536
4537 4491 4490
4492 4493 4552
4551 4538 4494
4491 4537 4553
4552 4493 4496
4538 4539 4495
4494 4554 4553
4496 4497 4498
4495 4539 4540
4499 4555 4554
4497 4541 4500
4498 4540 4555
4499 4502 4556
4500 4541 4542
4501 4504 4557
4556 4502 4501
4542 4524 4503
4504 4506 4558
4557 4503 4524
4523 4505 4506
4508 4559 4558
4505 4523 4525
4507 4559 4508
4510 4560 4526
4509 4507 4525
4560 4510 4512
4561 4526 4527
4511 4509 4561
4512 4514 4562
4528 4513 4511
4527 4562 4514
4516 4543 4513
4528 4529 4515
4516 4517 4544
4543 4518 4515
4529 4530 4544
4517 4520 4545
4519 4518 4530
4531 4546 4545
4520 4521 4531
4532 4522 4519
4547 4546 4521
4486 4533 4483
4522 4532 4563
4564 4565 4566
4564 4567 4568
4565 4569 4568
4567 4570 4571
4569 4570 4572
4573 4574 4571
4572 4575 4574
4573 4576 4575
4576 4577 4578
4579 4578 4577
4580 4580 4581
4582 4579 4583
4582 4581 4584
4584 4585 4586
4583 4587 4586
4585 4588 4588
4589 4590 4587
4591 4592 4590
4589 4593 4594
4592 4591 4594
4593 4595 4596
4595 4597 4598
4596 4599 4600
4598 4597 4599
4601 4602 4600
4602 4601 4563
4566 4603 4604
4605 4606 4607
4605 4604 4608
4609 4610 4607
4608 4609 4611
4612 4610 4611
4613 4614 4612
4613 4615 4616
4614 4616 4615
4617 4618 4619
4620 4618 4617
4619 4621 4622
4620 4621 4623
4624 4622 4625
4624 4623 4626
4627 4628 4625
4626 4627 4629
4630 4628 4631
4630 4629 4632
4632 4633 4634
4631 4635 4636
4634 4633 4637
4636 4635 4638
4638 4639 4640
4637 4639 4641
4642 4640 4641
4603 4606 4642
4643 4564 4563
4644 4564 4643
4645 4567 4646
4570 4567 4645
4647 4572 4570
4646 4648 4573
4572 4647 4576
4573 4648 4649
4576 4649 4650
4577 4651 4580
4577 4650 4652
4581 4580 4651
4581 4652 4653
4584 4654 4585
4584 4653 4585
4654 4655 4588
4589 4588 4655
4656 4589 4656
4657 4591 4593
4591 4657 4658
4593 4658 4659
4595 4595 4659
4660 4597 4661
4599 4597 4660
4599 4661 4662
4601 4563 4601
4662 4644 4644
4663 4664 4643
4645 4643 4664
4665 4646 4645
4665 4666 4646
4666 4667 4647
4648 4647 4667
4668 4649 4648
4668 4669 4670
4650 4649 4669
4670 4671 4651
4650 4652 4651
4671 4672 4672
4673 4653 4652
4654 4653 4673
4674 4655 4654
4674 4675 4676
4656 4655 4675
4656 4676 4677
4657 4658 4657
4677 4678 4659
4658 4678 4679
4659 4679 4680
4660 4680 4681
4661 4660 4681
4682 4662 4661
4663 4644 4662
4682 4683 4684
4685 4686 4687
4688 4685 4684
4689 4688 4687
4690 4691 4692
4689 4690 4693
4692 4691 4694
4695 4696 4693
4694 4697 4696
4695 4698 4699
4697 4698 4700
4700 4701 4702
4699 4702 4701
4703 4704 4704
4703 4705 4706
4707 4708 4706
4705 4708 4707
4709 4710 4710
4709 4711 4712
4712 4711 4713
4714 4715 4716
4714 4713 4717
4716 4715 4718
4718 4719 4720
4717 4721 4720
4719 4722 4683
4686 4721 4722
4605 4723 4724
4606 4605 4607
4725 4723 4610
4726 4725 4607
4726 4610 4612
4727 4727 4612
4614 4728 4616
4729 4728 4614
4729 4616 4618
4730 4730 4618
4620 4731 4622
4732 4731 4620
4622 4624 4733
4732 4625 4734
4733 4624 4734
4625 4628 4735
4628 4630 4736
4735 4630 4631
4737 4736 4634
4738 4737 4631
4738 4634 4636
4739 4740 4739
4636 4637 4637
4640 4741 4740
4742 4741 4640
4642 4742 4642
4606 4724 4574
4743 4744 4571
4571 4744 4745
4569 4745 4746
4568 4569 4568
4746 4747 4565
4748 4566 4565
4747 4749 4602
4566 4748 4750
4600 4602 4749
4750 4751 4598
4600 4751 4752
4596 4598 4753
4594 4596 4752
4594 4753 4754
4592 4592 4754
4755 4590 4756
4587 4590 4755
4586 4587 4756
4757 4586 4757
4758 4583 4583
4758 4759 4582
4760 4579 4582
4759 4760 4761
4578 4579 4762
4575 4578 4761
4575 4762 4743
4574 4747 4686
4685 4748 4734
4684 4683 4733
4749 4748 4685
4688 4687 4684
4734 4735 4688
4689 4750 4749
4735 4736 4690
4687 4751 4750
4689 4692 4736
4737 4691 4690
4692 4693 4752
4751 4738 4694
4691 4737 4753
4752 4693 4696
4738 4739 4695
4694 4754 4753
4696 4697 4698
4695 4739 4740
4699 4755 4754
4697 4741 4700
4698 4740 4755
4699 4702 4756
4700 4741 4742
4701 4704 4757
4756 4702 4701
4742 4724 4703
4704 4706 4758
4757 4703 4724
4723 4705 4706
4708 4759 4758
4705 4723 4725
4707 4759 4708
4710 4760 4726
4709 4707 4725
4760 4710 4712
4761 4726 4727
4711 4709 4761
4712 4714 4762
4728 4713 4711
4727 4762 4714
4716 4743 4713
4728 4729 4715
4716 4717 4744
4743 4718 4715
4729 4730 4744
4717 4720 4745
4719 4718 4730
4731 4746 4745
4720 4721 4731
4732 4722 4719
4747 4746 4721
4686 4733 4683
4722 4732 4763
4764 4765 4766
4763 4767 4768
4764 4764 4768
4769 4770 4765
4764 4770 4771
4772 4768 4767
4773 4773 4774
4775 4772 4776
4777 4772 4775
4768 4772 4777
4769 4774 4778
4779 4775 4780
4781 4779 4778
4782 4779 4781
4783 4775 4779
4782 4776 4784
4781 4780 4785
4784 4785 4786
4787 4788 4784
4787 4789 4783
4781 4784 4788
4790 4791 4792
4793 4794 4793
4792 4795 4791
4790 4796 4797
4798 4765 4771
4799 4798 4797
4800 4798 4799
4801 4802 4802
4766 4765 4798
4803 4804 4805
4806 4807 4804
4803 4808 4809
4810 4804 4807
4805 4804 4810
4811 4787 4786
4812 4813 4814
4813 4812 4815
4813 4814 4816
4817 4817 4789
4787 4813 4796
4818 4819 4795
4820 4821 4819
4818 4820 4818
4822 4823 4824
4825 4826 4827
4828 4823 4826
4808 4803 4823
4828 4824 4823
4803 4806 4829
4830 4831 4832
4832 4833 4834
4829 4835 4836
4829 4834 4830
4829 4836 4837
4838 4839 4840
4841 4842 4839
4838 4843 4844
4839 4842 4845
4839 4844 4846
4840 4845 4842
4847 4848 4847
4842 4843 4849
4847 4849 4850
4851 4851 4852
4848 4847 4853
4854 4855 4856
4857 4854 4853
4858 4851 4854
4857 4852 4850
4855 4854 4851
4859 4790 4793
4860 4861 4859
4860 4862 4863
4859 4861 4864
4859 4863 4796
4790 4865 4818
4796 4863 4865
4863 4864 4866
4867 4868 4865
4866 4865 4868
4822 4818 4869
4822 4868 4870
4870 4868 4867
4871 4872 4873
4870 4871 4873
4827 4869 4870
4873 4874 4828
4827 4872 4875
4874 4873 4876
4877 4874 4875
4877 4808 4828
4874 4807 4808
4877 4878 4876
4879 4878 4877
4879 4880 4881
4878 4878 4881
4809 4807 4809
4881 4882 4883
4880 4884 4882
4881 4884 4862
4860 4882 4883
4882 4860 4793
4885 4886 4887
4888 4767 4763
4888 4887 4766
4889 4888 4763
4889 4792 4885
4888 4890 4811
4891 4892 4891
4771 4770 4892
4893 4892 4770
4769 4894 4890
4892 4893 4895
4896 4897 4898
4773 4895 4898
4774 4887 4895
4773 4767 4895
4887 4886 4896
4899 4900 4894
4893 4777 4899
4893 4769 4776
4901 4899 4777
4901 4902 4900
4899 4903 4904
4905 4906 4780
4778 4903 4906
4774 4898 4903
4778 4903 4898
4897 4904 4902
4901 4907 4908
4907 4901 4776
4782 4783 4909
4907 4782 4908
4907 4909 4910
4911 4821 4912
4913 4785 4913
4912 4786 4785
4780 4906 4913
4905 4911 4913
4906 4914 4910
4909 4915 4788
4915 4909 4783
4916 4915 4788
4789 4915 4916
4825 4914 4917
4810 4809 4918
4800 4797 4917
4918 4917 4797
4771 4891 4811
4810 4917 4891
4793 4919 4920
4883 4920 4919
4801 4799 4800
4918 4920 4799
4883 4920 4918
4809 4792 4889
4921 4794 4889
4766 4802 4921
4801 4919 4921
4802 4919 4793
4794 4921 4820
4822 4922 4923
4812 4923 4922
4815 4812 4786
4912 4923 4912
4821 4820 4923
4924 4869 4827
4925 4814 4924
4925 4816 4814
4815 4922 4924
4869 4924 4922
4822 4926 4826
4825 4916 4926
4916 4789 4817
4816 4925 4926
4817 4827 4826
4926 4925 4927
4861 4862 4928
4927 4928 4837
4929 4929 4846
4930 4927 4861
4927 4930 4864
4866 4864 4930
4931 4931 4930
4846 4844 4931
4844 4845 4932
4932 4867 4866
4931 4867 4932
4933 4871 4845
4848 4933 4932
4933 4848 4852
4934 4871 4933
4934 4872 4935
4875 4872 4934
4935 4934 4852
4857 4935 4857
4858 4936 4936
4876 4875 4935
4936 4937 4879
4876 4858 4938
4937 4936 4939
4937 4938 4831
4937 4939 4880
4879 4940 4884
4880 4939 4939
4831 4830 4940
4940 4830 4837
4928 4862 4884
4940 4928 4840
4941 4942 4841
4941 4840 4846
4929 4929 4837
4836 4941 4942
4941 4836 4835
4943 4944 4945
4946 4947 4946
4945 4948 4947
4949 4950 4946
4950 4951 4943
4946 4952 4953
4954 4955 4955
4954 4956 4957
4957 4951 4950
4955 4955 4950
4949 4952 4958
4956 4954 4959
4959 4954 4953
4960 4961 4959
4960 4962 4958
4959 4961 4963
4961 4964 4965
4963 4966 4964
4961 4962 4964
4966 4967 4968
4965 4964 4968
4969 4970 4971
4948 4945 4945
4944 4972 4970
4973 4970 4972
4974 4968 4970
4973 4969 4967
4971 4970 4968
4975 4833 4832
4976 4976 4832
4831 4938 4858
4853 4976 4938
4976 4853 4856
4975 4977 4978
4979 4980 4977
4944 4943 4978
4951 4981 4978
4943 4979 4978
4981 4982 4983
4984 4985 4986
4947 4984 4983
4949 4948 4987
4984 4947 4984
4987 4988 4985
4989 4990 4991
4992 4952 4991
4990 4953 4952
4949 4983 4991
4986 4992 4991
4983 4981 4993
4994 4982 4957
4993 4981 4951
4956 4995 4993
4957 4996 4994
4993 4995 4997
4996 4995 4998
4958 4998 4995
4956 4963 4999
4998 4958 4999
5000 4997 4998
5001 5002 5003
5004 4960 5004
5003 4962 4960
4953 4990 5004
5001 5004 4990
4989 4999 5005
5006 5000 4965
5005 4999 4963
5007 5005 4965
4969 5008 5006
5005 5007 5009
5010 5011 5012
5010 5009 4967
4966 5010 4966
4962 5003 5011
5010 5003 5002
4987 5013 5014
4988 4948 4971
5013 4987 5013
4971 4967 5009
5013 5009 5012
5014 5015 5016
5017 5018 4974
4972 5015 5018
4972 4944 4977
5015 4977 4980
5016 5015 5019
5008 5007 5020
5020 5007 4969
4973 5020 4973
4974 5018 5019
5020 5018 5017
5021 5022 4994
4996 4942 5022
5021 4841 5022
4942 4835 5023
4982 4994 5022
5023 5024 4838
4841 5021 5021
4996 4997 5024
5024 4997 5000
5025 5024 5025
4843 4838 5026
4849 4843 5025
5025 5000 5006
5026 5006 5008
5027 5026 5026
5027 4850 4849
5017 5028 5029
5019 4856 4855
5029 5028 5029
4855 4850 5027
5027 5008 5019
5029 5030 5031
5016 4980 5030
4833 4975 5031
5028 5031 4975
4856 5016 5031
5028 5017 4833
5030 5032 4834
4979 5032 5030
4980 4979 4982
5023 5032 4834
5032 5023 4835
5033 5034 5035
5036 5037 5038
5033 5036 5039
5040 5041 5042
5041 5040 5043
5044 5045 5046
5041 5044 5041
5046 5047 5042
5048 5049 5047
5046 5045 5050
5048 5046 5048
5050 5051 5052
5052 5053 5049
5048 5054 5055
5056 5057 5056
5035 5034 5057
5043 5058 5059
5044 5060 5061
5059 5058 5062
5063 5059 5061
5059 5063 5045
5044 5064 5050
5045 5063 5062
5065 5064 5063
5064 5065 5066
5067 5050 5064
5067 5051 5068
5069 5070 5071
5070 5069 5055
5054 5072 5061
5060 5073 5073
5074 5075 5072
5076 5072 5075
5077 5061 5072
5076 5062 5076
5078 5065 5062
5077 5079 5078
5076 5079 5080
5081 5078 5081
5066 5065 5078
5082 5083 5084
5085 5085 5068
5071 5082 5086
5087 5075 5074
5088 5087 5086
5089 5088 5090
5091 5087 5091
5077 5075 5087
5092 5079 5077
5091 5090 5093
5092 5091 5094
5092 5093 5095
5080 5079 5092
5094 5096 5097
5098 5099 5083
5097 5096 5084
5100 5088 5089
5101 5102 5103
5100 5101 5100
5103 5104 5105
5100 5105 5090
5088 5090 5105
5106 5093 5105
5104 5107 5106
5107 5108 5109
5106 5106 5109
5095 5093 5110
5038 5037 5111
5099 5098 5110
5111 5102 5112
5113 5103 5112
5039 5042 5113
5042 5047 5114
5113 5114 5104
5103 5113 5114
5115 5107 5104
5049 5115 5114
5047 5049 5053
5116 5115 5115
5116 5108 5107
5038 5117 5118
5033 5119 5034
5033 5118 5120
5057 5034 5119
5120 5121 5054
5057 5121 5122
5070 5054 5071
5070 5122 5123
5082 5071 5123
5124 5082 5124
5125 5083 5126
5097 5083 5125
5097 5126 5127
5098 5098 5127
5128 5110 5117
5038 5110 5128
5056 5129 5130
5035 5036 5035
5130 5131 5131
5132 5037 5036
5037 5132 5133
5111 5134 5099
5111 5133 5096
5099 5134 5135
5135 5136 5084
5096 5136 5137
5085 5084 5068
5085 5137 5138
5138 5139 5069
5068 5140 5055
5069 5139 5055
5140 5129 5056
5058 5043 5130
5129 5131 5130
5043 5040 5039
5132 5131 5040
5039 5112 5133
5132 5133 5112
5102 5134 5134
5102 5101 5135
5135 5101 5089
5136 5089 5086
5137 5136 5086
5074 5138 5137
5138 5074 5073
5139 5060 5140
5139 5073 5060
5058 5129 5140
5080 4897 4896
5081 4886 5066
5081 4896 5066
4886 4885 5067
4792 5051 5067
4885 5051 4792
4791 5052 5052
4791 4795 5053
5053 4795 4819
5116 5108 5116
4819 4821 4911
5109 5108 4821
5095 5109 4911
4905 5095 4905
4904 5094 5094
4904 4897 5080
5141 5142 5143
5144 5144 5145
5146 5141 5147
5146 5145 5148
5149 5147 5148
5150 5151 5152
5149 5150 5151
5153 5154 5152
5155 5154 5153
5156 5157 5155
5156 5158 5158
5159 5160 5157
5161 5160 5159
5162 5162 5163
5164 5161 5165
5166 5167 5168
5169 5170 5171
5172 5170 5169
5173 5174 5173
5175 5176 5174
5177 5178 5179
5180 5181 5182
5183 5184 5185
5182 5181 5186
5187 5188 5185
5186 5189 5190
5191 5192 5193
5144 5143 5194
5193 5195 5145
5144 5145 5195
5196 5148 5150
5148 5196 5197
5197 5198 5151
5150 5199 5153
5151 5198 5153
5199 5200 5156
5201 5158 5156
5200 5202 5159
5158 5201 5162
5159 5202 5203
5163 5162 5203
5204 5166 5165
5205 5206 5172
5207 5208 5169
5208 5209 5173
5169 5209 5210
5175 5173 5179
5178 5211 5212
5213 5214 5181
5184 5181 5214
5215 5186 5215
5216 5187 5186
5192 5217 5218
5189 5194 5219
5220 5193 5221
5195 5193 5220
5196 5195 5221
5222 5196 5222
5223 5197 5197
5223 5224 5198
5224 5225 5199
5198 5200 5199
5225 5226 5200
5226 5227 5201
5201 5227 5228
5202 5228 5229
5203 5202 5230
5204 5203 5229
5205 5231 5232
5206 5208 5207
5233 5234 5235
5209 5208 5234
5210 5209 5235
5236 5211 5237
5238 5212 5239
5214 5213 5240
5215 5214 5239
5241 5241 5242
5216 5215 5243
5244 5218 5217
5219 5245 5246
5220 5221 5220
5246 5247 5247
5248 5222 5221
5223 5222 5248
5249 5224 5223
5249 5250 5225
5224 5250 5251
5251 5252 5226
5225 5227 5226
5252 5253 5254
5228 5227 5253
5229 5228 5254
5255 5255 5256
5230 5229 5257
5258 5232 5231
5259 5260 5234
5233 5260 5261
5235 5234 5236
5235 5261 5262
5263 5264 5238
5237 5265 5266
5239 5240 5239
5266 5267 5241
5241 5267 5268
5242 5243 5269
5270 5244 5271
5246 5245 5272
5247 5246 5271
5273 5248 5247
5273 5274 5249
5248 5274 5275
5250 5249 5275
5276 5277 5251
5250 5276 5278
5252 5251 5277
5279 5253 5252
5278 5280 5254
5253 5279 5255
5254 5280 5281
5255 5281 5282
5256 5283 5284
5258 5257 5259
5285 5286 5260
5287 5261 5260
5286 5287 5288
5262 5261 5263
5289 5290 5264
5291 5266 5265
5292 5266 5291
5293 5267 5267
5293 5294 5268
5295 5270 5269
5296 5272 5297
5298 5271 5298
5299 5273 5271
5273 5299 5300
5274 5275 5274
5300 5301 5301
5302 5276 5275
5277 5276 5302
5303 5277 5303
5304 5278 5278
5304 5305 5279
5306 5280 5279
5305 5280 5306
5307 5281 5281
5307 5308 5282
5283 5309 5310
5284 5285 5311
5312 5286 5312
5313 5287 5286
5288 5287 5313
5314 5289 5315
5316 5290 5317
5291 5292 5318
5291 5317 5319
5293 5294 5293
5319 5320 5296
5321 5322 5295
5180 5179 5184
5183 5316 5318
5292 5290 5292
5265 5264 5290
5240 5238 5264
5265 5238 5240
5213 5212 5179
5212 5213 5184
5175 5323 5324
5176 5288 5314
5325 5326 5327
5262 5288 5326
5236 5262 5327
5328 5236 5328
5329 5210 5175
5210 5329 5323
5218 5194 5143
5189 5142 5190
5189 5143 5295
5322 5297 5272
5295 5272 5245
5270 5245 5219
5244 5270 5244
5219 5194 5218
5330 5164 5163
5331 5282 5308
5332 5333 5282
5333 5334 5256
5335 5230 5256
5334 5336 5204
5230 5335 5163
5204 5336 5331
5166 5172 5171
5167 5284 5310
5311 5285 5285
5259 5258 5284
5233 5232 5258
5259 5206 5232
5233 5207 5166
5206 5207 5172
5187 5337 5338
5188 5294 5320
5339 5340 5294
5340 5341 5268
5341 5342 5242
5268 5342 5343
5216 5242 5337
5187 5216 5343
5344 5345 5346
5347 5348 5349
5347 5346 5349
5348 5350 5351
5351 5350 5352
5353 5352 5354
5355 5353 5354
5356 5357 5355
5356 5358 5359
5357 5360 5359
5358 5361 5360
5361 5362 5363
5364 5363 5362
5365 5366 5367
5364 5365 5368
5369 5367 5366
5369 5368 5370
5371 5372 5373
5374 5375 5373
5376 5377 5374
5378 5379 5377
5376 5378 5380
5381 5379 5381
5380 5382 5383
5384 5383 5382
5385 5386 5387
5388 5389 5388
5387 5390 5391
5391 5390 5392
5393 5392 5394
5395 5393 5396
5397 5395 5394
5398 5399 5397
5396 5400 5401
5345 5344 5322
5344 5347 5297
5345 5190 5142
5346 5346 5142
5141 5348 5298
5297 5347 5349
5348 5141 5146
5350 5351 5299
5298 5349 5147
5352 5350 5146
5353 5300 5299
5351 5352 5147
5149 5354 5355
5301 5300 5353
5356 5354 5149
5152 5357 5302
5301 5355 5152
5154 5358 5356
5302 5357 5359
5303 5358 5154
5155 5361 5304
5303 5359 5360
5157 5362 5361
5155 5305 5304
5360 5363 5362
5157 5160 5365
5306 5305 5363
5364 5161 5366
5365 5160 5307
5306 5364 5367
5368 5366 5161
5164 5369 5308
5307 5367 5368
5164 5330 5370
5371 5332 5308
5369 5345 5401
5191 5190 5321
5400 5344 5322
5373 5372 5168
5167 5374 5310
5309 5375 5376
5373 5167 5171
5310 5374 5377
5311 5378 5376
5171 5170 5311
5377 5379 5312
5380 5378 5170
5174 5312 5379
5381 5313 5382
5380 5174 5176
5313 5381 5383
5314 5324 5385
5382 5176 5384
5325 5314 5383
5386 5177 5180
5387 5316 5315
5389 5388 5183
5390 5387 5180
5318 5316 5388
5391 5390 5183
5182 5392 5391
5393 5317 5318
5182 5185 5394
5392 5395 5319
5317 5393 5185
5188 5396 5394
5395 5397 5320
5319 5338 5398
5396 5188 5399
5339 5320 5397
5402 5403 5404
5405 5406 5407
5408 5409 5409
5408 5410 5411
5410 5412 5413
5411 5412 5414
5415 5413 5416
5415 5414 5417
5418 5419 5420
5421 5422 5423
5424 5425 5425
5426 5427 5422
5426 5428 5429
5427 5430 5431
5429 5428 5432
5433 5431 5430
5434 5435 5436
5437 5438 5437
5436 5439 5440
5441 5442 5443
5444 5445 5446
5447 5444 5448
5449 5445 5450
5451 5449 5448
5450 5452 5453
5451 5452 5454
5455 5453 5443
5456 5457 5440
5447 5458 5459
5444 5444 5459
5460 5448 5460
5461 5450 5448
5452 5450 5461
5462 5462 5463
5454 5452 5464
5418 5421 5465
5425 5424 5466
5467 5467 5468
5426 5425 5469
5428 5426 5468
5470 5430 5428
5469 5471 5432
5430 5470 5472
5473 5436 5435
5474 5439 5436
5473 5475 5433
5432 5476 5476
5432 5471 5477
5478 5407 5406
5479 5480 5458
5447 5481 5482
5481 5447 5446
5476 5435 5434
5475 5472 5435
5476 5477 5479
5403 5402 5478
5481 5440 5457
5480 5440 5481
5482 5441 5418
5483 5484 5419
5483 5418 5464
5485 5486 5487
5488 5489 5490
5491 5492 5493
5494 5493 5492
5495 5483 5424
5423 5484 5424
5483 5485 5466
5417 5486 5489
5416 5493 5454
5463 5490 5454
5493 5494 5455
5420 5495 5492
5421 5491 5465
5421 5492 5496
5489 5488 5497
5416 5489 5496
5498 5499 5415
5416 5498 5500
5413 5415 5499
5413 5500 5501
5411 5502 5409
5411 5501 5503
5406 5409 5502
5406 5503 5504
5479 5504 5505
5403 5479 5506
5404 5403 5505
5443 5439 5474
5456 5442 5438
5439 5443 5507
5508 5506 5505
5509 5507 5505
5504 5504 5503
5510 5509 5503
5502 5511 5510
5501 5512 5511
5502 5500 5513
5512 5501 5499
5514 5513 5500
5499 5498 5515
5514 5498 5496
5516 5515 5516
5496 5497 5517
5488 5518 5517
5497 5488 5487
5519 5518 5519
5487 5486 5520
5520 5486 5417
5521 5414 5522
5521 5417 5414
5412 5523 5522
5524 5523 5412
5410 5408 5525
5524 5410 5407
5526 5525 5408
5526 5407 5478
5527 5478 5402
5528 5527 5405
5529 5528 5402
5529 5405 5404
5530 5404 5506
5508 5530 5531
5532 5533 5534
5509 5480 5457
5507 5480 5509
5510 5458 5511
5459 5458 5510
5511 5512 5460
5459 5460 5512
5513 5461 5461
5513 5514 5462
5462 5514 5515
5463 5516 5490
5463 5515 5535
5536 5537 5538
5536 5535 5539
5540 5541 5542
5543 5544 5545
5544 5543 5546
5466 5485 5520
5521 5467 5466
5521 5522 5523
5468 5467 5522
5468 5523 5524
5469 5525 5470
5469 5524 5526
5471 5470 5525
5471 5526 5527
5477 5472 5477
5527 5528 5547
5548 5549 5550
5551 5552 5549
5548 5531 5553
5554 5532 5555
5556 5557 5558
5559 5560 5561
5562 5560 5559
5557 5556 5563
5564 5565 5566
5567 5563 5566
5568 5569 5567
5568 5570 5564
5571 5572 5565
5573 5574 5569
5570 5555 5558
5572 5571 5574
5573 5562 5561
5575 5576 5577
5578 5579 5578
5577 5580 5580
5581 5582 5579
5583 5576 5575
5584 5582 5581
5585 5586 5584
5587 5588 5583
5589 5586 5585
5590 5591 5592
5593 5594 5588
5587 5594 5593
5591 5589 5590
5592 5457 5456
5558 5557 5595
5556 5555 5596
5562 5508 5507
5559 5560 5597
5598 5561 5557
5559 5507 5457
5556 5595 5597
5560 5565 5473
5472 5566 5549
5564 5563 5550
5568 5566 5472
5528 5550 5563
5567 5547 5568
5528 5529 5570
5547 5567 5569
5548 5572 5474
5473 5565 5552
5571 5564 5549
5530 5573 5570
5529 5569 5574
5551 5548 5456
5474 5572 5558
5552 5596 5555
5571 5573 5530
5508 5562 5561
5598 5551 5574
5577 5576 5491
5490 5599 5575
5578 5600 5516
5580 5577 5490
5600 5578 5579
5601 5516 5517
5581 5580 5579
5582 5602 5601
5491 5576 5583
5465 5599 5541
5584 5575 5585
5581 5517 5518
5582 5586 5542
5602 5588 5464
5465 5583 5544
5587 5584 5541
5585 5518 5519
5590 5589 5543
5542 5586 5485
5593 5592 5520
5591 5594 5545
5546 5593 5485
5464 5588 5587
5544 5545 5594
5519 5520 5592
5590 5591 5546
5543 5589 5595
5596 5531 5534
5597 5533 5532
5598 5534 5533
5597 5595 5596
5552 5553 5531
5553 5552 5551
5554 5551 5598
5532 5554 5537
5536 5599 5600
5601 5538 5537
5600 5538 5601
5602 5535 5539
5542 5541 5540
5599 5536 5540
5541 5539 5535
5602 5542 5603
5604 5605 5606
5603 5607 5608
5604 5609 5610
5604 5608 5610
5611 5605 5604
5612 5613 5614
5615 5612 5616
5617 5613 5613
5617 5618 5619
5619 5620 5614
5613 5621 5622
5623 5624 5621
5625 5626 5622
5622 5626 5607
5603 5622 5603
5606 5623 5618
5627 5628 5619
5627 5629 5630
5628 5630 5631
5632 5628 5619
5628 5632 5620
5633 5634 5635
5636 5637 5636
5635 5638 5625
5621 5636 5637
5624 5633 5636
5621 5639 5630
5629 5640 5639
5640 5641 5642
5643 5639 5642
5644 5630 5639
5643 5631 5645
5646 5647 5648
5649 5646 5645
5650 5649 5638
5635 5646 5646
5635 5634 5647
5651 5642 5641
5652 5652 5653
5654 5651 5651
5654 5655 5656
5644 5642 5651
5656 5645 5657
5658 5650 5648
5659 5657 5645
5657 5659 5660
5658 5661 5662
5663 5664 5665
5666 5662 5661
5667 5668 5662
5666 5662 5668
5669 5663 5670
5671 5672 5673
5674 5675 5671
5670 5671 5675
5665 5661 5664
5672 5671 5661
5676 5677 5678
5679 5676 5680
5681 5677 5681
5674 5670 5677
5673 5678 5677
5670 5682 5683
5684 5685 5683
5682 5686 5687
5676 5683 5687
5680 5676 5679
5684 5683 5688
5689 5690 5691
5692 5689 5688
5693 5692 5686
5682 5689 5690
5689 5682 5685
5668 5694 5695
5669 5668 5667
5696 5694 5688
5694 5696 5693
5694 5688 5691
5695 5697 5698
5699 5655 5697
5615 5700 5698
5698 5700 5701
5699 5644 5656
5702 5703 5655
5704 5702 5656
5702 5704 5705
5706 5702 5706
5707 5703 5643
5708 5709 5631
5644 5703 5708
5643 5708 5703
5707 5710 5708
5710 5711 5709
5620 5632 5712
5713 5712 5632
5631 5709 5712
5709 5711 5714
5712 5714 5715
5713 5614 5716
5717 5615 5620
5713 5716 5614
5718 5716 5713
5715 5718 5719
5717 5716 5720
5721 5638 5649
5722 5720 5649
5650 5722 5653
5652 5720 5720
5652 5641 5721
5723 5625 5637
5724 5721 5724
5637 5638 5721
5641 5640 5724
5724 5640 5629
5723 5725 5726
5607 5626 5625
5723 5725 5626
5629 5627 5725
5723 5725 5627
5618 5726 5727
5728 5609 5608
5727 5608 5607
5726 5617 5727
5726 5618 5727
5617 5616 5728
5729 5730 5697
5655 5730 5729
5731 5732 5733
5730 5732 5734
5697 5730 5733
5615 5735 5736
5654 5653 5737
5736 5735 5738
5729 5736 5737
5731 5654 5736
5729 5655 5739
5722 5650 5740
5740 5741 5742
5739 5739 5742
5738 5735 5739
5735 5653 5722
5743 5744 5609
5745 5746 5743
5745 5747 5741
5740 5743 5746
5743 5740 5650
5744 5748 5728
5616 5749 5750
5751 5748 5749
5747 5745 5748
5751 5745 5609
5728 5748 5615
5733 5752 5612
5753 5752 5733
5734 5749 5752
5753 5750 5752
5749 5616 5612
5754 5755 5756
5757 5758 5759
5757 5756 5759
5760 5761 5757
5757 5761 5762
5754 5763 5762
5761 5764 5760
5765 5764 5761
5764 5765 5766
5767 5768 5763
5764 5767 5769
5770 5768 5767
5767 5766 5771
5769 5772 5769
5771 5773 5769
5772 5774 5770
5775 5774 5772
5776 5777 5776
5772 5773 5778
5779 5776 5777
5780 5775 5776
5779 5781 5782
5780 5779 5781
5779 5778 5783
5781 5783 5784
5785 5782 5781
5785 5786 5785
5787 5788 5786
5784 5789 5787
5785 5789 5758
5756 5787 5787
5756 5755 5788
5790 5791 5792
5793 5605 5793
5792 5606 5605
5611 5794 5793
5790 5793 5794
5795 5796 5797
5798 5799 5796
5799 5624 5623
5792 5796 5623
5606 5792 5791
5797 5796 5800
5801 5802 5803
5800 5634 5633
5801 5633 5624
5799 5801 5801
5799 5798 5802
5804 5805 5806
5807 5804 5648
5647 5805 5805
5647 5634 5800
5806 5805 5800
5803 5808 5809
5810 5811 5811
5660 5659 5808
5808 5659 5648
5804 5807 5809
5808 5804 5795
5794 5812 5813
5794 5611 5814
5812 5812 5814
5660 5811 5811
5810 5813 5812
5815 5816 5817
5818 5705 5819
5815 5818 5819
5701 5820 5815
5815 5820 5821
5816 5822 5821
5820 5823 5824
5823 5820 5701
5824 5719 5825
5823 5822 5823
5825 5826 5827
5828 5829 5830
5707 5706 5828
5827 5818 5828
5706 5705 5818
5817 5829 5828
5831 5832 5833
5834 5710 5834
5833 5711 5834
5710 5707 5827
5831 5834 5827
5830 5835 5836
5837 5838 5838
5715 5714 5835
5714 5711 5833
5835 5836 5835
5833 5832 5839
5840 5826 5825
5718 5839 5825
5719 5839 5718
5715 5838 5839
5838 5837 5840
5841 5788 5755
5842 5842 5734
5732 5841 5732
5731 5843 5841
5841 5843 5786
5788 5844 5782
5786 5843 5731
5737 5844 5843
5845 5844 5737
5738 5782 5844
5845 5780 5846
5775 5780 5845
5738 5742 5846
5845 5847 5846
5742 5741 5775
5846 5847 5774
5848 5770 5774
5847 5848 5847
5741 5746 5747
5849 5848 5746
5768 5770 5848
5849 5849 5850
5763 5768 5747
5751 5850 5849
5850 5751 5750
5851 5851 5762
5763 5850 5852
5754 5762 5851
5851 5750 5753
5852 5852 5753
5734 5842 5852
5842 5755 5754
5853 5854 5660
5814 5611 5610
5853 5814 5854
5853 5610 5609
5855 5744 5650
5658 5658 5660
5854 5855 5854
5609 5744 5855
5615 5717 5856
5700 5824 5856
5717 5719 5824
5701 5700 5856
5704 5857 5819
5705 5704 5655
5699 5857 5819
5857 5699 5701
5858 5859 5860
5861 5861 5862
5863 5858 5864
5865 5858 5863
5865 5866 5859
5858 5867 5868
5869 5870 5867
5871 5872 5868
5873 5868 5872
5874 5875 5869
5868 5873 5876
5875 5873 5877
5874 5878 5877
5873 5861 5877
5878 5862 5860
5876 5877 5861
5879 5880 5881
5882 5883 5884
5879 5882 5867
5879 5884 5871
5870 5880 5879
5867 5865 5885
5886 5866 5864
5887 5885 5865
5888 5885 5887
5889 5885 5888
5890 5886 5888
5891 5892 5890
5889 5893 5891
5888 5882 5891
5893 5883 5881
5892 5891 5882
5894 5678 5673
5895 5894 5895
5860 5859 5894
5859 5866 5896
5896 5679 5678
5894 5897 5898
5899 5900 5899
5864 5863 5900
5901 5900 5863
5862 5902 5897
5900 5901 5663
5669 5903 5904
5870 5869 5904
5903 5869 5875
5905 5904 5905
5664 5663 5904
5906 5907 5908
5909 5874 5872
5909 5908 5910
5909 5872 5871
5911 5906 5909
5910 5672 5664
5905 5912 5912
5905 5875 5876
5876 5860 5895
5912 5672 5912
5895 5673 5901
5913 5914 5902
5878 5913 5901
5862 5874 5908
5913 5878 5913
5908 5907 5914
5915 5695 5691
5916 5880 5915
5916 5881 5870
5903 5915 5880
5669 5695 5915
5903 5910 5917
5918 5911 5917
5910 5871 5884
5884 5883 5919
5917 5918 5917
5919 5920 5684
5679 5896 5921
5896 5866 5886
5921 5890 5922
5921 5886 5684
5921 5922 5685
5923 5924 5925
5926 5926 5925
5889 5887 5887
5864 5899 5926
5898 5923 5926
5899 5927 5690
5685 5922 5892
5927 5922 5890
5927 5892 5881
5916 5690 5927
5916 5691 5928
5920 5919 5929
5919 5883 5893
5929 5893 5889
5925 5929 5928
5929 5925 5924
5681 5680 5930
5931 5760 5759
5931 5930 5759
5758 5932 5931
5674 5681 5931
5932 5933 5675
5674 5932 5932
5758 5789 5933
5784 5934 5933
5789 5665 5675
5933 5934 5665
5934 5935 5666
5784 5783 5935
5934 5935 5783
5778 5936 5666
5935 5936 5667
5937 5696 5667
5936 5937 5936
5778 5777 5937
5777 5773 5938
5693 5696 5937
5938 5938 5939
5692 5693 5773
5771 5939 5938
5771 5766 5940
5939 5686 5692
5939 5940 5686
5940 5941 5687
5765 5941 5940
5766 5760 5930
5941 5765 5680
5687 5941 5930
5942 5943 5944
5945 5945 5946
5947 5942 5948
5947 5946 5949
5950 5948 5949
5951 5952 5953
5950 5951 5954
5953 5952 5955
5956 5954 5955
5957 5958 5956
5957 5959 5959
5960 5961 5958
5962 5961 5960
5963 5963 5964
5965 5962 5966
5967 5968 5969
5969 5970 5971
5966 5972 5973
5971 5970 5973
5972 5974 5975
5976 5977 5978
5979 5980 5981
5982 5983 5980
5984 5985 5981
5986 5985 5984
5987 5988 5944
5943 5989 5990
5945 5944 5991
5945 5990 5992
5946 5946 5992
5993 5949 5993
5994 5951 5949
5951 5994 5995
5952 5952 5995
5996 5955 5997
5957 5955 5996
5957 5997 5998
5959 5999 5960
5959 5998 5960
5999 6000 5963
6001 5964 5963
6000 6002 6003
6004 6005 5968
6006 6007 5969
6008 5970 5969
6007 6009 5972
5970 6008 6009
6010 5974 5972
6011 6012 6013
6014 6015 6016
6017 6018 5978
6019 6020 5979
5983 6021 6022
5980 6023 5984
5980 6022 5984
6023 6024 5987
6025 6026 6027
6028 5988 6029
5991 5944 6030
6031 5990 5991
6032 5992 5990
6031 6032 6033
5993 5992 5993
6033 6034 5994
5994 6034 6035
5995 5996 5995
6035 6036 6036
6037 5997 5996
6038 5998 5997
6037 6039 5999
5998 6038 6000
5999 6039 6040
6040 6041 6001
6000 6003 6002
6042 6043 6006
6044 6045 6007
6007 6045 6046
6008 6046 6047
6009 6008 6009
6047 6048 6010
6013 6012 6049
6050 6051 6017
6016 6052 6019
6053 6054 6020
6055 6022 6021
6056 6022 6055
6057 6023 6057
6058 6024 6023
6026 6025 6059
6060 6029 6061
6030 5991 6030
6062 6063 6031
6064 6032 6031
6063 6033 6032
6064 6065 6034
6033 6065 6066
6066 6067 6035
6034 6068 6036
6035 6067 6068
6069 6037 6036
6070 6038 6037
6069 6071 6039
6038 6070 6072
6040 6039 6071
6040 6072 6073
6041 6074 6075
6043 6042 6076
6045 6044 6077
6078 6046 6045
6076 6079 6047
6046 6078 6079
6080 6048 6047
6081 6050 6049
6082 6083 6051
6052 6084 6085
6054 6053 6086
6056 6087 6088
6055 6055 6088
6089 6057 6058
6057 6089 6090
6059 6091 6092
6060 6062 6030
6061 6093 6094
6095 6063 6062
6095 6096 6064
6063 6064 6096
6097 6065 6097
6098 6066 6065
6099 6067 6066
6098 6067 6099
6100 6068 6068
6100 6101 6069
6069 6101 6102
6070 6103 6071
6070 6102 6103
6104 6072 6071
6105 6073 6072
6104 6106 6075
6074 6107 6077
6108 6109 6076
6109 6110 6078
6076 6110 6111
6079 6078 6079
6111 6112 6080
6082 6113 6114
6081 6115 6116
6083 6084 6086
6117 6118 6085
6087 6119 6120
6088 6088 6120
6121 6089 6089
6121 6122 6090
6123 6092 6091
6124 6125 6094
6062 6093 5942
6095 6094 5943
5947 6096 6095
5942 5948 6097
6096 5947 5950
6098 6097 5948
5953 6099 6098
5950 5954 6100
6099 5953 5954
5956 6101 6100
6102 6101 5956
5958 6102 5958
5961 6103 6103
5961 5962 6104
5965 6105 6104
5962 5967 5966
6109 6108 5971
6110 6109 5966
6111 6110 5971
5973 6112 6111
5973 5975 6126
6114 6113 5976
6118 6117 5977
6120 6119 5982
5981 5985 6121
6120 5981 5986
6122 6121 5985
5989 5943 6094
6125 5964 6127
6128 5965 6129
6005 6004 6130
6131 5968 5967
6132 6107 6133
6134 6106 6135
6105 5965 6128
6132 5967 6108
6136 5986 5987
6137 6138 6139
6028 6027 6140
6141 5988 5989
6142 6124 6143
6144 6123 6138
6145 6122 5986
5989 6125 6146
6142 6147 6148
6149 6150 6151
6152 6153 6154
6155 6156 6157
6158 6159 6160
6161 6162 6163
6164 6165 6166
6167 6168 6169
6170 6171 6172
6173 6174 6171
6165 6164 6172
6175 6176 6177
6178 6179 6180
6181 6182 6183
6184 6185 6186
6187 6188 6189
6190 6191 6192
6193 6194 6195
6196 6197 6198
6199 6200 6197
6196 6199 6201
6202 6200 6203
6159 6162 6204
6205 6157 6156
6206 6151 6207
6208 6152 6186
6185 6209 6210
6211 6181 6180
6212 6177 6213
6214 6178 6215
6216 6154 6153
6217 6218 6219
6220 6221 6222
6161 6160 6176
6175 6223 6224
6225 6226 6227
6228 6184 6183
6229 6230 6216
6215 6231 6232
6220 6150 6149
6217 6233 6222
6221 6234 6235
6224 6223 6236
6227 6226 6190
6189 6237 6230
6229 6238 6239
6240 6241 6242
6243 6244 6245
6246 6247 6245
6244 6248 6249
6247 6248 6250
6251 6249 6250
6252 6253 6254
6255 6256 6257
6239 6242 6258
6221 6242 6241
6234 6259 6148
6147 6260 6245
6216 6232 6246
6216 6245 6247
6154 6247 6249
6151 6154 6249
6251 6207 6151
6155 6158 6256
6255 6203 6261
6262 6159 6263
6159 6262 6263
6264 6160 6159
6160 6264 6258
6258 6242 6221
6160 6239 6257
6265 6266 6267
6268 6254 6253
6269 6252 6250
6270 6248 6271
6270 6250 6248
6244 6272 6271
6243 6273 6272
6244 6274 6240
6239 6266 6265
6176 6224 6266
6275 6176 6265
6276 6177 6176
6275 6275 6277
6213 6177 6213
6277 6278 6267
6179 6182 6268
6270 6186 6210
6269 6271 6183
6186 6270 6272
6229 6183 6271
6238 6229 6272
6273 6279 6280
6188 6187 6224
6235 6274 6266
6281 6282 6283
6259 6260 6284
6281 6259 6284
6260 6285 6286
6286 6285 6280
6287 6288 6287
6280 6279 6288
6279 6283 6282
6289 6116 6018
6290 6291 6083
6116 6083 6291
6292 6051 6293
6017 6051 6292
6018 6017 6293
6294 6081 6114
6115 6084 6050
6081 6084 6052
6016 6013 6050
6052 6013 6016
6015 6014 6295
6296 6018 6116
6295 6116 6115
6297 6114 6298
6297 6115 6298
6114 6014 6299
6015 6300 6299
6014 6018 6296
6300 6015 6218
6153 6152 6301
6185 6184 6225
6302 6303 6304
6208 6207 6301
6152 6208 6304
6302 6305 6209
6185 6209 6305
6306 6210 6215
6153 6218 6217
6225 6184 6230
6226 6231 6215
6217 6149 6148
6232 6231 6149
6238 6187 6190
6237 6226 6230
6237 6190 6246
6259 6283 6243
6307 6308 6251
6252 6232 6148
6259 6246 6308
6303 6207 6251
6307 6252 6269
6309 6243 6283
6279 6273 6210
6306 6309 6269
6273 6279 6187
6238 6206 6162
6161 6219 6178
6211 6228 6175
6206 6156 6204
6162 6203 6204
6156 6155 6214
6213 6182 6181
6211 6178 6214
6181 6220 6219
6161 6222 6227
6223 6175 6228
6234 6147 6150
6233 6233 6150
6220 6222 6189
6236 6223 6227
6236 6189 6188
6235 6285 6260
6241 6240 6261
6255 6254 6310
6260 6147 6234
6241 6155 6255
6261 6203 6268
6278 6310 6254
6240 6274 6280
6285 6268 6182
6213 6278 6235
6188 6280 6274
6311 6137 6141
6312 6138 6137
6311 6313 6138
6313 6314 6145
6314 6315 6146
6145 6146 6315
6316 6142 6312
6141 6142 6316
6127 6317 6318
6128 6318 6319
6135 6128 6320
6136 6135 6319
6136 6320 6321
6132 6322 6131
6132 6321 6322
6317 6127 6131
6005 5964 6001
6002 6006 5968
6004 6003 6001
6041 6042 6002
6006 6003 6043
6044 6042 6041
6073 6074 6043
6075 6077 6044
6105 6107 6074
6073 6077 6075
6106 6108 5968
6131 6130 6004
6131 6127 6129
6130 5964 6005
6129 6127 6133
6107 6105 6135
6134 6133 6135
6136 6136 6108
6106 6134 6028
5987 6024 6025
6026 6029 5988
6027 6058 6059
6025 6024 6060
6061 6029 6026
6090 6091 6059
6058 6061 6060
6092 6093 6090
6122 6124 6091
6125 6093 6092
6123 6027 5988
6141 6140 6140
6141 6137 6139
6139 6137 5987
6028 6124 6122
6145 6143 6145
6146 6144 6143
6123 6144 6146
6125 6198 6318
6317 6194 6319
6318 6198 6197
6319 6197 6200
6320 6202 6321
6320 6200 6321
6202 6191 6322
6191 6194 6317
6322 6164 6311
6312 6172 6164
6163 6313 6311
6314 6313 6163
6167 6167 6170
6315 6314 6173
6316 6315 6170
6173 6172 6312
6316 6301 6304
6157 6205 6305
6302 6212 6180
6198 6194 6193
6195 6174 6173
6170 6169 6211
6193 6192 6228
6193 6211 6212
6195 6195 6212
6302 6196 6196
6302 6225 6199
6201 6199 6228
6192 6225 6228
6199 6192 6191
6202 6201 6168
6166 6165 6218
6219 6218 6165
6169 6168 6218
6301 6205 6174
6169 6301 6205
6206 6171 6174
6171 6206 6219
6165 6166 6168
6167 6163 6263
6323 6324 6264
6264 6324 6325
6278 6277 6326
6327 6326 6328
6327 6278 6327
6310 6310 6329
6330 6262 6262
6261 6310 6329
6310 6327 5979
5983 5982 5976
6118 5976 5982
6119 6119 6087
6085 6118 6056
6054 6085 6087
6020 6054 6056
6021 5983 5979
6020 6021 6331
5975 5974 6332
6331 6333 6112
5975 6112 6333
6334 6080 6080
6334 6335 6048
6336 6010 6048
6335 6010 6336
6332 5974 6286
6337 6338 6284
6337 6286 6287
6339 6288 6340
6339 6287 6340
6288 6282 6341
6341 6282 6281
6342 6281 6284
6338 6342 6012
6011 6332 6336
6335 6049 6012
6336 6049 6335
6334 6082 6113
6082 6334 6333
6331 6126 6113
6333 6331 6332
6011 6126 6289
5977 6117 6290
6289 6294 5978
5977 6117 6086
6291 6290 6053
6292 6291 6086
6292 6053 6019
6293 5978 6294
6293 6019 6338
6296 6295 6342
6342 6295 6297
6341 6341 6297
6298 6340 6299
6339 6340 6298
6339 6299 6300
6337 6300 6296
6338 6337 6014
6126 6011 6014
6114 6126 6289
6018 6294 6289
6290 6116 6304
6303 6158 6157
6158 6303 6308
6256 6256 6308
6307 6253 6307
6309 6267 6253
6306 6179 6267
6309 6305 6180
6179 6306 6343
6344 6345 6346
6347 6348 6349
6350 6351 6263
6262 6330 6263
6351 6323 6276
6265 6257 6352
6353 6352 6257
6325 6257 6258
6264 6257 6325
6353 6326 6354
6355 6356 6357
6358 6359 6360
6347 6350 6361
6362 6343 6363
6364 6344 6343
6346 6365 6365
6363 6343 6353
6366 6360 6359
6353 6359 6352
6345 6357 6360
6346 6347 6367
6356 6348 6355
6349 6348 6356
6362 6368 6367
6347 6361 6369
6368 6362 6363
6370 6371 6364
6366 6365 6346
6360 6365 6366
6370 6363 6368
6369 6351 6330
6324 6323 6371
6370 6354 6326
6277 6275 6354
6275 6358 6328
6326 6356 6367
6327 6328 6367
6327 6367 6368
6330 6329 6327
6330 6324 6370
6353 6325 6353
6370 6366 6352
6359 6358 6276
6276 6358 6275
6355 6354 6358
6357 6357 6345
6349 6355 6350
6349 6345 6344
6361 6350 6344
6364 6361 6364
6371 6369 6371
6323 6351 6369
6372 6373 6374
6375 6376 6377
6378 6379 6380
6381 6382 6383
6384 6385 6386
6387 6388 6389
6390 6391 6392
6393 6394 6395
6396 6397 6398
6399 6400 6401
6402 6403 6385
6404 6405 6386
6406 6382 6381
6407 6408 6409
6379 6378 6410
6399 6398 6411
6393 6392 6412
6413 6388 6414
6415 6389 6416
6377 6376 6417
6418 6419 6420
6421 6387 6422
6423 6384 6424
6391 6390 6425
6426 6427 6428
6429 6430 6397
6396 6431 6432
6416 6417 6433
6421 6373 6372
6418 6422 6434
6435 6423 6425
6436 6437 6424
6402 6426 6429
6403 6431 6438
6439 6430 6440
6441 6442 6443
6444 6445 6446
6447 6448 6447
6446 6449 6449
6450 6451 6448
6452 6451 6450
6453 6454 6455
6456 6457 6441
6458 6459 6442
6434 6422 6441
6440 6460 6375
6374 6461 6447
6416 6432 6444
6448 6377 6416
6447 6448 6451
6378 6377 6452
6408 6378 6451
6383 6457 6456
6380 6462 6386
6405 6463 6462
6463 6464 6458
6386 6462 6465
6387 6386 6458
6441 6422 6387
6458 6466 6467
6442 6459 6468
6455 6454 6469
6470 6453 6450
6471 6471 6450
6449 6472 6472
6449 6446 6473
6445 6474 6473
6446 6442 6467
6475 6443 6467
6466 6391 6424
6391 6466 6476
6388 6388 6476
6477 6388 6477
6478 6414 6477
6479 6478 6395
6394 6468 6469
6471 6399 6410
6470 6396 6399
6471 6472 6473
6431 6396 6472
6438 6431 6473
6474 6480 6401
6400 6481 6437
6475 6467 6424
6482 6483 6376
6379 6484 6398
6397 6485 6486
6409 6408 6487
6409 6486 6482
6379 6398 6484
6488 6411 6488
6489 6410 6411
6490 6417 6376
6483 6491 6485
6397 6430 6433
6417 6490 6492
6433 6492 6493
6432 6494 6495
6439 6438 6491
6430 6439 6495
6444 6496 6497
6445 6498 6499
6452 6453 6432
6493 6496 6444
6408 6452 6499
6487 6498 6453
6470 6500 6474
6445 6497 6501
6410 6489 6500
6470 6438 6474
6501 6494 6420
6407 6385 6384
6389 6413 6427
6390 6385 6407
6381 6404 6405
6404 6381 6380
6415 6414 6394
6393 6413 6389
6415 6393 6420
6384 6423 6421
6425 6390 6427
6426 6373 6435
6434 6374 6421
6423 6435 6373
6426 6402 6436
6425 6401 6437
6436 6402 6443
6502 6461 6440
6456 6455 6503
6463 6461 6374
6434 6440 6463
6405 6380 6456
6455 6468 6478
6503 6480 6502
6443 6475 6394
6414 6478 6468
6475 6437 6401
6480 6504 6482
6486 6505 6506
6488 6484 6507
6462 6508 6509
6465 6465 6509
6510 6511 6478
6479 6512 6478
6511 6513 6503
6514 6515 6464
6463 6463 6503
6513 6514 6486
6487 6516 6505
6516 6487 6499
6517 6517 6499
6498 6518 6519
6518 6498 6500
6489 6520 6519
6500 6506 6520
6489 6488 6521
6522 6523 6524
6525 6526 6527
6528 6462 6464
6515 6529 6462
6529 6508 6530
6476 6459 6531
6476 6466 6459
6458 6465 6510
6531 6459 6458
6531 6512 6532
6533 6534 6535
6536 6537 6538
6525 6528 6539
6540 6522 6541
6542 6523 6522
6521 6543 6543
6541 6522 6535
6530 6531 6544
6535 6538 6530
6521 6524 6536
6535 6545 6534
6526 6525 6527
6526 6534 6533
6540 6546 6545
6525 6547 6546
6540 6539 6548
6542 6541 6549
6543 6521 6535
6544 6543 6544
6549 6541 6529
6515 6546 6547
6549 6509 6508
6548 6477 6537
6512 6479 6532
6512 6537 6513
6511 6512 6545
6512 6534 6545
6546 6515 6513
6545 6514 6513
6515 6509 6549
6531 6510 6531
6549 6544 6530
6538 6537 6476
6476 6537 6477
6532 6537 6536
6533 6533 6536
6524 6527 6527
6524 6523 6528
6539 6528 6523
6542 6539 6542
6548 6547 6508
6529 6547 6548
6550 6551 6552
6553 6550 6553
6554 6555 6556
6555 6554 6557
6558 6559 6556
6557 6560 6485
6491 6561 6491
6495 6562 6561
6494 6563 6562
6495 6494 6501
6564 6563 6565
6566 6567 6568
6566 6565 6569
6570 6571 6570
6569 6572 6573
6574 6571 6572
6575 6576 6574
6573 6577 6576
6575 6578 6578
6579 6580 6577
6580 6579 6581
6582 6583 6584
6585 6586 6586
6587 6588 6583
6587 6589 6590
6588 6591 6590
6589 6592 6593
6496 6493 6594
6493 6492 6595
6594 6490 6596
6595 6492 6596
6490 6483 6597
6560 6561 6553
6552 6428 6551
6550 6429 6403
6429 6550 6555
6561 6562 6554
6553 6555 6556
6400 6403 6562
6563 6557 6554
6559 6481 6400
6556 6557 6563
6564 6558 6412
6392 6565 6568
6507 6567 6566
6506 6520 6506
6566 6570 6395
6569 6565 6392
6519 6520 6570
6571 6569 6395
6469 6572 6518
6519 6571 6574
6454 6573 6572
6469 6576 6517
6518 6574 6573
6454 6457 6575
6576 6577 6516
6517 6575 6457
6383 6578 6516
6577 6580 6505
6383 6382 6579
6578 6580 6582
6504 6505 6581
6579 6382 6406
6593 6594 6586
6585 6583 6375
6460 6584 6372
6375 6583 6588
6587 6586 6594
6595 6418 6372
6588 6590 6589
6587 6595 6596
6418 6590 6591
6419 6592 6589
6596 6597 6598
6483 6482 6599
6599 6482 6504
6600 6420 6601
6602 6407 6603
6427 6413 6604
6412 6605 6604
6413 6606 6607
6484 6485 6606
6485 6560 6608
6609 6552 6551
6610 6568 6567
6611 6612 6582
6581 6613 6614
6592 6615 6616
6591 6427 6603
6617 6428 6419
6618 6601 6420
6619 6597 6483
6598 6610 6551
6428 6617 6560
6552 6609 6608
6507 6484 6607
6620 6611 6567
6507 6620 6412
6568 6612 6605
6591 6616 6618
6419 6597 6619
6615 6592 6621
6406 6407 6602
6581 6406 6621
6613 6582 6614
6600 6504 6622
6623 6624 6625
6625 6626 6627
6622 6626 6625
6628 6629 6624
6630 6628 6625
6626 6631 6632
6627 6633 6634
6632 6631 6633
6631 6635 6636
6629 6635 6631
6626 6637 6638
6634 6633 6638
6637 6639 6640
6641 6639 6637
6642 6636 6642
6637 6633 6643
6644 6640 6639
6645 6646 6644
6643 6647 6648
6645 6643 6639
6641 6647 6643
6649 6650 6651
6652 6653 6649
6652 6654 6651
6650 6655 6630
6624 6656 6657
6658 6657 6656
6659 6656 6660
6661 6659 6623
6660 6656 6624
6662 6663 6664
6665 6666 6662
6665 6667 6668
6669 6667 6665
6668 6665 6664
6670 6671 6646
6645 6672 6671
6672 6673 6674
6675 6673 6672
6676 6645 6648
6676 6672 6655
6677 6678 6654
6679 6680 6678
6677 6679 6677
6681 6682 6683
6684 6685 6686
6685 6684 6687
6666 6687 6684
6662 6663 6662
6684 6683 6688
6689 6690 6691
6692 6691 6690
6693 6694 6695
6693 6690 6689
6696 6694 6690
6697 6698 6699
6700 6701 6699
6698 6702 6703
6704 6702 6698
6703 6698 6697
6705 6706 6707
6702 6704 6701
6702 6707 6708
6709 6708 6707
6710 6710 6707
6706 6711 6712
6713 6714 6715
6716 6712 6715
6717 6711 6717
6715 6710 6710
6715 6714 6709
6651 6718 6719
6652 6719 6718
6720 6721 6720
6718 6722 6723
6718 6651 6654
6722 6722 6654
6678 6724 6723
6722 6724 6725
6725 6724 6726
6727 6680 6726
6724 6678 6728
6729 6726 6680
6726 6729 6730
6727 6731 6730
6729 6732 6728
6686 6732 6729
6687 6733 6732
6686 6732 6733
6734 6731 6735
6734 6733 6736
6666 6736 6733
6687 6667 6737
6736 6666 6737
6738 6735 6736
6737 6739 6740
6738 6669 6739
6737 6667 6741
6742 6739 6669
6739 6742 6743
6740 6721 6743
6742 6719 6719
6742 6741 6652
6744 6745 6746
6747 6745 6622
6627 6746 6745
6748 6623 6622
6748 6745 6744
6649 6749 6670
6750 6751 6751
6628 6630 6749
6628 6751 6752
6629 6752 6751
6750 6753 6754
6755 6756 6757
6634 6757 6756
6632 6627 6632
6756 6746 6755
6747 6746 6756
6758 6752 6753
6759 6635 6629
6752 6758 6635
6758 6760 6636
6760 6758 6759
6761 6762 6763
6764 6765 6638
6640 6765 6764
6764 6757 6634
6638 6757 6764
6763 6754 6761
6766 6767 6760
6636 6760 6767
6642 6768 6641
6642 6767 6769
6768 6767 6766
6681 6770 6771
6772 6771 6644
6646 6772 6644
6771 6765 6640
6770 6762 6765
6771 6773 6768
6769 6774 6647
6641 6768 6773
6647 6773 6775
6648 6682 6775
6773 6774 6776
6669 6668 6777
6777 6657 6658
6776 6630 6657
6777 6749 6668
6670 6749 6777
6778 6779 6652
6741 6661 6779
6778 6659 6776
6658 6659 6778
6741 6669 6776
6778 6653 6780
6748 6649 6748
6780 6660 6623
6780 6779 6661
6660 6652 6779
6780 6653 6679
6781 6782 6680
6671 6674 6782
6781 6671 6781
6772 6646 6681
6772 6781 6679
6686 6728 6783
6784 6675 6784
6783 6673 6783
6782 6674 6673
6728 6680 6782
6783 6682 6685
6785 6775 6648
6775 6785 6676
6784 6675 6676
6785 6685 6686
6784 6785 6721
6720 6786 6787
6788 6696 6787
6786 6786 6789
6705 6788 6789
6786 6720 6723
6725 6790 6789
6723 6790 6703
6705 6789 6790
6791 6704 6703
6725 6727 6791
6790 6727 6730
6792 6791 6792
6706 6704 6791
6793 6711 6706
6792 6731 6793
6792 6730 6793
6731 6734 6794
6711 6793 6794
6717 6716 6717
6794 6795 6794
6734 6735 6795
6795 6735 6738
6796 6795 6796
6797 6716 6688
6797 6796 6798
6740 6798 6796
6738 6798 6740
6743 6799 6689
6688 6798 6799
6787 6696 6689
6799 6799 6743
6721 6787 6700
6800 6801 6697
6801 6788 6705
6697 6801 6694
6696 6788 6801
6800 6695 6694
6802 6803 6804
6805 6806 6802
6805 6807 6808
6809 6807 6805
6804 6810 6808
6805 6811 6812
6813 6814 6815
6816 6813 6812
6810 6815 6812
6808 6809 6808
6812 6811 6817
6818 6813 6816
6814 6813 6818
6819 6820 6819
6818 6821 6818
6817 6822 6821
6823 6824 6821
6822 6821 6824
6825 6820 6824
6826 6827 6825
6828 6826 6824
6823 6802 6806
6829 6830 6830
6831 6803 6802
6832 6831 6830
6833 6828 6833
6830 6826 6826
6830 6829 6827
6692 6834 6835
6691 6691 6835
6797 6688 6835
6712 6716 6797
6713 6712 6835
6834 6836 6837
6838 6839 6803
6839 6838 6804
6810 6804 6838
6840 6838 6837
6841 6840 6842
6843 6844 6845
6844 6807 6809
6845 6844 6846
6806 6807 6844
6843 6847 6846
6848 6849 6850
6851 6849 6848
6811 6814 6811
6848 6845 6809
6845 6848 6851
6842 6852 6840
6841 6853 6810
6840 6852 6815
6815 6852 6854
6816 6853 6855
6854 6852 6856
6854 6855 6857
6816 6854 6856
6817 6822 6817
6856 6858 6857
6859 6858 6856
6860 6861 6862
6863 6861 6819
6820 6862 6819
6861 6849 6814
6850 6849 6861
6860 6864 6865
6858 6859 6823
6822 6858 6865
6823 6865 6866
6828 6865 6864
6867 6866 6868
6869 6870 6871
6827 6871 6870
6825 6820 6825
6870 6862 6869
6863 6862 6870
6846 6847 6872
6873 6873 6829
6806 6846 6827
6829 6873 6871
6871 6873 6872
6868 6874 6875
6876 6877 6876
6831 6832 6877
6831 6876 6839
6803 6876 6875
6836 6839 6867
6878 6879 6866
6828 6866 6879
6833 6833 6879
6877 6832 6874
6877 6879 6878
6880 6855 6853
6881 6881 6800
6700 6880 6882
6695 6800 6881
6881 6853 6841
6882 6700 6699
6883 6880 6880
6883 6857 6855
6884 6859 6857
6883 6701 6884
6883 6699 6884
6701 6708 6885
6885 6864 6859
6884 6886 6867
6864 6885 6709
6886 6885 6708
6878 6887 6888
6874 6714 6713
6888 6887 6887
6886 6709 6714
6887 6878 6867
6886 6889 6890
6836 6875 6692
6890 6889 6834
6888 6713 6834
6889 6888 6889
6875 6874 6693
6891 6890 6692
6836 6890 6891
6837 6837 6891
6882 6841 6693
6695 6882 6891
6892 6893 6894
6895 6892 6896
6897 6893 6898
6899 6900 6901
6899 6898 6902
6903 6904 6902
6898 6905 6906
6905 6898 6901
6907 6905 6906
6908 6907 6909
6904 6905 6907
6910 6911 6909
6908 6912 6910
6907 6913 6914
6915 6916 6913
6916 6895 6894
6902 6917 6918
6903 6919 6920
6918 6917 6921
6922 6919 6917
6902 6904 6921
6917 6921 6904
6909 6923 6921
6923 6924 6922
6925 6924 6923
6926 6926 6923
6909 6911 6927
6928 6929 6930
6927 6915 6914
6928 6920 6919
6931 6932 6933
6934 6932 6931
6935 6933 6931
6936 6931 6919
6922 6936 6924
6937 6936 6922
6937 6938 6935
6936 6939 6940
6938 6937 6939
6937 6924 6925
6941 6942 6943
6944 6929 6944
6943 6930 6945
6946 6934 6933
6947 6946 6945
6948 6949 6950
6948 6945 6935
6949 6945 6933
6949 6935 6938
6951 6949 6951
6952 6950 6953
6952 6951 6954
6951 6938 6940
6954 6955 6956
6957 6958 6958
6942 6941 6955
6959 6947 6948
6960 6961 6962
6959 6960 6961
6960 6963 6964
6950 6963 6960
6948 6952 6965
6963 6950 6964
6963 6965 6966
6966 6965 6967
6968 6965 6952
6953 6967 6969
6897 6896 6970
6970 6957 6956
6969 6961 6971
6972 6962 6901
6900 6972 6971
6906 6901 6971
6973 6971 6961
6964 6973 6973
6964 6966 6974
6908 6906 6973
6974 6908 6974
6975 6912 6968
6975 6974 6966
6896 6892 6976
6977 6895 6978
6976 6892 6978
6895 6916 6979
6915 6980 6979
6916 6980 6915
6927 6981 6981
6927 6930 6982
6982 6930 6943
6983 6943 6942
6984 6983 6984
6942 6958 6985
6985 6958 6957
6986 6957 6970
6987 6986 6970
6896 6977 6987
6988 6989 6913
6894 6990 6988
6894 6893 6897
6991 6990 6893
6897 6969 6992
6991 6992 6969
6956 6993 6955
6994 6993 6956
6941 6995 6994
6955 6944 6996
6995 6941 6929
6997 6996 6944
6997 6929 6928
6998 6928 6914
6999 6998 6989
6999 6914 6913
6918 6989 6988
6903 6903 6988
6990 6899 6990
6991 6900 6899
6900 6991 6992
6972 6993 6962
6972 6992 6994
6959 6962 6993
6947 6959 6994
6995 6996 6946
6947 6995 6997
6934 6946 6996
6998 6932 6934
6997 6998 6999
6920 6932 6999
6989 6918 6920
6754 6940 6939
6755 6747 6755
6939 6925 6926
6744 6747 6925
6744 6926 6911
6649 6910 6650
6649 6911 6655
6650 6910 6912
6975 6677 6655
6912 6681 6677
6975 6968 6967
6770 6681 6968
6967 6953 6762
6770 6763 6762
6953 6954 6754
6763 6954 6940
7000 7001 7002
7003 7004 7005
7006 7007 7008
7009 7010 7011
7005 7012 7013
7006 7014 7006
7013 7015 7016
7017 7018 7019
7020 7021 7022
7023 7024 7025
7026 7027 7027
7028 7029 7024
7029 7028 7030
7031 7031 7030
7032 7033 7034
7035 7036 7037
7034 7002 7001
7035 7038 7033
7032 7039 7040
7041 7042 7043
7024 7044 7045
7025 7024 7029
7046 7044 7047
7046 7029 7031
7043 7047 7031
7033 7038 7040
7043 7033 7015
7036 7035 7014
7001 7048 7014
7035 7001 7049
7050 7048 7000
7049 7001 7051
7007 7048 7050
7052 7004 7007
7051 7004 7053
7054 7005 7055
7056 7057 7058
7057 7059 7060
7058 7054 7061
7012 7005 7041
7062 7059 7042
7052 7063 7053
7004 7062 7064
7060 7059 7063
7065 7066 7053
7067 7068 7069
7070 7065 7071
7072 7066 7073
7067 7070 7074
7072 7071 7075
7076 7009 7077
7078 7010 7079
7080 7081 7082
7083 7056 7055
7084 7084 7055
7068 7085 7073
7086 7087 7067
7014 7048 7007
7006 7067 7087
7085 7068 7088
7089 7090 7091
7090 7092 7093
7091 7093 7092
7094 7095 7096
7097 7095 7094
7098 7097 7096
7099 7053 7100
7054 7058 7101
7055 7060 7054
7101 7058 7061
7054 7060 7064
7100 7101 7054
7102 7103 7104
7105 7106 7107
7108 7109 7110
7111 7112 7113
7114 7115 7110
7113 7089 7116
7117 7090 7092
7090 7117 7118
7094 7092 7118
7119 7094 7119
7120 7096 7117
7116 7121 7122
7123 7119 7118
7124 7119 7123
7125 7120 7126
7115 7127 7125
7127 7115 7114
7120 7125 7127
7128 7096 7120
7128 7121 7129
7130 7131 7121
7131 7122 7132
7133 7123 7124
7126 7125 7123
7133 7108 7107
7130 7129 7134
7105 7104 7135
7132 7111 7110
7133 7115 7126
7133 7110 7050
7049 7136 7137
7138 7051 7050
7137 7051 7138
7139 7052 7140
7063 7052 7139
7141 7065 7063
7140 7142 7071
7065 7141 7142
7143 7075 7071
7136 7144 7145
7137 7137 7145
7146 7138 7147
7139 7138 7146
7140 7139 7147
7148 7140 7148
7149 7141 7141
7149 7150 7142
7143 7142 7150
7151 7152 7151
7150 7153 7149
7154 7153 7150
7149 7148 7155
7154 7147 7156
7155 7148 7146
7157 7156 7147
7158 7157 7146
7145 7144 7159
7158 7145 7099
7096 7128 7099
7128 7127 7160
7160 7127 7114
7161 7099 7160
7162 7163 7164
7165 7166 7083
7112 7167 7113
7084 7085 7114
7087 7160 7114
7085 7160 7087
7086 7161 7055
7101 7069 7068
7168 7169 7072
7076 7072 7169
7170 7066 7100
7053 7066 7170
7168 7074 7070
7169 7070 7069
7170 7169 7069
7101 7100 7170
7171 7102 7105
7172 7172 7105
7134 7173 7174
7167 7112 7111
7111 7132 7175
7174 7103 7167
7174 7104 7176
7177 7178 7179
7135 7104 7174
7175 7131 7134
7135 7175 7106
7171 7172 7107
7176 7179 7180
7181 7134 7131
7130 7173 7173
7130 7107 7172
7182 7106 7109
7183 7184 7163
7162 7122 7124
7118 7117 7122
7131 7175 7124
7132 7124 7175
7062 7012 7061
7064 7012 7062
7041 7013 7040
7015 7013 7041
7040 7038 7036
7015 7039 7037
7036 7038 7093
7185 7186 7091
7091 7186 7187
7088 7188 7185
7093 7095 7097
7189 7188 7095
7190 7189 7097
7098 7074 7191
7192 7073 7193
7099 7161 7194
7073 7192 7195
7086 7088 7187
7196 7089 7190
7098 7099 7193
7197 7109 7108
7198 7199 7116
7089 7196 7116
7199 7200 7121
7129 7121 7200
7201 7201 7198
7108 7129 7197
7202 7183 7109
7194 7161 7086
7195 7203 7204
7168 7076 7074
7168 7204 7191
7075 7205 7203
7076 7205 7075
7143 7206 7151
7152 7207 7208
7143 7151 7208
7206 7209 7210
7211 7212 7213
7209 7212 7214
7215 7213 7214
7216 7216 7217
7218 7215 7219
7220 7218 7217
7221 7222 7223
7224 7225 7223
7222 7226 7226
7227 7228 7225
7229 7230 7228
7227 7230 7229
7231 7232 7233
7234 7235 7236
7237 7236 7235
7238 7239 7240
7237 7238 7241
7242 7240 7239
7243 7242 7241
7244 7243 7244
7245 7246 7246
7245 7247 7248
7249 7250 7248
7247 7251 7250
7249 7252 7251
7252 7253 7254
7254 7253 7255
7256 7255 7257
7258 7256 7257
7259 7260 7258
7208 7207 7210
7209 7208 7209
7213 7206 7215
7205 7206 7213
7218 7203 7205
7215 7218 7220
7204 7203 7261
7191 7204 7220
7262 7192 7191
7261 7263 7195
7192 7262 7194
7195 7263 7264
7264 7233 7193
7194 7193 7233
7236 7190 7190
7236 7237 7189
7189 7237 7240
7188 7188 7240
7242 7185 7185
7242 7243 7186
7186 7243 7246
7187 7196 7187
7246 7248 7250
7199 7196 7248
7199 7250 7251
7200 7251 7254
7201 7200 7198
7201 7254 7256
7198 7256 7258
7197 7197 7258
7260 7202 7261
7220 7224 7223
7224 7220 7219
7221 7219 7265
7222 7221 7225
7262 7261 7223
7265 7266 7226
7222 7228 7263
7262 7225 7267
7227 7226 7266
7228 7230 7264
7263 7229 7227
7267 7268 7264
7230 7232 7233
7231 7229 7268
7234 7234 7233
7232 7231 7164
7269 7165 7165
7080 7079 7162
7080 7165 7269
7178 7177 7167
7103 7179 7178
7103 7102 7171
7180 7179 7102
7180 7171 7106
7181 7184 7162
7079 7270 7271
7166 7167 7177
7084 7113 7112
7083 7270 7079
7082 7272 7272
7082 7273 7274
7275 7276 7273
7081 7275 7273
7082 7277 7275
7081 7278 7078
7077 7279 7278
7279 7280 7281
7282 7281 7280
7283 7284 7182
7285 7286 7285
7182 7287 7288
7288 7081 7080
7285 7281 7282
7164 7163 7278
7281 7163 7184
7286 7269 7164
7282 7285 7080
7269 7286 7184
7270 7078 7278
7272 7010 7078
7270 7011 7274
7273 7019 7272
7274 7011 7010
7276 7275 7023
7016 7019 7273
7276 7016 7275
7277 7020 7023
7288 7020 7277
7081 7166 7271
7279 7077 7280
7279 7271 7176
7177 7176 7271
7176 7181 7283
7280 7283 7106
7182 7284 7106
7283 7181 7046
7287 7182 7183
7287 7021 7020
7288 7284 7286
7282 7283 7046
7047 7022 7021
7046 7021 7287
7017 7016 7023
7022 7017 7042
7018 7008 7011
7019 7018 7008
7018 7056 7009
7056 7018 7057
7077 7009 7056
7083 7077 7083
7166 7022 7047
7043 7017 7042
7017 7043 7042
7059 7057 7018
7289 7290 7291
7292 7292 7293
7294 7289 7295
7294 7293 7296
7297 7295 7296
7298 7299 7300
7297 7298 7301
7300 7299 7302
7301 7302 7303
7304 7303 7291
7290 7304 7305
7306 7307 7308
7309 7306 7305
7310 7309 7311
7312 7306 7306
7312 7313 7307
7314 7315 7316
7317 7318 7319
7315 7314 7320
7321 7319 7318
7321 7320 7322
7323 7322 7324
7325 7323 7325
7324 7326 7327
7328 7329 7327
7326 7317 7316
7329 7328 7330
7331 7332 7333
7332 7331 7334
7335 7336 7335
7334 7337 7338
7339 7336 7337
7338 7340 7341
7339 7342 7343
7341 7340 7344
7345 7343 7342
7333 7345 7344
7330 7333 7332
7346 7347 7347
7348 7345 7333
7349 7343 7345
7348 7341 7343
7349 7350 7339
7341 7350 7351
7351 7352 7336
7339 7335 7336
7352 7353 7332
7335 7353 7346
7354 7347 7346
7355 7354 7356
7348 7347 7357
7349 7348 7356
7350 7349 7357
7358 7358 7359
7351 7350 7351
7359 7360 7352
7352 7360 7361
7353 7355 7346
7353 7361 7314
7317 7330 7344
7342 7318 7314
7344 7318 7342
7340 7320 7320
7340 7338 7322
7337 7324 7322
7338 7337 7334
7326 7324 7334
7331 7328 7326
7328 7331 7330
7317 7307 7355
7361 7308 7305
7308 7361 7360
7305 7360 7359
7310 7310 7359
7358 7309 7357
7311 7309 7358
7311 7357 7356
7312 7313 7312
7356 7354 7355
7307 7313 7354
7316 7362 7363
7329 7327 7329
7363 7364 7364
7365 7325 7327
7365 7366 7323
7325 7323 7366
7367 7321 7367
7368 7319 7321
7369 7315 7319
7368 7362 7316
7315 7369 7290
7289 7363 7362
7363 7289 7294
7364 7295 7365
7364 7294 7365
7295 7297 7366
7297 7300 7367
7366 7367 7300
7301 7368 7301
7304 7369 7368
7304 7290 7362
7369 7370 7371
7372 7373 7373
7374 7375 7370
7376 7375 7374
7377 7378 7376
7377 7379 7380
7381 7378 7379
7382 7381 7380
7383 7382 7383
7384 7385 7384
7372 7371 7385
7386 7387 7388
7389 7390 7387
7386 7391 7392
7387 7390 7393
7387 7392 7394
7388 7395 7396
7385 7371 7385
7396 7397 7382
7398 7381 7382
7397 7378 7381
7398 7399 7400
7376 7378 7399
7400 7401 7375
7376 7402 7370
7375 7401 7371
7370 7402 7395
7403 7404 7405
7406 7406 7405
7407 7408 7408
7407 7409 7410
7411 7412 7410
7409 7412 7411
7413 7414 7414
7413 7415 7416
7417 7416 7415
7418 7418 7404
7403 7417 7419
7420 7403 7406
7421 7417 7403
7420 7417 7421
7422 7416 7414
7416 7422 7423
7423 7424 7412
7414 7412 7424
7425 7410 7426
7408 7410 7425
7408 7426 7419
7406 7419 7427
7428 7420 7428
7429 7421 7420
7430 7422 7421
7429 7422 7430
7431 7423 7431
7432 7424 7423
7432 7433 7425
7424 7425 7433
7434 7426 7434
7427 7419 7426
7404 7418 7396
7395 7396 7418
7415 7397 7413
7398 7397 7415
7411 7399 7398
7413 7409 7400
7399 7411 7400
7409 7407 7401
7401 7407 7405
7402 7404 7395
7402 7405 7388
7427 7434 7389
7389 7434 7433
7386 7433 7432
7391 7386 7391
7432 7431 7390
7393 7390 7431
7430 7430 7429
7392 7393 7394
7392 7429 7428
7428 7427 7388
7394 7435 7436
7437 7438 7436
7439 7440 7437
7441 7440 7439
7442 7443 7441
7442 7444 7445
7446 7443 7444
7447 7446 7445
7448 7447 7448
7449 7450 7451
7450 7449 7452
7453 7454 7455
7456 7456 7457
7458 7453 7459
7460 7458 7457
7459 7461 7462
7460 7463 7464
7462 7461 7465
7466 7464 7463
7466 7465 7467
7468 7467 7469
7470 7468 7436
7435 7454 7453
7439 7436 7453
7458 7458 7460
7442 7439 7462
7444 7442 7460
7444 7462 7464
7445 7464 7466
7448 7445 7468
7449 7448 7466
7449 7468 7470
7452 7470 7469
7471 7452 7472
7473 7474 7475
7476 7477 7478
7479 7480 7481
7482 7483 7484
7477 7476 7485
7486 7485 7476
7487 7488 7489
7490 7491 7492
7493 7494 7495
7496 7497 7498
7499 7500 7499
7498 7501 7502
7503 7500 7501
7503 7502 7504
7505 7506 7507
7508 7509 7508
7475 7474 7509
7510 7505 7504
7511 7512 7513
7514 7515 7516
7498 7497 7517
7498 7516 7518
7501 7519 7502
7501 7518 7502
7519 7515 7504
7515 7514 7511
7504 7487 7508
7507 7486 7487
7520 7475 7508
7521 7472 7475
7520 7472 7521
7522 7523 7521
7520 7479 7524
7523 7479 7478
7525 7526 7478
7477 7527 7528
7529 7530 7531
7529 7528 7532
7525 7477 7484
7533 7513 7512
7531 7534 7524
7478 7526 7535
7532 7536 7534
7531 7537 7538
7535 7526 7539
7540 7541 7542
7537 7543 7544
7538 7545 7540
7539 7546 7547
7544 7543 7548
7549 7481 7480
7550 7551 7552
7553 7554 7555
7527 7530 7556
7542 7527 7555
7557 7558 7559
7546 7539 7479
7520 7487 7476
7558 7539 7542
7557 7560 7561
7562 7563 7563
7564 7565 7560
7566 7565 7564
7567 7568 7566
7567 7569 7570
7568 7569 7571
7526 7525 7572
7528 7527 7573
7528 7525 7533
7536 7536 7532
7528 7528 7573
7572 7525 7574
7575 7576 7577
7578 7579 7580
7581 7582 7583
7584 7585 7584
7586 7587 7585
7561 7560 7588
7589 7588 7560
7565 7590 7565
7566 7591 7590
7566 7568 7592
7591 7589 7588
7593 7594 7595
7590 7591 7596
7591 7592 7597
7596 7598 7587
7586 7599 7598
7599 7597 7597
7592 7600 7598
7568 7600 7592
7593 7601 7602
7603 7594 7593
7603 7595 7596
7604 7605 7604
7596 7597 7599
7580 7603 7602
7581 7574 7577
7606 7607 7604
7584 7583 7605
7586 7584 7604
7599 7522 7521
7608 7609 7523
7610 7608 7521
7524 7611 7610
7523 7611 7524
7535 7612 7612
7535 7538 7613
7614 7613 7538
7544 7547 7615
7614 7544 7608
7616 7617 7609
7616 7608 7610
7618 7618 7610
7611 7619 7619
7611 7612 7620
7613 7621 7620
7612 7614 7622
7621 7613 7622
7614 7615 7623
7624 7625 7622
7623 7625 7626
7621 7622 7627
7620 7621 7626
7627 7628 7619
7620 7619 7628
7629 7618 7629
7630 7616 7618
7616 7630 7631
7617 7570 7600
7568 7632 7587
7598 7600 7632
7600 7570 7633
7632 7570 7634
7635 7636 7637
7556 7638 7639
7582 7557 7555
7585 7587 7558
7557 7587 7632
7559 7558 7632
7633 7542 7541
7573 7527 7640
7548 7543 7641
7537 7642 7641
7543 7572 7642
7537 7526 7540
7545 7640 7641
7541 7540 7641
7642 7572 7573
7541 7642 7577
7576 7643 7644
7606 7577 7644
7645 7639 7646
7583 7582 7647
7605 7583 7646
7574 7646 7639
7575 7648 7649
7650 7651 7607
7647 7646 7574
7606 7601 7647
7607 7643 7578
7581 7644 7648
7652 7653 7649
7645 7602 7601
7606 7581 7602
7645 7644 7654
7579 7578 7655
7656 7634 7637
7595 7593 7588
7590 7595 7647
7601 7593 7605
7647 7595 7536
7533 7484 7534
7485 7513 7534
7484 7514 7513
7485 7486 7486
7507 7511 7514
7510 7511 7507
7506 7657 7564
7563 7658 7563
7562 7659 7658
7657 7660 7567
7564 7567 7660
7661 7569 7571
7569 7661 7662
7545 7546 7663
7664 7665 7633
7570 7666 7663
7546 7559 7667
7561 7668 7659
7562 7570 7571
7662 7666 7669
7580 7579 7670
7668 7561 7589
7671 7671 7589
7594 7672 7672
7594 7603 7673
7673 7603 7580
7669 7579 7654
7674 7670 7667
7559 7633 7665
7640 7675 7676
7548 7675 7640
7545 7664 7676
7677 7547 7548
7678 7615 7547
7677 7679 7624
7623 7680 7623
7615 7678 7680
7681 7682 7683
7684 7685 7686
7684 7683 7685
7687 7688 7686
7687 7689 7690
7688 7691 7690
7689 7692 7693
7694 7695 7696
7694 7693 7697
7698 7697 7699
7700 7698 7700
7699 7701 7702
7702 7701 7703
7704 7705 7706
7707 7708 7709
7706 7705 7710
7710 7711 7712
7709 7713 7714
7712 7711 7714
7713 7715 7716
7715 7717 7718
7716 7718 7717
7719 7720 7720
7719 7721 7722
7723 7724 7722
7721 7724 7723
7725 7726 7727
7726 7725 7728
7729 7730 7727
7728 7729 7731
7732 7730 7680
7683 7682 7679
7678 7685 7683
7680 7678 7677
7687 7685 7677
7676 7689 7687
7689 7676 7675
7692 7733 7692
7675 7664 7664
7663 7734 7733
7663 7667 7735
7734 7735 7667
7665 7736 7666
7708 7736 7665
7705 7708 7666
7662 7661 7710
7705 7662 7660
7711 7710 7661
7713 7711 7660
7657 7658 7715
7713 7657 7659
7717 7715 7658
7717 7659 7668
7719 7719 7668
7671 7721 7721
7671 7672 7723
7672 7673 7725
7723 7673 7669
7728 7725 7728
7669 7670 7729
7674 7731 7729
7670 7696 7692
7733 7693 7695
7691 7692 7696
7694 7737 7691
7695 7697 7693
7733 7734 7694
7698 7738 7737
7734 7735 7699
7697 7698 7700
7739 7738 7735
7736 7701 7699
7739 7700 7702
7740 7701 7736
7708 7703 7702
7704 7707 7740
7708 7707 7704
7703 7636 7635
7741 7635 7634
7553 7741 7553
7634 7554 7650
7575 7639 7651
7650 7649 7576
7575 7576 7649
7653 7643 7578
7643 7653 7652
7554 7634 7656
7742 7638 7743
7651 7639 7582
7585 7555 7556
7551 7554 7742
7744 7744 7745
7746 7551 7747
7746 7748 7551
7746 7747 7552
7749 7552 7747
7750 7549 7550
7751 7752 7753
7750 7751 7754
7753 7752 7755
7756 7655 7757
7758 7759 7655
7756 7760 7756
7553 7552 7760
7637 7636 7755
7752 7751 7656
7637 7752 7758
7755 7636 7741
7758 7741 7553
7756 7742 7656
7751 7550 7742
7550 7480 7744
7746 7745 7483
7491 7483 7745
7744 7480 7495
7747 7748 7490
7490 7748 7746
7491 7747 7495
7494 7749 7760
7552 7749 7494
7638 7549 7750
7743 7750 7753
7651 7743 7651
7753 7648 7754
7652 7648 7753
7757 7578 7652
7754 7578 7757
7655 7655 7759
7518 7654 7760
7494 7493 7759
7755 7758 7757
7754 7519 7518
7493 7492 7518
7759 7493 7495
7490 7489 7492
7489 7488 7512
7482 7488 7491
7483 7482 7530
7529 7488 7530
7482 7481 7530
7549 7638 7556
7549 7530 7481
7489 7515 7519
7492 7512 7515
7489 7512 7488
7529 7531 7761
7762 7763 7764
7764 7765 7766
7761 7767 7766
7765 7768 7769
7767 7768 7770
7771 7772 7769
7770 7771 7773
7774 7772 7775
7774 7773 7776
7776 7763 7762
7775 7777 7778
7779 7780 7780
7779 7781 7782
7783 7781 7779
7784 7785 7784
7779 7778 7786
7787 7788 7789
7790 7791 7789
7788 7792 7793
7791 7790 7793
7792 7794 7795
7794 7796 7797
7795 7797 7796
7798 7799 7799
7798 7800 7801
7800 7787 7786
7801 7802 7803
7804 7805 7805
7804 7806 7807
7807 7806 7808
7809 7808 7810
7811 7809 7810
7812 7813 7811
7814 7815 7813
7812 7816 7817
7815 7814 7803
7802 7817 7816
7803 7818 7819
7804 7820 7818
7803 7816 7821
7820 7816 7814
7812 7822 7821
7814 7822 7812
7810 7823 7808
7824 7823 7810
7825 7824 7808
7806 7806 7804
7819 7825 7826
7819 7818 7827
7820 7828 7827
7818 7820 7821
7829 7828 7829
7821 7822 7830
7823 7831 7830
7822 7824 7832
7831 7823 7833
7832 7824 7825
7825 7819 7826
7833 7789 7817
7802 7786 7815
7817 7789 7791
7813 7815 7791
7793 7813 7793
7795 7811 7795
7797 7809 7811
7809 7797 7799
7807 7807 7799
7801 7805 7802
7805 7801 7786
7777 7833 7826
7778 7833 7777
7780 7832 7780
7782 7831 7832
7781 7830 7831
7782 7830 7781
7783 7829 7829
7783 7784 7828
7785 7827 7828
7784 7827 7785
7778 7826 7834
7787 7800 7835
7800 7798 7836
7835 7796 7837
7836 7798 7838
7837 7796 7794
7792 7839 7838
7794 7839 7792
7790 7840 7840
7790 7788 7841
7834 7841 7788
7787 7835 7764
7763 7834 7836
7765 7764 7835
7765 7836 7837
7768 7838 7770
7768 7837 7770
7838 7839 7771
7839 7840 7773
7771 7773 7840
7841 7776 7776
7841 7834 7763
7842 7843 7844
7845 7844 7846
7847 7845 7848
7847 7846 7849
7850 7848 7849
7851 7850 7851
7852 7853 7852
7854 7855 7853
7856 7855 7854
7857 7843 7842
7856 7857 7858
7859 7860 7861
7862 7863 7861
7860 7864 7862
7860 7865 7866
7865 7860 7859
7867 7843 7857
7868 7854 7869
7868 7857 7870
7869 7854 7852
7851 7871 7870
7852 7851 7849
7872 7871 7846
7873 7872 7849
7846 7844 7874
7873 7874 7844
7843 7867 7875
7876 7877 7878
7875 7878 7879
7880 7880 7879
7881 7882 7882
7881 7883 7884
7885 7886 7884
7883 7886 7885
7887 7888 7889
7888 7887 7890
7876 7889 7890
7877 7891 7892
7878 7877 7890
7893 7891 7877
7893 7890 7887
7894 7894 7887
7885 7895 7896
7895 7885 7883
7897 7896 7883
7881 7897 7881
7879 7898 7878
7892 7898 7879
7899 7900 7892
7891 7891 7893
7901 7899 7893
7894 7902 7901
7895 7903 7902
7894 7903 7895
7896 7904 7897
7905 7904 7896
7898 7906 7905
7897 7892 7900
7906 7898 7876
7867 7868 7889
7868 7869 7888
7889 7888 7869
7870 7886 7870
7871 7884 7886
7871 7872 7882
7884 7872 7873
7880 7882 7875
7880 7873 7874
7874 7867 7876
7875 7859 7858
7906 7900 7906
7858 7861 7905
7861 7863 7904
7905 7904 7863
7862 7903 7864
7902 7903 7862
7864 7865 7901
7902 7866 7899
7901 7865 7859
7900 7899 7866
7907 7908 7909
7910 7907 7911
7912 7908 7913
7912 7911 7914
7915 7913 7914
7916 7917 7918
7915 7916 7917
7919 7920 7918
7921 7920 7919
7922 7923 7921
7922 7924 7925
7926 7927 7928
7927 7929 7930
7928 7929 7931
7932 7930 7931
7933 7934 7932
7935 7936 7934
7933 7936 7935
7937 7938 7938
7937 7939 7940
7939 7941 7942
7940 7908 7927
7926 7909 7912
7929 7927 7908
7913 7931 7929
7912 7931 7913
7915 7933 7935
7933 7915 7918
7935 7918 7920
7937 7921 7939
7937 7920 7923
7941 7939 7921
7923 7943 7942
